rank,hex_id,lon,lat,hex_size,dept,wind_speed,slope,dist_to_grid,dist_to_roads,land_use,protected_area,conflict_risk,wind_speed_norm,slope_norm,dist_to_grid_norm,dist_to_roads_norm,land_use_norm,protected_area_norm,conflict_risk_norm,suitability_score,contrib_wind_speed_norm,contrib_slope_norm,contrib_dist_to_grid_norm,contrib_dist_to_roads_norm,contrib_land_use_norm,contrib_protected_area_norm,contrib_conflict_risk_norm
1,H03334,-69.0909,2.5666,0.1000,Colombia,9.3425,0.6037,4.6580,12.8935,0.9096,0.3468,0.2907,0.8907,0.9799,0.9534,0.7422,0.9097,0.6535,0.7092,0.8272,0.3015,0.1764,0.0430,0.0302,0.0345,0.1418,0.0998
2,H00412,-76.4409,3.8657,0.1000,Colombia,9.7036,4.6895,43.8299,18.8418,0.3843,0.3057,0.1289,0.9509,0.8436,0.5615,0.6231,0.3842,0.6947,0.8711,0.8124,0.3219,0.1519,0.0253,0.0253,0.0146,0.1508,0.1226
3,H02027,-72.6909,-0.5511,0.1000,Colombia,9.8878,9.8022,16.9058,18.5587,0.5104,0.3084,0.2242,0.9816,0.6731,0.8309,0.6288,0.5103,0.6920,0.7758,0.7952,0.3323,0.1212,0.0375,0.0256,0.0193,0.1502,0.1092
4,H03502,-68.1909,4.8183,0.1000,Colombia,9.9834,1.9749,75.6553,21.1762,0.4338,0.4300,0.2272,0.9975,0.9342,0.2431,0.5764,0.4337,0.5703,0.7727,0.7893,0.3377,0.1682,0.0110,0.0234,0.0164,0.1238,0.1088
5,H00446,-76.2909,1.1810,0.1000,Colombia,9.9160,6.3096,74.9315,15.8970,0.4525,0.3318,0.2101,0.9863,0.7896,0.2503,0.6821,0.4524,0.6686,0.7899,0.7885,0.3339,0.1422,0.0113,0.0277,0.0171,0.1451,0.1112
6,H01664,-73.4409,1.9604,0.1000,Colombia,9.9529,10.2908,0.9700,43.1979,0.5067,0.3776,0.0954,0.9924,0.6568,0.9903,0.1358,0.5066,0.6227,0.9046,0.7861,0.3360,0.1183,0.0447,0.0055,0.0192,0.1351,0.1273
7,H00115,-77.3409,1.7872,0.1000,Colombia,9.2288,4.5142,26.7774,15.7528,0.3353,0.3680,0.1037,0.8717,0.8495,0.7321,0.6849,0.3351,0.6324,0.8963,0.7850,0.2951,0.1530,0.0330,0.0278,0.0127,0.1373,0.1262
8,H00923,-75.0909,5.8575,0.1000,Colombia,8.7991,2.4472,94.3021,0.5117,0.8434,0.3867,0.0005,0.8001,0.9184,0.0565,0.9899,0.8434,0.6136,0.9995,0.7848,0.2709,0.1654,0.0026,0.0402,0.0319,0.1332,0.1407
9,H00182,-77.1909,6.3771,0.1000,Colombia,9.5482,3.0980,25.4147,23.4583,0.7579,0.3065,0.4684,0.9250,0.8967,0.7458,0.5308,0.7579,0.6939,0.5314,0.7839,0.3131,0.1615,0.0336,0.0216,0.0287,0.1506,0.0748
10,H01157,-74.4909,0.8346,0.1000,Colombia,9.2852,7.0426,33.3242,12.1165,0.7026,0.3320,0.1948,0.8811,0.7652,0.6666,0.7577,0.7026,0.6684,0.8052,0.7819,0.2983,0.1378,0.0301,0.0308,0.0266,0.1451,0.1134
11,H01223,-74.3409,0.4016,0.1000,Colombia,9.6617,1.1943,44.1547,43.1722,0.7597,0.3293,0.4103,0.9439,0.9602,0.5583,0.1363,0.7597,0.6711,0.5896,0.7806,0.3195,0.1729,0.0252,0.0055,0.0288,0.1457,0.0830
12,H00568,-75.9909,4.4719,0.1000,Colombia,9.4250,9.4572,23.3580,4.9385,0.4875,0.3814,0.1071,0.9044,0.6846,0.7663,0.9013,0.4874,0.6189,0.8929,0.7791,0.3062,0.1233,0.0345,0.0366,0.0185,0.1343,0.1257
13,H02408,-71.7909,-0.2047,0.1000,Colombia,9.9282,2.9771,43.7777,14.6739,0.2137,0.4837,0.2638,0.9883,0.9007,0.5620,0.7065,0.2135,0.5166,0.7362,0.7746,0.3346,0.1622,0.0253,0.0287,0.0081,0.1121,0.1036
14,H00998,-74.9409,7.6762,0.1000,Colombia,9.7014,3.2704,58.9332,33.5332,0.6796,0.4677,0.1599,0.9505,0.8910,0.4104,0.3292,0.6795,0.5326,0.8401,0.7737,0.3218,0.1604,0.0185,0.0134,0.0257,0.1156,0.1183
15,H03041,-70.1409,0.4016,0.1000,Colombia,9.8241,7.5358,43.2334,33.4971,0.2740,0.4229,0.0436,0.9710,0.7487,0.5675,0.3299,0.2739,0.5774,0.9564,0.7728,0.3287,0.1348,0.0256,0.0134,0.0104,0.1253,0.1346
16,H01667,-73.4409,2.4800,0.1000,Colombia,9.5836,5.3749,57.8585,7.8844,0.3806,0.5365,0.0017,0.9309,0.8208,0.4212,0.8424,0.3804,0.4637,0.9984,0.7718,0.3151,0.1478,0.0190,0.0343,0.0144,0.1006,0.1406
17,H00471,-76.2909,5.5111,0.1000,Colombia,9.8193,3.9292,75.0790,30.1051,0.5025,0.4634,0.1261,0.9702,0.8690,0.2489,0.3978,0.5024,0.5369,0.8739,0.7709,0.3284,0.1565,0.0112,0.0162,0.0190,0.1165,0.1230
18,H03506,-68.1909,5.5111,0.1000,Colombia,9.8403,3.6744,77.6152,22.8256,0.8424,0.6256,0.0242,0.9737,0.8775,0.2235,0.5434,0.8425,0.3745,0.9758,0.7703,0.3296,0.1580,0.0101,0.0221,0.0319,0.0813,0.1374
19,H01610,-73.5909,5.5111,0.1000,Colombia,9.2805,1.7218,57.3500,7.4837,0.2678,0.5030,0.0935,0.8803,0.9426,0.4262,0.8504,0.2676,0.4972,0.9065,0.7672,0.2980,0.1697,0.0192,0.0346,0.0101,0.1079,0.1276
20,H00140,-77.3409,6.8101,0.1000,Colombia,9.7747,5.7183,67.4187,10.6919,0.1559,0.3261,0.3218,0.9627,0.8093,0.3255,0.7862,0.1557,0.6742,0.6782,0.7659,0.3259,0.1457,0.0147,0.0320,0.0059,0.1463,0.0955
21,H02511,-71.6409,12.3527,0.1000,Colombia,9.3008,15.2918,3.2977,1.7776,0.8019,0.3452,0.1491,0.8837,0.4901,0.9671,0.9646,0.8020,0.6552,0.8509,0.7626,0.2992,0.0882,0.0436,0.0392,0.0304,0.1422,0.1198
22,H02213,-72.3909,11.2269,0.1000,Colombia,9.7769,10.8462,37.9901,41.0427,0.7488,0.4205,0.0614,0.9631,0.6383,0.6199,0.1789,0.7488,0.5798,0.9387,0.7625,0.3260,0.1149,0.0279,0.0073,0.0284,0.1258,0.1321
23,H02661,-71.1909,3.6058,0.1000,Colombia,9.2809,7.6700,8.4271,27.5875,0.5274,0.4526,0.0660,0.8804,0.7442,0.9157,0.4481,0.5273,0.5477,0.9340,0.7619,0.2980,0.1340,0.0413,0.0182,0.0200,0.1189,0.1315
24,H02888,-70.5909,5.1647,0.1000,Colombia,8.8653,0.2991,9.4210,39.4537,0.6340,0.5075,0.0935,0.8111,0.9901,0.9058,0.2107,0.6339,0.4928,0.9065,0.7608,0.2746,0.1783,0.0408,0.0086,0.0240,0.1070,0.1276
25,H02356,-71.9409,0.7480,0.1000,Colombia,9.4147,6.0273,18.0655,25.4557,0.3321,0.4084,0.1950,0.9027,0.7990,0.8193,0.4908,0.3319,0.5919,0.8050,0.7607,0.3056,0.1439,0.0369,0.0199,0.0126,0.1285,0.1133
26,H00996,-74.9409,7.3298,0.1000,Colombia,9.5039,1.8729,35.9543,29.6826,0.8664,0.4458,0.4545,0.9176,0.9376,0.6403,0.4062,0.8664,0.5545,0.5454,0.7548,0.3106,0.1688,0.0289,0.0165,0.0328,0.1203,0.0768
27,H02247,-72.2409,2.8264,0.1000,Colombia,8.9882,0.2239,88.0252,8.4920,0.9736,0.3822,0.4096,0.8316,0.9926,0.1193,0.8302,0.9737,0.6181,0.5903,0.7535,0.2815,0.1787,0.0054,0.0338,0.0369,0.1341,0.0831
28,H01185,-74.4909,5.6843,0.1000,Colombia,9.6234,3.7154,4.7958,25.1199,0.9392,0.4031,0.6514,0.9375,0.8761,0.9521,0.4975,0.9393,0.5972,0.3484,0.7525,0.3174,0.1577,0.0429,0.0202,0.0356,0.1296,0.0490
29,H03310,-69.2409,2.8264,0.1000,Colombia,8.3364,1.1867,10.4554,41.6245,0.7084,0.3884,0.0924,0.7229,0.9605,0.8954,0.1673,0.7084,0.6120,0.9076,0.7523,0.2447,0.1729,0.0404,0.0068,0.0268,0.1328,0.1278
30,H02503,-71.6409,6.2905,0.1000,Colombia,9.7363,7.9514,78.2934,21.5358,0.6618,0.4974,0.0914,0.9563,0.7349,0.2167,0.5692,0.6618,0.5028,0.9087,0.7511,0.3237,0.1323,0.0098,0.0231,0.0251,0.1091,0.1279
31,H03197,-69.6909,-2.4563,0.1000,Colombia,9.2579,0.3846,83.8657,31.3427,0.9189,0.6338,0.0085,0.8766,0.9872,0.1609,0.3730,0.9190,0.3664,0.9916,0.7508,0.2968,0.1777,0.0073,0.0152,0.0348,0.0795,0.1396
32,H01370,-74.0409,1.4408,0.1000,Colombia,9.8284,4.5943,41.8363,22.1435,0.7308,0.4307,0.5182,0.9717,0.8468,0.5815,0.5571,0.7307,0.5696,0.4816,0.7494,0.3290,0.1525,0.0262,0.0226,0.0277,0.1236,0.0678
33,H02326,-72.0909,5.8575,0.1000,Colombia,8.9272,7.0298,10.6920,21.7118,0.3628,0.3491,0.1833,0.8214,0.7656,0.8931,0.5657,0.3627,0.6513,0.8167,0.7492,0.2781,0.1379,0.0403,0.0230,0.0137,0.1414,0.1150
34,H02286,-72.0909,-1.0707,0.1000,Colombia,9.8292,16.2882,46.9435,9.1238,0.8425,0.3039,0.3082,0.9718,0.4568,0.5304,0.8176,0.8425,0.6965,0.6917,0.7488,0.3290,0.0823,0.0239,0.0332,0.0319,0.1512,0.0974
35,H01838,-73.1409,5.5977,0.1000,Colombia,9.5685,12.3343,3.0497,10.5210,0.5026,0.3628,0.3265,0.9283,0.5887,0.9695,0.7896,0.5026,0.6375,0.6735,0.7483,0.3142,0.1060,0.0437,0.0321,0.0190,0.1384,0.0948
36,H01180,-74.4909,4.8183,0.1000,Colombia,9.7780,9.6120,44.8485,3.0223,0.4605,0.3571,0.4356,0.9633,0.6795,0.5513,0.9397,0.4604,0.6433,0.5643,0.7480,0.3261,0.1223,0.0249,0.0382,0.0174,0.1396,0.0794
37,H00937,-75.0909,8.2824,0.1000,Colombia,9.4858,4.6135,68.5539,35.7428,0.8022,0.3780,0.3273,0.9146,0.8462,0.3141,0.2850,0.8022,0.6223,0.6726,0.7479,0.3096,0.1524,0.0142,0.0116,0.0304,0.1351,0.0947
38,H00811,-75.3909,8.1092,0.1000,Colombia,9.0334,7.1077,26.8276,47.5142,0.6083,0.3502,0.1095,0.8391,0.7630,0.7316,0.0494,0.6083,0.6502,0.8905,0.7459,0.2841,0.1374,0.0330,0.0020,0.0230,0.1411,0.1254
39,H01655,-73.4409,0.4016,0.1000,Colombia,9.6217,5.7803,68.9702,40.3357,0.8839,0.4985,0.1599,0.9372,0.8073,0.3100,0.1931,0.8839,0.5017,0.8401,0.7451,0.3173,0.1454,0.0140,0.0078,0.0335,0.1089,0.1183
40,H01584,-73.5909,1.0078,0.1000,Colombia,9.9267,8.4830,65.4621,32.2958,0.3600,0.4707,0.1322,0.9881,0.7171,0.3451,0.3539,0.3598,0.5296,0.8678,0.7443,0.3345,0.1291,0.0156,0.0144,0.0136,0.1149,0.1222
41,H01634,-73.5909,9.6680,0.1000,Colombia,9.5631,14.2533,1.2756,4.4156,0.8797,0.5532,0.1296,0.9274,0.5247,0.9873,0.9118,0.8797,0.4471,0.8704,0.7429,0.3140,0.0945,0.0445,0.0371,0.0333,0.0970,0.1225
42,H02657,-71.1909,2.9130,0.1000,Colombia,9.1021,1.9688,80.3885,8.2108,0.2907,0.4719,0.1793,0.8506,0.9344,0.1957,0.8359,0.2905,0.5284,0.8207,0.7402,0.2879,0.1682,0.0088,0.0340,0.0110,0.1147,0.1155
43,H02735,-71.0409,6.9833,0.1000,Colombia,8.7111,0.2207,56.5456,7.6873,0.4050,0.4509,0.2441,0.7854,0.9927,0.4343,0.8463,0.4049,0.5494,0.7559,0.7396,0.2659,0.1787,0.0196,0.0344,0.0153,0.1192,0.1064
44,H01419,-74.0409,9.9278,0.1000,Colombia,9.6033,4.9877,21.3737,38.8416,0.2234,0.4035,0.3591,0.9341,0.8337,0.7862,0.2229,0.2232,0.5968,0.6408,0.7390,0.3162,0.1501,0.0354,0.0091,0.0084,0.1295,0.0902
45,H02539,-71.4909,2.3934,0.1000,Colombia,8.6135,5.6204,18.0424,22.2983,0.1368,0.3981,0.0275,0.7691,0.8126,0.8195,0.5540,0.1365,0.6022,0.9725,0.7389,0.2604,0.1463,0.0369,0.0225,0.0052,0.1307,0.1369
46,H02073,-72.6909,7.4164,0.1000,Colombia,9.2670,4.3984,50.5166,2.7983,0.1610,0.4937,0.2355,0.8781,0.8533,0.4946,0.9442,0.1608,0.5065,0.7644,0.7352,0.2973,0.1536,0.0223,0.0384,0.0061,0.1099,0.1076
47,H01478,-73.8909,7.7628,0.1000,Colombia,8.7869,3.5392,6.7796,29.3683,0.2522,0.4447,0.1677,0.7980,0.8820,0.9322,0.4125,0.2520,0.5556,0.8323,0.7350,0.2701,0.1588,0.0420,0.0168,0.0095,0.1206,0.1172
48,H01122,-74.6409,6.2905,0.1000,Colombia,9.1728,10.4650,85.2439,5.0016,0.2064,0.3260,0.0945,0.8624,0.6510,0.1471,0.9001,0.2062,0.6744,0.9055,0.7340,0.2919,0.1172,0.0066,0.0366,0.0078,0.1464,0.1275
49,H01895,-72.9909,2.0470,0.1000,Colombia,8.3984,3.9985,96.1762,33.3213,0.9830,0.3219,0.0876,0.7333,0.8667,0.0378,0.3334,0.9831,0.6785,0.9124,0.7325,0.2482,0.1560,0.0017,0.0135,0.0372,0.1473,0.1284
50,H02020,-72.6909,-1.7635,0.1000,Colombia,9.7804,1.7101,4.2334,38.9494,0.3724,0.5769,0.4442,0.9637,0.9430,0.9577,0.2208,0.3723,0.4233,0.5557,0.7324,0.3262,0.1698,0.0432,0.0090,0.0141,0.0919,0.0782
51,H01906,-72.9909,3.9523,0.1000,Colombia,9.7484,17.3206,66.0974,6.8534,0.6545,0.4675,0.0058,0.9583,0.4224,0.3387,0.8630,0.6545,0.5327,0.9942,0.7312,0.3244,0.0761,0.0153,0.0351,0.0248,0.1156,0.1400
52,H01971,-72.8409,2.3068,0.1000,Colombia,8.9902,12.8068,44.2937,39.6125,0.7155,0.3137,0.0294,0.8319,0.5729,0.5569,0.2075,0.7154,0.6867,0.9706,0.7311,0.2816,0.1032,0.0251,0.0084,0.0271,0.1490,0.1366
53,H00869,-75.2409,7.5030,0.1000,Colombia,9.6767,6.3032,58.4757,10.3073,0.4882,0.4359,0.4566,0.9464,0.7898,0.4150,0.7939,0.4881,0.5644,0.5432,0.7310,0.3204,0.1422,0.0187,0.0323,0.0185,0.1225,0.0765
54,H00540,-76.1409,8.7154,0.1000,Colombia,9.7243,0.3869,50.3889,24.0718,0.4997,0.6059,0.4169,0.9543,0.9871,0.4959,0.5185,0.4996,0.3943,0.5830,0.7308,0.3231,0.1777,0.0224,0.0211,0.0189,0.0856,0.0821
55,H03392,-68.7909,3.7791,0.1000,Colombia,9.3287,0.0072,61.4771,13.5944,0.6135,0.3666,0.7072,0.8884,0.9998,0.3849,0.7281,0.6135,0.6338,0.2926,0.7297,0.3008,0.1800,0.0174,0.0296,0.0232,0.1376,0.0412
56,H00389,-76.5909,8.4556,0.1000,Colombia,8.8410,4.4775,43.8034,9.3373,0.3994,0.3740,0.3379,0.8071,0.8507,0.5618,0.8133,0.3993,0.6263,0.6620,0.7290,0.2732,0.1532,0.0253,0.0331,0.0151,0.1359,0.0932
57,H00715,-75.5409,1.9604,0.1000,Colombia,9.5772,8.4100,14.0869,20.7034,0.7143,0.5948,0.2451,0.9298,0.7196,0.8591,0.5859,0.7143,0.4054,0.7548,0.7282,0.3148,0.1296,0.0387,0.0238,0.0271,0.0880,0.1062
58,H00080,-77.6409,7.1566,0.1000,Colombia,9.1786,0.9031,96.6866,10.7377,0.3291,0.4322,0.3567,0.8633,0.9699,0.0327,0.7853,0.3289,0.5681,0.6432,0.7266,0.2923,0.1746,0.0015,0.0319,0.0125,0.1233,0.0905
59,H00395,-76.4409,0.9212,0.1000,Colombia,9.5845,1.0402,65.0607,11.5483,0.8618,0.5175,0.6241,0.9310,0.9653,0.3491,0.7691,0.8619,0.4828,0.3757,0.7263,0.3152,0.1738,0.0157,0.0313,0.0326,0.1048,0.0529
60,H01155,-74.4909,0.4882,0.1000,Colombia,8.5163,0.2095,49.1514,32.7153,0.3089,0.3618,0.2595,0.7529,0.9930,0.5083,0.3455,0.3087,0.6386,0.7405,0.7252,0.2549,0.1788,0.0229,0.0140,0.0117,0.1386,0.1042
61,H01238,-74.3409,2.9996,0.1000,Colombia,9.8092,10.2777,29.4931,10.5519,0.6219,0.3375,0.6632,0.9685,0.6573,0.7050,0.7890,0.6218,0.6628,0.3366,0.7249,0.3279,0.1183,0.0318,0.0321,0.0236,0.1439,0.0474
62,H01689,-73.4409,6.2905,0.1000,Colombia,8.5889,12.9852,57.0853,7.4716,0.8874,0.3267,0.0862,0.7650,0.5670,0.4289,0.8507,0.8874,0.6737,0.9138,0.7234,0.2590,0.1021,0.0193,0.0346,0.0336,0.1462,0.1286
63,H02968,-70.2909,-1.4171,0.1000,Colombia,9.6825,2.5986,20.1461,8.7205,0.9899,0.9999,0.0971,0.9474,0.9134,0.7985,0.8257,0.9900,0.0000,0.9029,0.7193,0.3207,0.1645,0.0360,0.0336,0.0375,0.0000,0.1271
64,H00053,-77.7909,1.0078,0.1000,Colombia,9.3690,0.7491,62.2549,6.3927,0.2312,0.4674,0.5521,0.8951,0.9750,0.3772,0.8722,0.2310,0.5329,0.4478,0.7185,0.3030,0.1756,0.0170,0.0355,0.0088,0.1157,0.0630
65,H01205,-74.4909,9.1484,0.1000,Colombia,8.6224,8.5255,24.6747,13.8882,0.8176,0.4165,0.2404,0.7706,0.7157,0.7532,0.7223,0.8176,0.5838,0.7596,0.7177,0.2609,0.1289,0.0340,0.0294,0.0310,0.1267,0.1069
66,H01472,-73.8909,6.7235,0.1000,Colombia,9.2711,1.8584,32.2979,9.4087,0.8884,0.4201,0.8007,0.8788,0.9381,0.6769,0.8119,0.8884,0.5802,0.1990,0.7175,0.2975,0.1689,0.0305,0.0330,0.0336,0.1259,0.0280
67,H00247,-76.8909,0.8346,0.1000,Colombia,9.7999,11.2037,1.2765,2.0007,0.4717,0.7798,0.0893,0.9669,0.6264,0.9873,0.9601,0.4716,0.2203,0.9107,0.7175,0.3273,0.1128,0.0445,0.0390,0.0179,0.0478,0.1282
68,H00614,-75.8409,3.1728,0.1000,Colombia,9.2415,5.6981,82.0736,43.4670,0.9318,0.3570,0.3814,0.8738,0.8100,0.1789,0.1304,0.9318,0.6434,0.6185,0.7170,0.2958,0.1458,0.0081,0.0053,0.0353,0.1396,0.0871
69,H00383,-76.5909,7.4164,0.1000,Colombia,9.2648,15.8982,39.7187,13.3530,0.5794,0.4688,0.0035,0.8777,0.4698,0.6026,0.7330,0.5793,0.5315,0.9966,0.7163,0.2971,0.0846,0.0272,0.0298,0.0219,0.1153,0.1403
70,H03189,-69.8409,5.9441,0.1000,Colombia,8.7358,12.9975,55.9302,28.7185,0.9948,0.3943,0.0061,0.7895,0.5666,0.4404,0.4255,0.9949,0.6061,0.9940,0.7156,0.2673,0.1020,0.0198,0.0173,0.0377,0.1315,0.1399
71,H01448,-73.8909,2.5666,0.1000,Colombia,9.6677,9.8365,53.3725,23.4901,0.2044,0.3616,0.3952,0.9449,0.6720,0.4660,0.5301,0.2042,0.6388,0.6047,0.7149,0.3199,0.1210,0.0210,0.0215,0.0077,0.1386,0.0851
72,H03282,-69.3909,2.7398,0.1000,Colombia,9.1298,0.1097,32.6978,5.6981,0.6685,0.4066,0.8367,0.8552,0.9964,0.6729,0.8861,0.6685,0.5938,0.1630,0.7124,0.2895,0.1794,0.0303,0.0360,0.0253,0.1289,0.0230
73,H03374,-68.9409,5.0781,0.1000,Colombia,8.8896,0.9320,40.3757,24.4259,0.4286,0.3767,0.5623,0.8152,0.9689,0.5961,0.5114,0.4285,0.6236,0.4375,0.7112,0.2760,0.1744,0.0269,0.0208,0.0162,0.1353,0.0616
74,H01607,-73.5909,4.9915,0.1000,Colombia,8.8021,5.0406,58.4225,0.7708,0.2033,0.6165,0.0030,0.8006,0.8319,0.4155,0.9847,0.2031,0.3837,0.9971,0.7109,0.2710,0.1498,0.0187,0.0400,0.0077,0.0833,0.1404
75,H02109,-72.5409,1.6140,0.1000,Colombia,9.9011,3.9096,46.0970,21.0380,0.2988,0.4971,0.6254,0.9838,0.8696,0.5388,0.5792,0.2987,0.5032,0.3744,0.7107,0.3330,0.1566,0.0243,0.0236,0.0113,0.1092,0.0527
76,H02492,-71.6409,4.3853,0.1000,Colombia,8.5708,2.4582,71.4087,15.5008,0.6436,0.3396,0.4459,0.7620,0.9181,0.2856,0.6900,0.6436,0.6607,0.5540,0.7099,0.2580,0.1653,0.0129,0.0280,0.0244,0.1434,0.0780
77,H03096,-69.9909,-1.2439,0.1000,Colombia,9.8620,6.9624,41.4068,13.9419,0.3552,0.5746,0.4461,0.9773,0.7678,0.5858,0.7212,0.3551,0.4256,0.5537,0.7086,0.3308,0.1382,0.0264,0.0293,0.0135,0.0924,0.0780
78,H02646,-71.1909,1.0078,0.1000,Colombia,9.7408,25.5461,5.8168,8.3711,0.7265,0.3419,0.2368,0.9571,0.1481,0.9419,0.8327,0.7265,0.6585,0.7632,0.7049,0.3240,0.0267,0.0425,0.0338,0.0275,0.1429,0.1074
79,H00469,-76.2909,5.1647,0.1000,Colombia,9.7793,6.5614,27.7258,47.2418,0.4327,0.3349,0.6981,0.9635,0.7812,0.7226,0.0549,0.4326,0.6655,0.3017,0.7049,0.3262,0.1406,0.0326,0.0022,0.0164,0.1444,0.0425
80,H00139,-77.3409,6.6369,0.1000,Colombia,9.8307,8.1490,90.0908,14.9943,0.9909,0.6886,0.2459,0.9721,0.7283,0.0987,0.7001,0.9910,0.3115,0.7540,0.7044,0.3291,0.1311,0.0044,0.0285,0.0375,0.0676,0.1061
81,H02638,-71.1909,-0.3779,0.1000,Colombia,9.7046,0.5424,91.0798,4.6862,0.3340,0.5163,0.6704,0.9510,0.9819,0.0888,0.9064,0.3339,0.4839,0.3294,0.7036,0.3219,0.1768,0.0040,0.0369,0.0126,0.1050,0.0464
82,H03287,-69.3909,3.6058,0.1000,Colombia,8.8212,1.1335,54.4200,21.6772,0.2637,0.3440,0.5630,0.8038,0.9622,0.4556,0.5664,0.2635,0.6564,0.4368,0.7028,0.2721,0.1732,0.0205,0.0230,0.0100,0.1425,0.0615
83,H02843,-70.7409,6.9833,0.1000,Colombia,9.7056,1.2325,30.3721,14.5479,0.0899,0.5581,0.6608,0.9512,0.9589,0.6962,0.7091,0.0896,0.4421,0.3390,0.7019,0.3220,0.1726,0.0314,0.0288,0.0034,0.0959,0.0477
84,H03515,-68.0409,2.6532,0.1000,Colombia,9.6278,8.4800,57.9611,47.6029,0.1986,0.6034,0.0110,0.9382,0.7172,0.4201,0.0476,0.1984,0.3968,0.9890,0.7005,0.3176,0.1291,0.0189,0.0019,0.0075,0.0861,0.1392
85,H00751,-75.5409,8.1958,0.1000,Colombia,9.6390,2.4032,21.1007,25.7490,0.5355,0.7056,0.4531,0.9401,0.9199,0.7889,0.4849,0.5354,0.2945,0.5467,0.7003,0.3182,0.1656,0.0356,0.0197,0.0203,0.0639,0.0770
86,H02300,-72.0909,1.3542,0.1000,Colombia,8.8155,2.5264,7.8274,36.3370,0.0623,0.5568,0.2074,0.8028,0.9158,0.9217,0.2731,0.0620,0.4434,0.7926,0.6995,0.2718,0.1649,0.0415,0.0111,0.0024,0.0962,0.1116
87,H01830,-73.1409,4.2121,0.1000,Colombia,9.8798,5.9728,92.2499,37.6600,0.3204,0.4320,0.4732,0.9802,0.8008,0.0770,0.2466,0.3202,0.5683,0.5267,0.6991,0.3318,0.1442,0.0035,0.0100,0.0121,0.1233,0.0741
88,H02535,-71.4909,1.7006,0.1000,Colombia,9.0049,17.3931,21.4557,4.1904,0.3171,0.3642,0.1639,0.8344,0.4200,0.7854,0.9163,0.3169,0.6362,0.8361,0.6985,0.2825,0.0756,0.0354,0.0372,0.0120,0.1381,0.1177
89,H03439,-68.4909,2.9130,0.1000,Colombia,9.5748,14.7135,9.9195,22.4730,0.3851,0.6004,0.0983,0.9294,0.5093,0.9008,0.5505,0.3850,0.3998,0.9017,0.6976,0.3146,0.0917,0.0406,0.0224,0.0146,0.0868,0.1269
90,H00011,-78.5409,2.3068,0.1000,Colombia,9.8195,0.0196,90.5582,35.4364,0.9934,0.3878,0.9821,0.9702,0.9994,0.0940,0.2911,0.9934,0.6126,0.0176,0.6975,0.3284,0.1799,0.0042,0.0118,0.0376,0.1330,0.0025
91,H02798,-70.7409,-0.8109,0.1000,Colombia,9.8871,11.8816,65.3901,27.8737,0.8099,0.5958,0.2582,0.9815,0.6038,0.3458,0.4424,0.8099,0.4044,0.7417,0.6974,0.3323,0.1087,0.0156,0.0180,0.0307,0.0878,0.1044
92,H02344,-71.9409,-1.3305,0.1000,Colombia,9.6504,24.3281,38.0150,47.9452,0.8826,0.3214,0.0497,0.9420,0.1887,0.6197,0.0408,0.8826,0.6789,0.9503,0.6970,0.3189,0.0340,0.0279,0.0017,0.0334,0.1473,0.1338
93,H00778,-75.3909,2.3934,0.1000,Colombia,8.3202,1.3676,69.3510,2.4961,0.4387,0.4515,0.3389,0.7202,0.9544,0.3062,0.9502,0.4385,0.5488,0.6610,0.6968,0.2438,0.1718,0.0138,0.0386,0.0166,0.1191,0.0930
94,H03340,-69.0909,3.6058,0.1000,Colombia,9.3348,10.7947,63.0007,21.6690,0.9715,0.3611,0.5376,0.8894,0.6400,0.3697,0.5666,0.9715,0.6393,0.4623,0.6966,0.3011,0.1152,0.0167,0.0230,0.0368,0.1388,0.0651
95,H01324,-74.1909,5.8575,0.1000,Colombia,9.8552,24.3542,40.5619,18.1146,0.6459,0.3718,0.1593,0.9761,0.1878,0.5942,0.6377,0.6459,0.6285,0.8407,0.6962,0.3304,0.0338,0.0268,0.0259,0.0245,0.1364,0.1183
96,H01727,-73.2909,-0.2047,0.1000,Colombia,9.9802,2.7398,85.1484,5.4862,0.9095,0.4862,0.9586,0.9970,0.9087,0.1481,0.8904,0.9096,0.5141,0.0411,0.6958,0.3375,0.1636,0.0067,0.0362,0.0345,0.1116,0.0058
97,H03081,-69.9909,-3.8420,0.1000,Colombia,9.2980,19.8558,28.1260,1.9467,0.7791,0.5625,0.0072,0.8832,0.3379,0.7186,0.9612,0.7791,0.4377,0.9929,0.6956,0.2990,0.0608,0.0324,0.0391,0.0295,0.0950,0.1398
98,H00150,-77.1909,0.6614,0.1000,Colombia,9.4496,8.9983,43.0983,17.9723,0.3908,0.4863,0.4169,0.9085,0.6999,0.5688,0.6405,0.3907,0.5140,0.5830,0.6937,0.3075,0.1260,0.0256,0.0260,0.0148,0.1116,0.0821
99,H01311,-74.1909,3.6058,0.1000,Colombia,9.3689,13.9511,67.4192,0.6830,0.0967,0.4450,0.1842,0.8951,0.5348,0.3255,0.9865,0.0965,0.5553,0.8158,0.6931,0.3030,0.0963,0.0147,0.0401,0.0037,0.1205,0.1148
100,H02481,-71.6409,2.4800,0.1000,Colombia,9.2625,1.5684,85.9666,24.6650,0.0357,0.4039,0.5190,0.8773,0.9477,0.1399,0.5066,0.0355,0.5964,0.4809,0.6930,0.2970,0.1706,0.0063,0.0206,0.0013,0.1294,0.0677
101,H01236,-74.3409,2.6532,0.1000,Colombia,9.1861,11.4485,43.6777,31.2795,0.8524,0.5453,0.1693,0.8646,0.6182,0.5630,0.3743,0.8524,0.4549,0.8307,0.6926,0.2927,0.1113,0.0254,0.0152,0.0323,0.0987,0.1169
102,H02637,-71.1909,-0.5511,0.1000,Colombia,8.5662,10.1243,19.7486,30.8356,0.2313,0.4356,0.0599,0.7612,0.6624,0.8025,0.3831,0.2312,0.5647,0.9401,0.6924,0.2577,0.1193,0.0362,0.0156,0.0088,0.1226,0.1323
103,H01110,-74.6409,4.2121,0.1000,Colombia,8.8950,0.0068,82.1578,42.3174,0.8739,0.7779,0.0099,0.8161,0.9998,0.1780,0.1534,0.8739,0.2222,0.9902,0.6913,0.2763,0.1800,0.0080,0.0062,0.0331,0.0482,0.1394
104,H01686,-73.4409,5.7709,0.1000,Colombia,9.5365,0.3154,51.4081,32.6636,0.7853,0.9751,0.0806,0.9230,0.9895,0.4857,0.3466,0.7853,0.0248,0.9194,0.6912,0.3125,0.1782,0.0219,0.0141,0.0297,0.0054,0.1294
105,H03454,-68.4909,5.5111,0.1000,Colombia,9.6502,5.4877,43.9448,35.2418,0.1064,0.7999,0.0033,0.9420,0.8170,0.5604,0.2950,0.1061,0.2002,0.9967,0.6910,0.3189,0.1471,0.0253,0.0120,0.0040,0.0435,0.1403
106,H03438,-68.4909,2.7398,0.1000,Colombia,9.5691,14.5139,70.4586,33.3804,0.5167,0.3723,0.2834,0.9284,0.5160,0.2951,0.3322,0.5166,0.6281,0.7165,0.6908,0.3143,0.0929,0.0133,0.0135,0.0196,0.1363,0.1009
107,H02475,-71.6409,1.4408,0.1000,Colombia,9.2198,12.5680,17.2609,34.0768,0.4533,0.5614,0.0868,0.8702,0.5809,0.8273,0.3183,0.4532,0.4388,0.9132,0.6904,0.2946,0.1046,0.0373,0.0129,0.0172,0.0952,0.1285
108,H01294,-74.1909,0.6614,0.1000,Colombia,8.8035,16.4003,53.7417,42.6118,0.9095,0.3096,0.1048,0.8008,0.4531,0.4623,0.1475,0.9095,0.6908,0.8952,0.6899,0.2711,0.0816,0.0208,0.0060,0.0345,0.1499,0.1260
109,H00796,-75.3909,5.5111,0.1000,Colombia,9.5927,0.1256,82.6217,41.0562,0.7830,0.3468,0.9409,0.9324,0.9958,0.1734,0.1786,0.7830,0.6536,0.0587,0.6898,0.3156,0.1793,0.0078,0.0073,0.0297,0.1419,0.0083
110,H03385,-68.7909,2.5666,0.1000,Colombia,9.2751,1.1640,51.1296,5.0778,0.2526,0.7202,0.3690,0.8794,0.9612,0.4885,0.8986,0.2524,0.2799,0.6309,0.6884,0.2977,0.1731,0.0220,0.0365,0.0096,0.0607,0.0888
111,H03291,-69.3909,4.2987,0.1000,Colombia,9.2641,6.9294,67.8903,15.7640,0.2939,0.5479,0.2871,0.8776,0.7689,0.3208,0.6847,0.2938,0.4523,0.7129,0.6875,0.2971,0.1384,0.0145,0.0278,0.0111,0.0982,0.1004
112,H00725,-75.5409,3.6925,0.1000,Colombia,9.0510,13.2773,52.9809,13.8038,0.6735,0.5121,0.1481,0.8421,0.5572,0.4700,0.7239,0.6735,0.4882,0.8518,0.6874,0.2851,0.1003,0.0212,0.0294,0.0255,0.1060,0.1199
113,H00705,-75.5409,0.2283,0.1000,Colombia,9.9398,17.4194,12.1889,9.0145,0.1590,0.4729,0.4117,0.9902,0.4191,0.8781,0.8198,0.1588,0.5274,0.5882,0.6869,0.3352,0.0755,0.0396,0.0333,0.0060,0.1145,0.0828
114,H01648,-73.4409,-0.8109,0.1000,Colombia,8.6922,1.6383,37.3566,6.7119,0.0464,0.4366,0.5433,0.7822,0.9454,0.6263,0.8659,0.0462,0.5637,0.4566,0.6868,0.2648,0.1702,0.0282,0.0352,0.0018,0.1223,0.0643
115,H01558,-73.7409,9.0618,0.1000,Colombia,9.0392,1.0329,8.7773,13.4399,0.9934,0.5077,0.9087,0.8401,0.9656,0.9122,0.7312,0.9934,0.4925,0.0910,0.6864,0.2844,0.1739,0.0411,0.0297,0.0376,0.1069,0.0128
116,H01724,-73.2909,-0.7243,0.1000,Colombia,8.1530,0.1855,33.9203,6.5095,0.1408,0.3425,0.5753,0.6924,0.9938,0.6607,0.8699,0.1406,0.6578,0.4245,0.6863,0.2344,0.1789,0.0298,0.0354,0.0053,0.1428,0.0598
117,H03581,-67.7409,6.1173,0.1000,Colombia,9.0294,3.9324,75.7510,35.3456,0.8816,0.4894,0.4409,0.8385,0.8689,0.2421,0.2929,0.8817,0.5108,0.5590,0.6861,0.2838,0.1564,0.0109,0.0119,0.0334,0.1109,0.0787
118,H00581,-75.9909,6.7235,0.1000,Colombia,9.8802,0.7707,5.6516,5.0106,0.0202,0.8392,0.5453,0.9803,0.9743,0.9435,0.8999,0.0199,0.1608,0.4546,0.6860,0.3319,0.1754,0.0425,0.0366,0.0008,0.0349,0.0640
119,H00120,-77.3409,2.6532,0.1000,Colombia,8.8446,14.1288,32.9321,8.2939,0.4819,0.5606,0.0112,0.8077,0.5288,0.6706,0.8342,0.4818,0.4396,0.9888,0.6856,0.2734,0.0952,0.0302,0.0339,0.0182,0.0954,0.1392
120,H02457,-71.6409,-1.6769,0.1000,Colombia,7.7574,5.0658,29.8043,26.8215,0.3315,0.4199,0.0425,0.6264,0.8311,0.7018,0.4635,0.3313,0.5804,0.9575,0.6855,0.2120,0.1496,0.0316,0.0188,0.0126,0.1260,0.1348
121,H00897,-75.0909,1.3542,0.1000,Colombia,9.3780,2.7427,93.3615,15.3731,0.9270,0.6852,0.4094,0.8966,0.9086,0.0659,0.6925,0.9271,0.3150,0.5905,0.6848,0.3035,0.1636,0.0030,0.0282,0.0351,0.0684,0.0831
122,H02736,-70.8909,-2.1099,0.1000,Colombia,9.9480,15.5462,71.5506,6.6613,0.1032,0.5587,0.1895,0.9916,0.4816,0.2842,0.8669,0.1030,0.4416,0.8105,0.6843,0.3357,0.0867,0.0128,0.0352,0.0039,0.0958,0.1141
123,H02460,-71.6409,-1.1573,0.1000,Colombia,9.9631,1.0548,96.7213,31.6894,0.6616,0.6639,0.5853,0.9941,0.9649,0.0323,0.3661,0.6615,0.3363,0.4146,0.6830,0.3365,0.1737,0.0015,0.0149,0.0251,0.0730,0.0584
124,H03365,-68.9409,3.5192,0.1000,Colombia,7.8182,5.8239,70.0188,2.5777,0.7143,0.4755,0.0864,0.6365,0.8058,0.2995,0.9486,0.7142,0.5248,0.9136,0.6822,0.2155,0.1451,0.0135,0.0386,0.0271,0.1139,0.1286
125,H01672,-73.4409,3.3460,0.1000,Colombia,9.2083,1.5053,78.0522,49.3178,0.9076,0.7091,0.2267,0.8683,0.9498,0.2191,0.0133,0.9076,0.2910,0.7733,0.6818,0.2939,0.1710,0.0099,0.0005,0.0344,0.0632,0.1089
126,H00949,-75.0909,10.3608,0.1000,Colombia,7.5845,6.9324,9.4768,23.5124,0.3100,0.3458,0.1185,0.5976,0.7688,0.9052,0.5297,0.3099,0.6545,0.8815,0.6809,0.2023,0.1384,0.0408,0.0215,0.0117,0.1421,0.1241
127,H03155,-69.8409,-0.9841,0.1000,Colombia,7.8959,3.3852,19.4153,3.6588,0.3695,0.4377,0.3531,0.6495,0.8871,0.8058,0.9269,0.3693,0.5626,0.6468,0.6808,0.2199,0.1597,0.0363,0.0377,0.0140,0.1221,0.0911
128,H02906,-70.4409,-1.6769,0.1000,Colombia,9.8385,6.3539,11.9229,13.8451,0.7271,0.8055,0.5019,0.9734,0.7881,0.8808,0.7231,0.7271,0.1945,0.4980,0.6804,0.3295,0.1419,0.0397,0.0294,0.0275,0.0422,0.0701
129,H01559,-73.7409,9.2350,0.1000,Colombia,9.4001,13.3748,66.8181,49.9349,0.9683,0.4070,0.3226,0.9003,0.5540,0.3315,0.0010,0.9684,0.5934,0.6773,0.6803,0.3048,0.0998,0.0149,0.0000,0.0367,0.1288,0.0953
130,H02425,-71.7909,2.7398,0.1000,Colombia,9.4005,17.8073,56.2689,8.3946,0.4273,0.4329,0.2232,0.9003,0.4062,0.4371,0.8322,0.4272,0.5674,0.7768,0.6801,0.3048,0.0731,0.0197,0.0338,0.0162,0.1231,0.1094
131,H00488,-76.2909,8.4556,0.1000,Colombia,9.7025,5.2394,42.5893,36.4886,0.4521,0.3737,0.8656,0.9507,0.8253,0.5739,0.2700,0.4520,0.6266,0.1341,0.6793,0.3218,0.1486,0.0259,0.0110,0.0171,0.1360,0.0189
132,H00431,-76.4409,7.1566,0.1000,Colombia,8.5691,9.9085,62.1464,14.0827,0.4679,0.5482,0.0152,0.7617,0.6696,0.3782,0.7184,0.4678,0.4520,0.9849,0.6791,0.2579,0.1206,0.0170,0.0292,0.0177,0.0981,0.1386
133,H03336,-69.0909,2.9130,0.1000,Colombia,9.4494,14.2132,85.0299,15.7594,0.4482,0.3252,0.4452,0.9085,0.5260,0.1493,0.6848,0.4481,0.6751,0.5547,0.6784,0.3075,0.0947,0.0067,0.0278,0.0170,0.1465,0.0781
134,H03178,-69.8409,4.0389,0.1000,Colombia,8.8848,9.5074,61.0179,10.8379,0.4885,0.5380,0.2175,0.8144,0.6830,0.3895,0.7833,0.4884,0.4623,0.7825,0.6771,0.2757,0.1230,0.0176,0.0319,0.0185,0.1003,0.1101
135,H03158,-69.8409,-0.4645,0.1000,Colombia,8.9485,4.9419,86.8324,24.3470,0.9507,0.7993,0.0032,0.8250,0.8352,0.1313,0.5130,0.9507,0.2007,0.9968,0.6763,0.2793,0.1504,0.0059,0.0209,0.0360,0.0436,0.1403
136,H01911,-72.9909,4.8183,0.1000,Colombia,9.2599,19.1689,19.8373,18.6658,0.7563,0.4258,0.2938,0.8769,0.3608,0.8016,0.6267,0.7563,0.5745,0.7061,0.6762,0.2969,0.0650,0.0361,0.0255,0.0286,0.1247,0.0994
137,H01709,-73.4409,9.7546,0.1000,Colombia,7.9012,1.6490,31.3369,30.6561,0.6496,0.5527,0.1674,0.6504,0.9450,0.6865,0.3867,0.6495,0.4475,0.8326,0.6759,0.2202,0.1701,0.0309,0.0157,0.0246,0.0971,0.1172
138,H02718,-71.0409,4.0389,0.1000,Colombia,9.0824,15.2612,51.1436,27.8058,0.7617,0.3152,0.4101,0.8473,0.4911,0.4883,0.4438,0.7617,0.6852,0.5897,0.6759,0.2868,0.0884,0.0220,0.0180,0.0289,0.1487,0.0830
139,H02276,-72.2409,11.4867,0.1000,Colombia,8.4616,17.5871,8.8522,2.1698,0.5004,0.3502,0.2250,0.7438,0.4135,0.9115,0.9567,0.5003,0.6501,0.7750,0.6754,0.2518,0.0745,0.0411,0.0389,0.0190,0.1411,0.1091
140,H01466,-73.8909,5.6843,0.1000,Colombia,9.8630,3.1848,96.2870,33.9838,0.1546,0.5717,0.5074,0.9774,0.8938,0.0367,0.3202,0.1544,0.4285,0.4925,0.6747,0.3309,0.1609,0.0016,0.0130,0.0059,0.0930,0.0693
141,H03192,-69.8409,6.4637,0.1000,Colombia,9.7169,12.7895,60.1026,20.4504,0.5679,0.7125,0.1296,0.9531,0.5735,0.3987,0.5910,0.5678,0.2876,0.8704,0.6744,0.3226,0.1033,0.0180,0.0240,0.0215,0.0624,0.1225
142,H00414,-76.4409,4.2121,0.1000,Colombia,7.7910,10.8142,16.4718,13.7318,0.7742,0.4537,0.0823,0.6320,0.6394,0.8352,0.7254,0.7742,0.5465,0.9177,0.6733,0.2140,0.1151,0.0377,0.0295,0.0293,0.1186,0.1292
143,H01912,-72.9909,4.9915,0.1000,Colombia,9.9780,2.4434,96.1640,43.7288,0.4133,0.7898,0.2762,0.9966,0.9185,0.0379,0.1252,0.4132,0.2103,0.7238,0.6727,0.3374,0.1654,0.0017,0.0051,0.0157,0.0456,0.1019
144,H03394,-68.7909,4.1255,0.1000,Colombia,9.4058,6.2470,96.2292,8.7727,0.0901,0.4272,0.5634,0.9012,0.7917,0.0372,0.8246,0.0899,0.5732,0.4364,0.6721,0.3051,0.1425,0.0017,0.0335,0.0034,0.1244,0.0614
145,H02518,-71.4909,-1.2439,0.1000,Colombia,8.1263,2.3245,3.6037,18.6169,0.0995,0.6816,0.0737,0.6879,0.9225,0.9640,0.6276,0.0993,0.3186,0.9264,0.6713,0.2329,0.1661,0.0435,0.0255,0.0038,0.0692,0.1304
146,H00185,-77.1909,6.8967,0.1000,Colombia,7.9599,8.8907,54.3406,13.6459,0.3343,0.4084,0.0815,0.6602,0.7035,0.4563,0.7271,0.3341,0.5919,0.9186,0.6707,0.2235,0.1267,0.0206,0.0296,0.0127,0.1285,0.1293
147,H02802,-70.7409,-0.1181,0.1000,Colombia,9.6622,27.4625,87.7833,32.1402,0.7516,0.3040,0.0341,0.9440,0.0842,0.1217,0.3570,0.7516,0.6964,0.9659,0.6703,0.3196,0.0152,0.0055,0.0145,0.0285,0.1511,0.1360
148,H01399,-74.0409,6.4637,0.1000,Colombia,8.2407,5.8946,68.6756,4.5293,0.4946,0.3193,0.5134,0.7070,0.8035,0.3129,0.9095,0.4945,0.6811,0.4865,0.6701,0.2393,0.1447,0.0141,0.0370,0.0187,0.1478,0.0685
149,H01834,-73.1409,4.9049,0.1000,Colombia,8.8706,3.7693,50.4381,12.2914,0.2586,0.7848,0.0958,0.8120,0.8743,0.4954,0.7542,0.2585,0.2153,0.9042,0.6691,0.2749,0.1574,0.0223,0.0307,0.0098,0.0467,0.1273
150,H03474,-68.3409,4.5585,0.1000,Colombia,9.0289,2.5738,9.6246,3.9916,0.8407,0.6752,0.7190,0.8384,0.9142,0.9038,0.9203,0.8407,0.3250,0.2808,0.6685,0.2838,0.1646,0.0408,0.0374,0.0318,0.0705,0.0395
151,H00619,-75.8409,4.0389,0.1000,Colombia,8.4896,0.6280,1.3640,33.6042,0.3929,0.4643,0.6482,0.7485,0.9791,0.9864,0.3277,0.3928,0.5359,0.3516,0.6681,0.2534,0.1763,0.0445,0.0133,0.0149,0.1163,0.0495
152,H02119,-72.5409,3.3460,0.1000,Colombia,9.2945,20.3137,85.6285,3.0385,0.5050,0.3719,0.2214,0.8827,0.3226,0.1433,0.9394,0.5049,0.6285,0.7785,0.6667,0.2988,0.0581,0.0065,0.0382,0.0191,0.1364,0.1096
153,H03599,-67.4409,2.4800,0.1000,Colombia,7.9700,4.4236,52.4258,17.4349,0.4429,0.3513,0.4080,0.6619,0.8525,0.4755,0.6513,0.4428,0.6490,0.5918,0.6664,0.2241,0.1535,0.0214,0.0265,0.0168,0.1409,0.0833
154,H00948,-75.0909,10.1876,0.1000,Colombia,9.2433,1.4766,4.0325,9.1447,0.3178,0.9345,0.3140,0.8741,0.9508,0.9597,0.8172,0.3176,0.0655,0.6859,0.6664,0.2959,0.1712,0.0433,0.0332,0.0120,0.0142,0.0966
155,H00966,-74.9409,2.1336,0.1000,Colombia,8.3143,9.1016,67.7304,47.0432,0.6114,0.3303,0.2092,0.7192,0.6965,0.3224,0.0588,0.6114,0.6700,0.7908,0.6657,0.2435,0.1254,0.0145,0.0024,0.0232,0.1454,0.1113
156,H03358,-68.9409,2.3068,0.1000,Colombia,8.9310,12.4003,80.2676,40.5971,0.8487,0.3593,0.3369,0.8221,0.5865,0.1969,0.1878,0.8488,0.6411,0.6630,0.6650,0.2783,0.1056,0.0089,0.0076,0.0321,0.1391,0.0933
157,H01728,-73.2909,-0.0315,0.1000,Colombia,8.8838,4.8434,60.9195,6.0876,0.6710,0.5971,0.4899,0.8142,0.8385,0.3905,0.8783,0.6710,0.4031,0.5100,0.6646,0.2756,0.1510,0.0176,0.0357,0.0254,0.0875,0.0718
158,H02800,-70.7409,-0.4645,0.1000,Colombia,8.7556,12.7438,0.5339,30.6427,0.7604,0.3250,0.5974,0.7928,0.5750,0.9947,0.3870,0.7604,0.6754,0.4024,0.6645,0.2684,0.1035,0.0448,0.0157,0.0288,0.1466,0.0566
159,H02745,-70.8909,-0.5511,0.1000,Colombia,8.6879,1.9470,18.6245,11.7514,0.5239,0.9251,0.0962,0.7815,0.9351,0.8137,0.7650,0.5238,0.0749,0.9038,0.6640,0.2646,0.1684,0.0367,0.0311,0.0198,0.0163,0.1272
160,H02791,-70.7409,-2.0233,0.1000,Colombia,9.8869,9.8722,2.8520,37.5913,0.5946,0.8806,0.2309,0.9814,0.6708,0.9715,0.2480,0.5945,0.1194,0.7691,0.6636,0.3322,0.1208,0.0438,0.0101,0.0225,0.0259,0.1083
161,H00851,-75.2409,4.3853,0.1000,Colombia,8.4998,3.9903,14.1844,23.2133,0.6987,0.7395,0.2186,0.7502,0.8670,0.8581,0.5357,0.6987,0.2606,0.7813,0.6635,0.2540,0.1561,0.0387,0.0218,0.0265,0.0566,0.1100
162,H00352,-76.5909,2.0470,0.1000,Colombia,7.9522,1.2077,0.1284,16.3546,0.5012,0.3741,0.7141,0.6589,0.9598,0.9988,0.6729,0.5012,0.6262,0.2856,0.6633,0.2231,0.1728,0.0450,0.0274,0.0190,0.1359,0.0402
163,H01995,-72.8409,6.4637,0.1000,Colombia,7.9417,2.3091,92.7366,42.7000,0.9885,0.4200,0.2765,0.6571,0.9230,0.0722,0.1457,0.9886,0.5803,0.7234,0.6630,0.2225,0.1662,0.0033,0.0059,0.0374,0.1259,0.1018
164,H01731,-73.2909,0.4882,0.1000,Colombia,7.7434,0.4259,51.9502,1.7453,0.0458,0.6269,0.0720,0.6241,0.9858,0.4803,0.9652,0.0455,0.3733,0.9280,0.6630,0.2113,0.1775,0.0216,0.0392,0.0017,0.0810,0.1306
165,H02848,-70.5909,-1.7635,0.1000,Colombia,7.3844,8.0414,5.6841,8.4285,0.0011,0.3223,0.1715,0.5642,0.7319,0.9432,0.8315,0.0009,0.6781,0.8285,0.6629,0.1910,0.1318,0.0425,0.0338,0.0000,0.1472,0.1166
166,H00183,-77.1909,6.5503,0.1000,Colombia,9.2640,5.1757,82.5135,41.5564,0.6179,0.7659,0.0977,0.8776,0.8274,0.1745,0.1686,0.6178,0.2342,0.9023,0.6620,0.2971,0.1490,0.0079,0.0069,0.0234,0.0508,0.1270
167,H02527,-71.4909,0.3150,0.1000,Colombia,9.7447,3.2520,99.1673,0.8783,0.2813,0.9640,0.1690,0.9577,0.8916,0.0078,0.9826,0.2812,0.0359,0.8310,0.6605,0.3242,0.1605,0.0003,0.0399,0.0106,0.0078,0.1170
168,H02322,-72.0909,5.1647,0.1000,Colombia,7.6474,6.3624,73.3362,9.4299,0.0736,0.4168,0.0170,0.6081,0.7878,0.2663,0.8115,0.0733,0.5835,0.9830,0.6605,0.2059,0.1418,0.0120,0.0330,0.0028,0.1266,0.1384
169,H00199,-77.0409,0.9212,0.1000,Colombia,8.6793,7.5857,66.5784,18.4187,0.9842,0.6850,0.1805,0.7801,0.7471,0.3339,0.6316,0.9843,0.3151,0.8195,0.6604,0.2641,0.1345,0.0150,0.0257,0.0373,0.0684,0.1154
170,H03512,-68.0409,2.1336,0.1000,Colombia,9.8521,8.3443,22.8987,16.4417,0.0644,0.6485,0.5795,0.9756,0.7218,0.7709,0.6712,0.0642,0.3517,0.4203,0.6602,0.3303,0.1300,0.0348,0.0273,0.0024,0.0763,0.0592
171,H03115,-69.9909,2.9130,0.1000,Colombia,9.2648,13.7890,43.4608,13.6692,0.7876,0.3105,0.7792,0.8777,0.5402,0.5652,0.7266,0.7876,0.6899,0.2205,0.6600,0.2971,0.0973,0.0255,0.0295,0.0298,0.1497,0.0310
172,H00405,-76.4409,2.6532,0.1000,Colombia,9.3731,12.3391,4.3847,27.6887,0.0428,0.3969,0.5968,0.8958,0.5885,0.9562,0.4461,0.0426,0.6035,0.4030,0.6598,0.3033,0.1060,0.0431,0.0181,0.0016,0.1310,0.0567
173,H00631,-75.8409,6.1173,0.1000,Colombia,9.3712,7.5264,19.8131,30.4934,0.6395,0.3432,0.9801,0.8955,0.7490,0.8018,0.3900,0.6394,0.6571,0.0196,0.6596,0.3031,0.1349,0.0362,0.0159,0.0242,0.1426,0.0028
174,H00419,-76.4409,5.0781,0.1000,Colombia,8.5142,4.6860,59.1808,36.3367,0.0342,0.5168,0.1714,0.7526,0.8438,0.4079,0.2731,0.0340,0.4834,0.8285,0.6590,0.2548,0.1519,0.0184,0.0111,0.0013,0.1049,0.1166
175,H02186,-72.3909,3.2594,0.1000,Colombia,9.2272,3.0046,59.8182,18.0033,0.9471,0.8658,0.3408,0.8714,0.8998,0.4015,0.6399,0.9472,0.1342,0.6591,0.6589,0.2950,0.1620,0.0181,0.0260,0.0359,0.0291,0.0928
176,H03005,-70.2909,4.9915,0.1000,Colombia,8.9970,3.3969,58.0620,6.9886,0.6095,0.9131,0.1430,0.8331,0.8867,0.4191,0.8603,0.6094,0.0869,0.8570,0.6581,0.2820,0.1596,0.0189,0.0350,0.0231,0.0189,0.1206
177,H02543,-71.4909,3.0862,0.1000,Colombia,7.6816,4.0817,42.1377,31.3458,0.4493,0.4374,0.1940,0.6138,0.8639,0.5784,0.3729,0.4492,0.5629,0.8059,0.6572,0.2078,0.1555,0.0261,0.0152,0.0170,0.1222,0.1134
178,H00575,-75.9909,5.6843,0.1000,Colombia,9.6971,22.6042,10.6991,35.2043,0.8073,0.3359,0.5501,0.9498,0.2462,0.8930,0.2957,0.8073,0.6645,0.4497,0.6562,0.3215,0.0443,0.0403,0.0120,0.0306,0.1442,0.0633
179,H00322,-76.7409,5.4245,0.1000,Colombia,7.9612,4.8068,66.1970,10.4373,0.8796,0.3532,0.5733,0.6604,0.8397,0.3377,0.7913,0.8796,0.6472,0.4265,0.6560,0.2236,0.1512,0.0152,0.0322,0.0333,0.1405,0.0600
180,H02553,-71.4909,4.8183,0.1000,Colombia,9.6861,1.6778,93.7887,2.2926,0.1159,0.9492,0.2330,0.9480,0.9441,0.0617,0.9543,0.1156,0.0508,0.7670,0.6559,0.3209,0.1700,0.0028,0.0388,0.0044,0.0110,0.1080
181,H02379,-71.9409,4.7317,0.1000,Colombia,8.7903,2.1664,73.7228,21.9381,0.8553,0.6250,0.5029,0.7986,0.9278,0.2624,0.5612,0.8554,0.3751,0.4970,0.6558,0.2703,0.1671,0.0118,0.0228,0.0324,0.0814,0.0700
182,H03264,-69.5409,4.3853,0.1000,Colombia,8.7565,7.9676,61.2166,5.5251,0.7418,0.5327,0.4909,0.7930,0.7343,0.3876,0.8896,0.7418,0.4676,0.5089,0.6555,0.2685,0.1322,0.0175,0.0362,0.0281,0.1015,0.0716
183,H01090,-74.6409,0.7480,0.1000,Colombia,9.6564,12.6658,13.0931,9.2802,0.4911,0.7841,0.3285,0.9430,0.5776,0.8690,0.8145,0.4910,0.2160,0.6714,0.6555,0.3192,0.1040,0.0392,0.0331,0.0186,0.0469,0.0945
184,H01989,-72.8409,5.4245,0.1000,Colombia,8.3770,1.1939,12.7500,15.0296,0.4086,0.9199,0.0424,0.7297,0.9602,0.8725,0.6994,0.4085,0.0801,0.9576,0.6553,0.2470,0.1729,0.0393,0.0284,0.0155,0.0174,0.1348
185,H01848,-73.1409,7.3298,0.1000,Colombia,9.3215,9.5071,72.2612,40.6992,0.3686,0.7334,0.0046,0.8872,0.6830,0.2770,0.1858,0.3684,0.2666,0.9954,0.6553,0.3003,0.1230,0.0125,0.0076,0.0140,0.0579,0.1401
186,H00073,-77.6409,2.1336,0.1000,Colombia,8.8928,1.9850,88.7752,30.4611,0.4880,0.6296,0.3552,0.8157,0.9338,0.1118,0.3906,0.4879,0.3706,0.6447,0.6549,0.2761,0.1681,0.0050,0.0159,0.0185,0.0804,0.0908
187,H02254,-72.2409,4.0389,0.1000,Colombia,9.2739,17.6529,89.9250,23.0830,0.9557,0.6091,0.0366,0.8792,0.4113,0.1003,0.5383,0.9557,0.3911,0.9635,0.6548,0.2976,0.0741,0.0045,0.0219,0.0362,0.0849,0.1356
188,H01552,-73.7409,8.0226,0.1000,Colombia,8.9151,3.9106,30.8861,7.8131,0.3914,0.6742,0.5040,0.8194,0.8696,0.6910,0.8438,0.3913,0.3259,0.4959,0.6548,0.2774,0.1566,0.0312,0.0343,0.0148,0.0707,0.0698
189,H02538,-71.4909,2.2202,0.1000,Colombia,8.5206,1.8872,98.6028,21.5683,0.7035,0.6316,0.2869,0.7536,0.9371,0.0135,0.5686,0.7035,0.3686,0.7130,0.6546,0.2551,0.1687,0.0006,0.0231,0.0267,0.0800,0.1004
190,H02267,-72.2409,6.2905,0.1000,Colombia,8.2158,10.7623,42.7692,4.5625,0.0477,0.4414,0.1861,0.7028,0.6411,0.5721,0.9089,0.0475,0.5589,0.8139,0.6538,0.2379,0.1154,0.0258,0.0369,0.0018,0.1213,0.1146
191,H02704,-71.0409,1.6140,0.1000,Colombia,8.6209,0.8790,30.3510,5.0786,0.8983,0.9372,0.2715,0.7704,0.9707,0.6964,0.8985,0.8983,0.0628,0.7285,0.6537,0.2608,0.1748,0.0314,0.0365,0.0340,0.0136,0.1026
192,H01334,-74.1909,7.5896,0.1000,Colombia,9.8488,25.3512,48.5281,5.2889,0.1572,0.3421,0.3799,0.9751,0.1546,0.5145,0.8943,0.1570,0.6582,0.6200,0.6536,0.3301,0.0278,0.0232,0.0364,0.0060,0.1429,0.0873
193,H03513,-68.0409,2.3068,0.1000,Colombia,8.9018,9.7352,52.6642,43.8215,0.7338,0.5837,0.2194,0.8172,0.6754,0.4731,0.1233,0.7338,0.4165,0.7806,0.6527,0.2766,0.1216,0.0213,0.0050,0.0278,0.0904,0.1099
194,H00112,-77.3409,1.2676,0.1000,Colombia,9.5782,2.7708,69.3863,35.1198,0.5324,0.7556,0.4653,0.9300,0.9076,0.3058,0.2974,0.5323,0.2445,0.5345,0.6526,0.3148,0.1634,0.0138,0.0121,0.0202,0.0531,0.0752
195,H00820,-75.3909,9.6680,0.1000,Colombia,8.8171,8.4180,12.7312,17.7670,0.9361,0.6673,0.4483,0.8031,0.7193,0.8727,0.6446,0.9362,0.3329,0.5515,0.6523,0.2719,0.1295,0.0393,0.0262,0.0355,0.0722,0.0776
196,H00292,-76.8909,8.6288,0.1000,Colombia,8.9356,9.2540,56.0349,44.9992,0.5268,0.3200,0.5896,0.8228,0.6914,0.4394,0.0997,0.5267,0.6804,0.4102,0.6523,0.2785,0.1245,0.0198,0.0040,0.0199,0.1477,0.0577
197,H03135,-69.9909,6.3771,0.1000,Colombia,7.7007,8.6221,38.0241,5.6610,0.7079,0.4083,0.3192,0.6170,0.7125,0.6196,0.8869,0.7079,0.5920,0.6807,0.6523,0.2089,0.1283,0.0279,0.0361,0.0268,0.1285,0.0958
198,H02985,-70.2909,1.5274,0.1000,Colombia,9.8022,16.0044,78.4062,19.9330,0.1073,0.4381,0.4275,0.9673,0.4663,0.2156,0.6013,0.1071,0.5622,0.5724,0.6522,0.3275,0.0840,0.0097,0.0244,0.0041,0.1220,0.0806
199,H01092,-74.6409,1.0944,0.1000,Colombia,7.6464,5.8714,20.6074,20.8035,0.1019,0.3835,0.2649,0.6079,0.8042,0.7939,0.5839,0.1017,0.6168,0.7351,0.6513,0.2058,0.1448,0.0358,0.0237,0.0039,0.1339,0.1035
200,H00843,-75.2409,2.9996,0.1000,Colombia,9.7664,12.4746,68.5876,16.4423,0.3819,0.4949,0.6108,0.9613,0.5840,0.3138,0.6712,0.3817,0.5053,0.3890,0.6509,0.3254,0.1051,0.0141,0.0273,0.0145,0.1097,0.0548
201,H02982,-70.2909,1.0078,0.1000,Colombia,8.2292,7.5599,11.8656,3.7060,0.8965,0.5522,0.5110,0.7051,0.7479,0.8813,0.9260,0.8965,0.4480,0.4889,0.6507,0.2387,0.1347,0.0397,0.0377,0.0340,0.0972,0.0688
202,H03168,-69.8409,2.3068,0.1000,Colombia,8.5866,9.4781,50.2640,38.6263,0.6341,0.3523,0.4874,0.7647,0.6839,0.4971,0.2273,0.6340,0.6480,0.5125,0.6505,0.2589,0.1231,0.0224,0.0092,0.0240,0.1406,0.0722
203,H02515,-71.4909,-1.7635,0.1000,Colombia,9.5583,11.2791,68.7963,12.8706,0.6492,0.5354,0.6114,0.9266,0.6239,0.3117,0.7426,0.6491,0.4648,0.3884,0.6504,0.3137,0.1123,0.0140,0.0302,0.0246,0.1009,0.0547
204,H02142,-72.5409,7.3298,0.1000,Colombia,8.2615,12.9043,5.0065,0.3064,0.6840,0.4394,0.4609,0.7104,0.5697,0.9500,0.9940,0.6840,0.5609,0.5390,0.6498,0.2405,0.1026,0.0428,0.0404,0.0259,0.1217,0.0759
205,H01427,-73.8909,-1.0707,0.1000,Colombia,9.7109,5.7607,20.3536,46.5003,0.3493,0.6315,0.6487,0.9521,0.8079,0.7964,0.0697,0.3491,0.3687,0.3511,0.6492,0.3223,0.1455,0.0359,0.0028,0.0132,0.0800,0.0494
206,H01740,-73.2909,2.0470,0.1000,Colombia,8.9652,12.1694,11.6446,13.1786,0.7785,0.3165,0.9002,0.8278,0.5942,0.8835,0.7365,0.7785,0.6839,0.0995,0.6489,0.2802,0.1070,0.0398,0.0299,0.0295,0.1484,0.0140
207,H02479,-71.6409,2.1336,0.1000,Colombia,8.7653,6.1494,55.4910,32.9565,0.5151,0.4094,0.6084,0.7944,0.7950,0.4448,0.3407,0.5151,0.5909,0.3914,0.6488,0.2689,0.1431,0.0200,0.0138,0.0195,0.1283,0.0551
208,H00074,-77.6409,2.3068,0.1000,Colombia,8.2411,0.5747,4.0586,13.7454,0.7741,0.6601,0.5961,0.7071,0.9809,0.9594,0.7251,0.7741,0.3400,0.4037,0.6487,0.2394,0.1766,0.0432,0.0295,0.0293,0.0738,0.0568
209,H00256,-76.8909,2.3934,0.1000,Colombia,9.6169,5.4534,42.0897,43.7495,0.9326,0.5009,0.9318,0.9364,0.8182,0.5789,0.1247,0.9327,0.4993,0.0679,0.6487,0.3170,0.1473,0.0261,0.0051,0.0353,0.1084,0.0096
210,H02002,-72.8409,7.6762,0.1000,Colombia,9.4375,7.2954,92.7934,44.2035,0.1696,0.4147,0.5449,0.9065,0.7567,0.0716,0.1157,0.1694,0.5856,0.4550,0.6486,0.3069,0.1362,0.0032,0.0047,0.0064,0.1271,0.0640
211,H01986,-72.8409,4.9049,0.1000,Colombia,8.3676,9.4701,53.6868,8.6768,0.8267,0.5733,0.2867,0.7281,0.6842,0.4629,0.8265,0.8267,0.4269,0.7132,0.6485,0.2465,0.1232,0.0209,0.0336,0.0313,0.0926,0.1004
212,H00264,-76.8909,3.7791,0.1000,Colombia,9.2642,6.9414,86.1114,32.7889,0.9155,0.5440,0.5823,0.8776,0.7685,0.1385,0.3441,0.9156,0.4562,0.4175,0.6482,0.2971,0.1384,0.0062,0.0140,0.0347,0.0990,0.0588
213,H02555,-71.4909,5.1647,0.1000,Colombia,9.7307,1.5848,76.8400,49.4034,0.9688,0.8152,0.5279,0.9554,0.9472,0.2312,0.0116,0.9689,0.1848,0.4719,0.6481,0.3234,0.1705,0.0104,0.0005,0.0367,0.0401,0.0664
214,H02320,-72.0909,4.8183,0.1000,Colombia,9.4457,21.9784,11.5675,2.5635,0.3884,0.4361,0.4561,0.9079,0.2671,0.8843,0.9489,0.3883,0.5642,0.5438,0.6476,0.3074,0.0481,0.0399,0.0386,0.0147,0.1225,0.0766
215,H01388,-74.0409,4.5585,0.1000,Colombia,9.8189,10.2001,1.4999,10.6063,0.1498,0.6109,0.7607,0.9701,0.6599,0.9850,0.7879,0.1496,0.3892,0.2390,0.6474,0.3284,0.1188,0.0444,0.0320,0.0057,0.0845,0.0336
216,H00403,-76.4409,2.3068,0.1000,Colombia,8.9587,8.9186,98.3597,18.0550,0.6902,0.6077,0.2693,0.8267,0.7026,0.0159,0.6389,0.6902,0.3925,0.7306,0.6472,0.2799,0.1265,0.0007,0.0260,0.0261,0.0852,0.1028
217,H02235,-72.2409,0.7480,0.1000,Colombia,7.5593,4.8753,95.4638,13.6461,0.6638,0.3235,0.3476,0.5934,0.8374,0.0449,0.7271,0.6638,0.6768,0.6523,0.6471,0.2009,0.1508,0.0020,0.0296,0.0251,0.1469,0.0918
218,H02410,-71.7909,0.1417,0.1000,Colombia,8.1296,7.8809,48.3593,13.2873,0.6703,0.3180,0.6138,0.6885,0.7372,0.5162,0.7343,0.6703,0.6824,0.3860,0.6468,0.2331,0.1327,0.0233,0.0299,0.0254,0.1481,0.0543
219,H01546,-73.7409,6.9833,0.1000,Colombia,8.8360,1.2100,97.3692,47.0359,0.4727,0.5248,0.4583,0.8062,0.9597,0.0258,0.0590,0.4726,0.4754,0.5416,0.6466,0.2729,0.1728,0.0012,0.0024,0.0179,0.1032,0.0762
220,H02185,-72.3909,3.0862,0.1000,Colombia,9.6298,8.9827,7.0872,15.2467,0.9766,0.8394,0.5686,0.9386,0.7005,0.9291,0.6951,0.9767,0.1606,0.4312,0.6466,0.3177,0.1261,0.0419,0.0283,0.0370,0.0349,0.0607
221,H01700,-73.4409,8.1958,0.1000,Colombia,9.7949,13.5847,39.3719,5.0444,0.5420,0.5204,0.7697,0.9661,0.5470,0.6061,0.8992,0.5420,0.4798,0.2301,0.6465,0.3271,0.0985,0.0273,0.0366,0.0205,0.1041,0.0324
222,H00735,-75.5409,5.4245,0.1000,Colombia,9.2632,23.5322,3.0971,5.4486,0.3787,0.6202,0.0508,0.8774,0.2153,0.9691,0.8911,0.3786,0.3799,0.9492,0.6461,0.2970,0.0388,0.0437,0.0362,0.0143,0.0824,0.1336
223,H01333,-74.1909,7.4164,0.1000,Colombia,9.9780,24.1529,88.1855,24.2389,0.8110,0.5075,0.2213,0.9966,0.1946,0.1177,0.5151,0.8110,0.4927,0.7787,0.6459,0.3374,0.0350,0.0053,0.0209,0.0307,0.1069,0.1096
224,H02325,-72.0909,5.6843,0.1000,Colombia,9.7304,12.3338,82.6728,26.6060,0.5884,0.7368,0.2175,0.9553,0.5887,0.1729,0.4678,0.5884,0.2633,0.7824,0.6458,0.3234,0.1060,0.0078,0.0190,0.0223,0.0571,0.1101
225,H00531,-76.1409,7.1566,0.1000,Colombia,9.9983,3.1030,8.7718,37.2152,0.5800,0.8340,0.7422,1.0000,0.8965,0.9123,0.2555,0.5799,0.1660,0.2576,0.6457,0.3385,0.1614,0.0411,0.0104,0.0220,0.0360,0.0363
226,H00104,-77.4909,7.2432,0.1000,Colombia,9.4454,7.8315,35.2309,49.9837,0.4512,0.3299,0.9037,0.9078,0.7389,0.6476,0.0000,0.4511,0.6704,0.0959,0.6456,0.3073,0.1330,0.0292,0.0000,0.0171,0.1455,0.0135
227,H02748,-70.8909,-0.0315,0.1000,Colombia,8.8667,14.0941,95.0612,43.9592,0.7405,0.5114,0.0469,0.8114,0.5300,0.0489,0.1205,0.7405,0.4889,0.9531,0.6455,0.2747,0.0954,0.0022,0.0049,0.0280,0.1061,0.1342
228,H00229,-77.0409,6.1173,0.1000,Colombia,7.7868,4.8366,25.7096,15.0114,0.3714,0.4197,0.4420,0.6313,0.8387,0.7428,0.6998,0.3713,0.5806,0.5579,0.6453,0.2137,0.1510,0.0335,0.0284,0.0141,0.1260,0.0785
229,H02930,-70.4409,2.4800,0.1000,Colombia,7.5438,2.5835,55.3531,46.8841,0.7536,0.5515,0.0618,0.5908,0.9139,0.4462,0.0620,0.7536,0.4487,0.9382,0.6452,0.2000,0.1646,0.0201,0.0025,0.0285,0.0974,0.1321
230,H00720,-75.5409,2.8264,0.1000,Colombia,9.6300,1.6370,95.0211,13.1702,0.1177,0.5807,0.7912,0.9386,0.9454,0.0493,0.7366,0.1175,0.4195,0.2085,0.6450,0.3177,0.1702,0.0022,0.0300,0.0044,0.0911,0.0294
231,H03132,-69.9909,5.8575,0.1000,Colombia,9.5963,2.2222,95.7663,16.6087,0.2293,0.7218,0.5431,0.9330,0.9259,0.0419,0.6678,0.2291,0.2783,0.4567,0.6450,0.3159,0.1667,0.0019,0.0272,0.0087,0.0604,0.0643
232,H02782,-70.8909,5.8575,0.1000,Colombia,9.8872,9.8859,92.7810,2.0219,0.3125,0.4661,0.8430,0.9815,0.6703,0.0717,0.9597,0.3124,0.5342,0.1567,0.6450,0.3323,0.1207,0.0032,0.0390,0.0118,0.1159,0.0221
233,H01754,-73.2909,4.4719,0.1000,Colombia,9.8552,5.1139,1.1390,27.8831,0.3260,0.6785,0.8552,0.9761,0.8295,0.9887,0.4422,0.3259,0.3216,0.1445,0.6448,0.3304,0.1494,0.0446,0.0180,0.0123,0.0698,0.0203
234,H00478,-76.2909,6.7235,0.1000,Colombia,9.8158,27.8658,53.7379,2.3349,0.3669,0.4902,0.1549,0.9696,0.0707,0.4624,0.9534,0.3667,0.5101,0.8451,0.6441,0.3282,0.0127,0.0209,0.0388,0.0139,0.1107,0.1190
235,H00398,-76.4409,1.4408,0.1000,Colombia,8.5052,5.8031,90.1178,21.2934,0.5879,0.4333,0.4916,0.7511,0.8065,0.0984,0.5741,0.5879,0.5670,0.5082,0.6441,0.2543,0.1452,0.0044,0.0233,0.0223,0.1231,0.0715
236,H00506,-76.1409,2.8264,0.1000,Colombia,9.4656,15.7641,91.4616,0.2187,0.4317,0.7004,0.1159,0.9112,0.4743,0.0849,0.9958,0.4315,0.2997,0.8841,0.6440,0.3085,0.0854,0.0038,0.0405,0.0163,0.0650,0.1245
237,H03239,-69.5409,-2.0233,0.1000,Colombia,7.3413,0.5820,52.4038,9.3456,0.8747,0.6129,0.2401,0.5570,0.9806,0.4757,0.8132,0.8748,0.3873,0.7599,0.6438,0.1886,0.1766,0.0215,0.0331,0.0331,0.0841,0.1070
238,H01117,-74.6409,5.4245,0.1000,Colombia,9.2648,21.7209,3.2825,15.4879,0.6602,0.5413,0.2907,0.8777,0.2757,0.9672,0.6902,0.6601,0.4589,0.7093,0.6429,0.2971,0.0496,0.0436,0.0281,0.0250,0.0996,0.0998
239,H03248,-69.5409,0.9212,0.1000,Colombia,9.2232,2.3314,48.7250,48.4451,0.8800,0.9652,0.1700,0.8708,0.9223,0.5125,0.0308,0.8800,0.0347,0.8299,0.6429,0.2948,0.1661,0.0231,0.0013,0.0333,0.0075,0.1168
240,H02825,-70.7409,3.8657,0.1000,Colombia,9.0883,8.0658,47.7130,8.2020,0.5019,0.8305,0.2162,0.8483,0.7310,0.5227,0.8360,0.5018,0.1695,0.7838,0.6425,0.2872,0.1316,0.0236,0.0340,0.0190,0.0368,0.1103
241,H02124,-72.5409,4.2121,0.1000,Colombia,9.9047,13.6670,7.8242,11.8811,0.3743,0.9531,0.1892,0.9844,0.5442,0.9218,0.7624,0.3742,0.0469,0.8108,0.6423,0.3332,0.0980,0.0416,0.0310,0.0142,0.0102,0.1141
242,H02722,-71.0409,4.7317,0.1000,Colombia,8.6823,5.6980,38.7131,22.7941,0.4615,0.3678,0.8064,0.7806,0.8100,0.6127,0.5441,0.4614,0.6326,0.1933,0.6418,0.2642,0.1458,0.0276,0.0221,0.0175,0.1373,0.0272
243,H01823,-73.1409,2.9996,0.1000,Colombia,8.6478,0.9106,31.5008,16.0628,0.4638,0.9174,0.2115,0.7748,0.9697,0.6849,0.6787,0.4637,0.0826,0.7885,0.6418,0.2623,0.1746,0.0309,0.0276,0.0176,0.0179,0.1110
244,H01195,-74.4909,7.4164,0.1000,Colombia,9.2292,5.0643,30.9268,31.1754,0.2519,0.4945,0.7790,0.8718,0.8311,0.6906,0.3763,0.2517,0.5058,0.2207,0.6416,0.2951,0.1496,0.0311,0.0153,0.0095,0.1098,0.0311
245,H02881,-70.5909,3.9523,0.1000,Colombia,9.1302,11.1551,3.5748,49.5233,0.6934,0.6956,0.2709,0.8553,0.6280,0.9643,0.0092,0.6934,0.3045,0.7290,0.6414,0.2895,0.1131,0.0435,0.0004,0.0263,0.0661,0.1026
246,H03541,-67.8909,2.5666,0.1000,Colombia,8.8541,15.5497,69.8313,40.7254,0.4024,0.3552,0.2610,0.8092,0.4815,0.3014,0.1853,0.4023,0.6451,0.7389,0.6410,0.2739,0.0867,0.0136,0.0075,0.0152,0.1400,0.1040
247,H02431,-71.7909,3.7791,0.1000,Colombia,8.9602,3.1739,25.5004,26.9753,0.5228,0.6457,0.6386,0.8269,0.8942,0.7449,0.4604,0.5227,0.3545,0.3612,0.6408,0.2799,0.1610,0.0336,0.0187,0.0198,0.0769,0.0508
248,H02701,-71.0409,1.0944,0.1000,Colombia,9.8561,21.7060,10.3042,29.1276,0.6340,0.3663,0.7056,0.9763,0.2762,0.8970,0.4173,0.6340,0.6340,0.2941,0.6407,0.3305,0.0497,0.0404,0.0170,0.0240,0.1376,0.0414
249,H03318,-69.2409,4.2121,0.1000,Colombia,8.8270,3.8626,29.6502,3.4791,0.3545,0.8381,0.3379,0.8047,0.8712,0.7034,0.9305,0.3543,0.1619,0.6621,0.6406,0.2724,0.1569,0.0317,0.0378,0.0134,0.0351,0.0932
250,H03076,-70.1409,6.4637,0.1000,Colombia,9.6804,6.5334,90.8035,2.3906,0.1384,0.9285,0.1826,0.9470,0.7821,0.0915,0.9523,0.1382,0.0715,0.8174,0.6401,0.3206,0.1408,0.0041,0.0387,0.0052,0.0155,0.1151
251,H00178,-77.1909,5.6843,0.1000,Colombia,9.6204,22.1660,17.5715,24.2236,0.6992,0.4634,0.4705,0.9370,0.2608,0.8242,0.5155,0.6992,0.5369,0.5294,0.6398,0.3172,0.0470,0.0372,0.0210,0.0265,0.1165,0.0745
252,H00240,-77.0409,8.0226,0.1000,Colombia,9.6428,2.3041,81.7904,19.6015,0.9945,0.7966,0.7164,0.9407,0.9232,0.1817,0.6079,0.9946,0.2034,0.2834,0.6393,0.3185,0.1662,0.0082,0.0247,0.0377,0.0441,0.0399
253,H01375,-74.0409,2.3068,0.1000,Colombia,9.2245,29.2623,40.8020,3.7636,0.5655,0.3840,0.1451,0.8710,0.0242,0.5918,0.9248,0.5655,0.6163,0.8549,0.6390,0.2949,0.0044,0.0267,0.0376,0.0214,0.1338,0.1203
254,H03475,-68.3409,4.7317,0.1000,Colombia,8.8169,2.7281,58.9212,7.4170,0.7870,0.5606,0.8241,0.8030,0.9091,0.4105,0.8517,0.7870,0.4396,0.1756,0.6386,0.2718,0.1637,0.0185,0.0346,0.0298,0.0954,0.0247
255,H02113,-72.5409,2.3068,0.1000,Colombia,9.3639,5.0055,76.1743,17.1216,0.7445,0.7086,0.5948,0.8942,0.8331,0.2379,0.6576,0.7445,0.2915,0.4050,0.6386,0.3027,0.1500,0.0107,0.0267,0.0282,0.0633,0.0570
256,H01656,-73.4409,0.5748,0.1000,Colombia,7.3228,3.8721,72.4871,0.8270,0.9371,0.4678,0.3584,0.5540,0.8709,0.2748,0.9836,0.9371,0.5325,0.6415,0.6381,0.1875,0.1568,0.0124,0.0400,0.0355,0.1156,0.0903
257,H01457,-73.8909,4.1255,0.1000,Colombia,8.0591,14.5505,8.6940,17.2251,0.5758,0.3440,0.4034,0.6767,0.5148,0.9131,0.6555,0.5757,0.6563,0.5965,0.6378,0.2291,0.0927,0.0412,0.0267,0.0218,0.1424,0.0840
258,H00033,-78.0909,1.3542,0.1000,Colombia,9.6933,17.9073,0.0402,5.0116,0.0719,0.4178,0.7685,0.9492,0.4028,0.9997,0.8999,0.0717,0.5826,0.2313,0.6372,0.3213,0.0725,0.0451,0.0366,0.0027,0.1264,0.0326
259,H00918,-75.0909,4.9915,0.1000,Colombia,8.5816,9.1925,32.0935,12.4346,0.8300,0.5270,0.5883,0.7638,0.6935,0.6789,0.7513,0.8300,0.4732,0.4115,0.6367,0.2586,0.1249,0.0306,0.0305,0.0314,0.1027,0.0579
260,H02674,-71.1909,5.8575,0.1000,Colombia,9.3413,13.5665,91.7349,13.4917,0.9882,0.4708,0.6402,0.8905,0.5476,0.0822,0.7302,0.9883,0.5295,0.3596,0.6364,0.3015,0.0986,0.0037,0.0297,0.0374,0.1149,0.0506
261,H01043,-74.7909,4.1255,0.1000,Colombia,7.7553,5.6759,58.8936,28.0190,0.9386,0.5566,0.2210,0.6261,0.8107,0.4108,0.4395,0.9387,0.4436,0.7790,0.6358,0.2119,0.1460,0.0185,0.0179,0.0356,0.0963,0.1097
262,H02404,-71.7909,-0.8975,0.1000,Colombia,8.0627,2.6842,28.6181,24.1840,0.3788,0.3439,0.7691,0.6773,0.9105,0.7137,0.5162,0.3786,0.6565,0.2306,0.6357,0.2293,0.1639,0.0322,0.0210,0.0143,0.1425,0.0325
263,H03137,-69.9909,6.7235,0.1000,Colombia,8.4275,9.1292,36.6253,12.9253,0.1162,0.7060,0.0524,0.7381,0.6956,0.6336,0.7415,0.1160,0.2941,0.9477,0.6355,0.2499,0.1252,0.0286,0.0301,0.0044,0.0638,0.1334
264,H02140,-72.5409,6.9833,0.1000,Colombia,8.9144,11.4850,78.0785,45.4066,0.4030,0.3664,0.4311,0.8193,0.6170,0.2188,0.0916,0.4029,0.6340,0.5688,0.6350,0.2773,0.1111,0.0099,0.0037,0.0153,0.1376,0.0801
265,H01035,-74.7909,2.7398,0.1000,Colombia,8.1777,1.6090,1.3949,24.5305,0.8098,0.5007,0.8265,0.6965,0.9464,0.9861,0.5093,0.8098,0.4996,0.1732,0.6348,0.2358,0.1704,0.0445,0.0207,0.0307,0.1084,0.0244
266,H00130,-77.3409,4.9049,0.1000,Colombia,6.5045,6.3734,70.4494,22.4064,0.7339,0.3206,0.0027,0.4175,0.7875,0.2952,0.5518,0.7339,0.6798,0.9974,0.6346,0.1413,0.1418,0.0133,0.0224,0.0278,0.1475,0.1404
267,H01107,-74.6409,3.6925,0.1000,Colombia,8.5494,6.1273,48.6372,2.4646,0.3218,0.9033,0.0091,0.7584,0.7957,0.5134,0.9508,0.3217,0.0966,0.9910,0.6345,0.2567,0.1433,0.0232,0.0387,0.0122,0.0210,0.1395
268,H02936,-70.4409,3.5192,0.1000,Colombia,8.6838,15.6549,41.8447,0.6839,0.3796,0.3990,0.4823,0.7808,0.4780,0.5814,0.9865,0.3795,0.6013,0.5175,0.6344,0.2643,0.0861,0.0262,0.0401,0.0144,0.1305,0.0728
269,H03116,-69.9909,3.0862,0.1000,Colombia,8.4323,6.7081,48.8092,28.8700,0.0277,0.3605,0.5429,0.7389,0.7763,0.5117,0.4225,0.0275,0.6399,0.4570,0.6344,0.2501,0.1398,0.0231,0.0172,0.0010,0.1389,0.0643
270,H00828,-75.2409,0.4016,0.1000,Colombia,8.4250,11.9800,48.0648,45.2745,0.7163,0.4805,0.2237,0.7377,0.6005,0.5191,0.0942,0.7163,0.5197,0.7763,0.6343,0.2497,0.1081,0.0234,0.0038,0.0271,0.1128,0.1093
271,H00314,-76.7409,4.0389,0.1000,Colombia,9.0159,3.6116,16.6830,33.6053,0.8358,0.7322,0.6300,0.8362,0.8796,0.8331,0.3277,0.8358,0.2679,0.3698,0.6342,0.2831,0.1584,0.0376,0.0133,0.0317,0.0581,0.0521
272,H00931,-75.0909,7.2432,0.1000,Colombia,9.0096,0.4159,12.6656,6.3710,0.8260,0.7262,0.9406,0.8352,0.9862,0.8733,0.8727,0.8260,0.2739,0.0591,0.6342,0.2827,0.1776,0.0394,0.0355,0.0313,0.0595,0.0083
273,H00257,-76.8909,2.5666,0.1000,Colombia,8.1762,4.7044,96.1418,38.3311,0.8945,0.3638,0.5504,0.6962,0.8431,0.0381,0.2332,0.8946,0.6365,0.4494,0.6340,0.2357,0.1518,0.0017,0.0095,0.0339,0.1381,0.0633
274,H02274,-72.2409,11.1403,0.1000,Colombia,9.7032,13.5339,37.7968,10.3009,0.8592,0.5302,0.8753,0.9508,0.5487,0.6219,0.7940,0.8592,0.4700,0.1244,0.6330,0.3219,0.0988,0.0280,0.0323,0.0326,0.1020,0.0175
275,H02019,-72.6909,-1.9367,0.1000,Colombia,7.9827,5.5275,30.7655,26.0711,0.5427,0.6317,0.2186,0.6640,0.8157,0.6922,0.4785,0.5426,0.3685,0.7814,0.6328,0.2248,0.1469,0.0312,0.0194,0.0205,0.0800,0.1100
276,H02925,-70.4409,1.6140,0.1000,Colombia,9.4116,5.6550,41.7055,28.4104,0.7719,0.7725,0.5853,0.9022,0.8114,0.5828,0.4317,0.7719,0.2276,0.4146,0.6323,0.3054,0.1461,0.0263,0.0175,0.0292,0.0494,0.0584
277,H01037,-74.7909,3.0862,0.1000,Colombia,8.3486,14.2643,36.5094,8.4862,0.0265,0.5394,0.0855,0.7250,0.5243,0.6348,0.8304,0.0262,0.4609,0.9145,0.6320,0.2454,0.0944,0.0286,0.0338,0.0010,0.1000,0.1287
278,H01379,-74.0409,2.9996,0.1000,Colombia,7.5577,2.0532,87.7489,39.2387,0.8919,0.5647,0.1421,0.5931,0.9316,0.1221,0.2150,0.8919,0.4355,0.8578,0.6318,0.2008,0.1677,0.0055,0.0087,0.0338,0.0945,0.1207
279,H01377,-74.0409,2.6532,0.1000,Colombia,7.0889,10.2492,24.9867,9.7920,0.4955,0.4400,0.0618,0.5150,0.6582,0.7500,0.8042,0.4954,0.5603,0.9382,0.6318,0.1743,0.1185,0.0338,0.0327,0.0188,0.1216,0.1321
280,H01123,-74.6409,6.4637,0.1000,Colombia,8.8571,11.2447,54.8401,12.8870,0.5509,0.5419,0.4729,0.8097,0.6250,0.4514,0.7423,0.5508,0.4583,0.5269,0.6317,0.2741,0.1125,0.0204,0.0302,0.0209,0.0995,0.0742
281,H03070,-70.1409,5.4245,0.1000,Colombia,8.2398,0.4837,91.1234,37.3283,0.6432,0.6869,0.2331,0.7068,0.9839,0.0883,0.2532,0.6431,0.3132,0.7669,0.6310,0.2393,0.1772,0.0040,0.0103,0.0244,0.0680,0.1080
282,H02168,-72.3909,0.1417,0.1000,Colombia,8.0571,3.2235,48.8335,9.0525,0.5667,0.7791,0.1796,0.6764,0.8925,0.5115,0.8190,0.5666,0.2209,0.8204,0.6309,0.2290,0.1607,0.0231,0.0333,0.0215,0.0479,0.1155
283,H03286,-69.3909,3.4326,0.1000,Colombia,6.3270,5.9871,62.0279,20.7415,0.9868,0.3311,0.0653,0.3879,0.8004,0.3794,0.5851,0.9868,0.6693,0.9348,0.6306,0.1313,0.1441,0.0171,0.0238,0.0374,0.1453,0.1316
284,H00376,-76.5909,6.2039,0.1000,Colombia,9.0693,6.3338,18.7904,20.0722,0.4177,0.5590,0.7890,0.8451,0.7888,0.8120,0.5985,0.4176,0.4412,0.2107,0.6303,0.2861,0.1420,0.0366,0.0243,0.0158,0.0958,0.0297
285,H01024,-74.7909,0.8346,0.1000,Colombia,9.6656,24.3584,41.2839,31.4836,0.7223,0.6560,0.0548,0.9445,0.1877,0.5870,0.3702,0.7223,0.3441,0.9453,0.6302,0.3197,0.0338,0.0265,0.0150,0.0274,0.0747,0.1331
286,H03526,-68.0409,4.5585,0.1000,Colombia,9.8385,3.9772,18.2652,35.3265,0.4537,0.8673,0.6470,0.9734,0.8674,0.8173,0.2933,0.4536,0.1327,0.3528,0.6301,0.3295,0.1562,0.0369,0.0119,0.0172,0.0288,0.0497
287,H00052,-77.7909,0.8346,0.1000,Colombia,9.6370,4.8204,14.0499,10.7969,0.1034,0.9949,0.3958,0.9398,0.8393,0.8595,0.7841,0.1032,0.0050,0.6041,0.6299,0.3181,0.1511,0.0387,0.0319,0.0039,0.0011,0.0850
288,H00265,-76.8909,3.9523,0.1000,Colombia,8.4446,15.0728,7.8338,32.0810,0.8525,0.6130,0.1711,0.7410,0.4974,0.9217,0.3582,0.8525,0.3872,0.8289,0.6295,0.2509,0.0896,0.0415,0.0146,0.0323,0.0840,0.1167
289,H03324,-69.2409,5.2513,0.1000,Colombia,8.6918,9.3010,74.9987,17.6231,0.2360,0.7230,0.0541,0.7822,0.6898,0.2497,0.6475,0.2358,0.2771,0.9459,0.6288,0.2648,0.1242,0.0113,0.0263,0.0089,0.0601,0.1332
290,H02040,-72.6909,1.7006,0.1000,Colombia,9.1037,3.8957,30.9765,4.1976,0.3020,0.5879,0.8957,0.8509,0.8701,0.6901,0.9162,0.3019,0.4123,0.1040,0.6286,0.2880,0.1567,0.0311,0.0372,0.0114,0.0895,0.0146
291,H00932,-75.0909,7.4164,0.1000,Colombia,9.9064,19.4814,42.0630,27.2781,0.2913,0.6823,0.2404,0.9847,0.3503,0.5792,0.4543,0.2911,0.3178,0.7595,0.6279,0.3333,0.0631,0.0261,0.0185,0.0110,0.0690,0.1069
292,H02627,-71.1909,-2.2831,0.1000,Colombia,8.1221,16.3238,56.0539,12.5272,0.2565,0.4070,0.1160,0.6872,0.4556,0.4392,0.7495,0.2563,0.5934,0.8840,0.6279,0.2326,0.0820,0.0198,0.0305,0.0097,0.1288,0.1244
293,H01945,-72.8409,-2.1965,0.1000,Colombia,7.1036,10.2289,19.9873,14.6362,0.8959,0.3277,0.3665,0.5174,0.6589,0.8001,0.7073,0.8960,0.6727,0.6334,0.6277,0.1752,0.1186,0.0361,0.0288,0.0339,0.1460,0.0892
294,H01301,-74.1909,1.8738,0.1000,Colombia,9.6173,9.8351,1.8032,1.4132,0.2926,0.7774,0.6718,0.9365,0.6720,0.9820,0.9719,0.2924,0.2227,0.3279,0.6274,0.3170,0.1210,0.0443,0.0395,0.0111,0.0483,0.0462
295,H03274,-69.5409,6.1173,0.1000,Colombia,9.0167,15.2996,79.6300,1.5767,0.6581,0.5575,0.3882,0.8364,0.4898,0.2033,0.9686,0.6581,0.4427,0.6117,0.6270,0.2831,0.0882,0.0092,0.0394,0.0249,0.0961,0.0861
296,H03045,-70.1409,1.0944,0.1000,Colombia,8.2273,17.1685,48.0237,38.2200,0.6817,0.4112,0.1139,0.7047,0.4275,0.5196,0.2354,0.6817,0.5892,0.8861,0.6270,0.2386,0.0770,0.0234,0.0096,0.0258,0.1279,0.1247
297,H00235,-77.0409,7.1566,0.1000,Colombia,8.3347,12.5300,38.3535,49.8073,0.3025,0.3634,0.2919,0.7227,0.5822,0.6163,0.0035,0.3024,0.6370,0.7081,0.6268,0.2447,0.1048,0.0278,0.0001,0.0115,0.1383,0.0997
298,H00972,-74.9409,3.1728,0.1000,Colombia,8.3954,3.9215,93.6949,11.0797,0.5955,0.4082,0.7419,0.7328,0.8693,0.0626,0.7785,0.5954,0.5922,0.2579,0.6264,0.2481,0.1565,0.0028,0.0316,0.0226,0.1285,0.0363
299,H03483,-68.3409,6.1173,0.1000,Colombia,9.5278,7.0990,76.2072,14.8426,0.5754,0.8520,0.4057,0.9216,0.7633,0.2376,0.7032,0.5754,0.1480,0.5942,0.6263,0.3120,0.1374,0.0107,0.0286,0.0218,0.0321,0.0837
300,H02681,-71.1909,12.0929,0.1000,Colombia,9.0129,10.5056,90.8190,41.5567,0.9586,0.5768,0.3799,0.8357,0.6497,0.0914,0.1686,0.9586,0.4234,0.6200,0.6263,0.2829,0.1170,0.0041,0.0069,0.0363,0.0919,0.0873
301,H02972,-70.2909,-0.7243,0.1000,Colombia,8.7172,1.4745,30.5432,24.4169,0.5998,0.7533,0.5720,0.7864,0.9509,0.6945,0.5116,0.5998,0.2468,0.4279,0.6261,0.2662,0.1712,0.0313,0.0208,0.0227,0.0536,0.0602
302,H03405,-68.7909,6.0307,0.1000,Colombia,8.8400,16.5207,95.9440,4.8627,0.0620,0.4491,0.2081,0.8069,0.4491,0.0401,0.9029,0.0618,0.5512,0.7919,0.6260,0.2732,0.0809,0.0018,0.0367,0.0023,0.1196,0.1115
303,H00197,-77.0409,0.5748,0.1000,Colombia,9.3827,6.7956,30.9632,46.2158,0.6845,0.6291,0.7003,0.8974,0.7734,0.6903,0.0754,0.6845,0.3711,0.2995,0.6259,0.3038,0.1393,0.0311,0.0031,0.0259,0.0805,0.0422
304,H01040,-74.7909,3.6058,0.1000,Colombia,7.2369,5.0484,34.2475,5.5549,0.9606,0.4639,0.4674,0.5396,0.8317,0.6574,0.8890,0.9607,0.5363,0.5325,0.6259,0.1827,0.1497,0.0296,0.0361,0.0364,0.1164,0.0750
305,H03315,-69.2409,3.6925,0.1000,Colombia,7.9701,9.6169,40.9471,5.3618,0.7173,0.7435,0.0515,0.6619,0.6793,0.5904,0.8929,0.7173,0.2566,0.9485,0.6257,0.2241,0.1223,0.0266,0.0363,0.0272,0.0557,0.1335
306,H02889,-70.5909,5.3379,0.1000,Colombia,9.0150,2.5430,75.4282,36.2004,0.1146,0.9264,0.0419,0.8361,0.9152,0.2454,0.2758,0.1144,0.0735,0.9582,0.6253,0.2830,0.1648,0.0111,0.0112,0.0043,0.0159,0.1349
307,H00321,-76.7409,5.2513,0.1000,Colombia,8.2876,12.5158,40.8927,3.0840,0.9562,0.3755,0.7056,0.7148,0.5826,0.5909,0.9384,0.9563,0.6249,0.2942,0.6249,0.2420,0.1049,0.0266,0.0382,0.0362,0.1356,0.0414
308,H01103,-74.6409,2.9996,0.1000,Colombia,9.5665,13.0579,43.1805,27.4578,0.2137,0.7149,0.3248,0.9280,0.5646,0.5680,0.4507,0.2135,0.2852,0.6751,0.6248,0.3141,0.1017,0.0256,0.0183,0.0081,0.0619,0.0950
309,H00496,-76.1409,1.0944,0.1000,Colombia,7.5019,15.0084,9.6126,8.4943,0.8890,0.3297,0.4073,0.5838,0.4995,0.9039,0.8302,0.8891,0.6707,0.5925,0.6247,0.1976,0.0899,0.0408,0.0338,0.0337,0.1456,0.0834
310,H03059,-70.1409,3.5192,0.1000,Colombia,9.7085,3.9513,14.3692,25.7868,0.4784,0.7018,0.9639,0.9517,0.8683,0.8563,0.4842,0.4783,0.2983,0.0358,0.6247,0.3222,0.1563,0.0386,0.0197,0.0181,0.0647,0.0050
311,H00048,-77.9409,2.1336,0.1000,Colombia,7.2803,1.0473,75.8385,18.0394,0.9325,0.6084,0.2298,0.5469,0.9651,0.2413,0.6392,0.9325,0.3918,0.7701,0.6245,0.1851,0.1738,0.0109,0.0260,0.0353,0.0850,0.1084
312,H01130,-74.6409,7.6762,0.1000,Colombia,8.3405,1.6149,81.2693,43.0302,0.6568,0.7622,0.1594,0.7236,0.9462,0.1869,0.1391,0.6568,0.2379,0.8405,0.6242,0.2450,0.1704,0.0084,0.0057,0.0249,0.0516,0.1183
313,H02103,-72.5409,0.5748,0.1000,Colombia,8.1754,2.7905,71.6476,44.2236,0.5097,0.3158,0.7199,0.6961,0.9070,0.2832,0.1153,0.5096,0.6846,0.2798,0.6237,0.2356,0.1633,0.0128,0.0047,0.0193,0.1486,0.0394
314,H00615,-75.8409,3.3460,0.1000,Colombia,9.5252,21.0521,61.4541,11.8849,0.5230,0.5505,0.3471,0.9211,0.2980,0.3852,0.7623,0.5229,0.4497,0.6528,0.6231,0.3118,0.0537,0.0174,0.0310,0.0198,0.0976,0.0919
315,H02487,-71.6409,3.5192,0.1000,Colombia,9.1813,9.5768,27.1861,25.4946,0.9394,0.5413,0.8571,0.8638,0.6807,0.7280,0.4900,0.9395,0.4589,0.1426,0.6230,0.2924,0.1226,0.0328,0.0199,0.0356,0.0996,0.0201
316,H01174,-74.4909,3.7791,0.1000,Colombia,7.8040,9.9047,45.4483,3.5407,0.4072,0.6127,0.1081,0.6342,0.6697,0.5453,0.9293,0.4071,0.3875,0.8919,0.6227,0.2147,0.1206,0.0246,0.0378,0.0154,0.0841,0.1255
317,H01639,-73.5909,10.5341,0.1000,Colombia,9.5620,25.8888,35.0237,36.9414,0.8527,0.4018,0.4182,0.9273,0.1367,0.6496,0.2610,0.8528,0.5985,0.5817,0.6225,0.3139,0.0246,0.0293,0.0106,0.0323,0.1299,0.0819
318,H01059,-74.7909,6.8967,0.1000,Colombia,7.7650,12.2333,51.0393,35.0866,0.6091,0.3050,0.3291,0.6277,0.5921,0.4894,0.2981,0.6091,0.6954,0.6708,0.6217,0.2125,0.1066,0.0221,0.0121,0.0231,0.1509,0.0944
319,H03590,-67.5909,3.7791,0.1000,Colombia,9.7087,5.5074,49.4043,17.6774,0.1477,0.8404,0.5526,0.9517,0.8164,0.5057,0.6464,0.1475,0.1596,0.4473,0.6214,0.3222,0.1470,0.0228,0.0263,0.0056,0.0346,0.0630
320,H03568,-67.7409,2.9996,0.1000,Colombia,8.6623,23.1367,76.3647,11.2380,0.8430,0.4971,0.0494,0.7773,0.2284,0.2360,0.7753,0.8431,0.5031,0.9507,0.6214,0.2631,0.0411,0.0106,0.0315,0.0319,0.1092,0.1338
321,H01859,-73.1409,9.5814,0.1000,Colombia,8.3709,0.2948,61.2159,7.0443,0.5945,0.7974,0.4498,0.7287,0.9902,0.3876,0.8592,0.5944,0.2026,0.5500,0.6213,0.2467,0.1783,0.0175,0.0349,0.0225,0.0440,0.0774
322,H00526,-76.1409,6.2905,0.1000,Colombia,6.4889,4.0373,26.2035,12.0926,0.7933,0.5468,0.0586,0.4149,0.8654,0.7379,0.7582,0.7934,0.4534,0.9414,0.6213,0.1404,0.1558,0.0333,0.0308,0.0301,0.0984,0.1325
323,H02963,-70.2909,-2.2831,0.1000,Colombia,9.8712,11.1147,88.8643,14.5829,0.9758,0.7632,0.6164,0.9788,0.6294,0.1109,0.7084,0.9759,0.2369,0.3834,0.6208,0.3313,0.1133,0.0050,0.0288,0.0370,0.0514,0.0540
324,H01591,-73.5909,2.2202,0.1000,Colombia,9.9475,24.0552,99.2804,24.1677,0.5256,0.4764,0.3322,0.9915,0.1978,0.0067,0.5166,0.5256,0.5238,0.6677,0.6202,0.3357,0.0356,0.0003,0.0210,0.0199,0.1137,0.0940
325,H02454,-71.6409,-2.1965,0.1000,Colombia,7.4828,7.1654,55.3942,4.6423,0.0407,0.4960,0.1618,0.5806,0.7611,0.4458,0.9073,0.0405,0.5042,0.8382,0.6195,0.1966,0.1370,0.0201,0.0369,0.0015,0.1094,0.1180
326,H01429,-73.8909,-0.7243,0.1000,Colombia,9.2075,18.7014,88.0422,16.4856,0.9339,0.3576,0.6439,0.8682,0.3764,0.1191,0.6703,0.9339,0.6428,0.3559,0.6193,0.2939,0.0678,0.0054,0.0272,0.0354,0.1395,0.0501
327,H02005,-72.8409,8.1958,0.1000,Colombia,8.5564,3.0564,36.7174,11.2529,0.0685,0.6965,0.4917,0.7596,0.8981,0.6327,0.7750,0.0682,0.3036,0.5081,0.6189,0.2571,0.1617,0.0285,0.0315,0.0026,0.0659,0.0715
328,H03397,-68.7909,4.6451,0.1000,Colombia,9.0692,8.3902,52.5202,42.5644,0.7005,0.6486,0.4861,0.8451,0.7202,0.4746,0.1485,0.7005,0.3515,0.5138,0.6183,0.2861,0.1297,0.0214,0.0060,0.0265,0.0763,0.0723
329,H03055,-70.1409,2.8264,0.1000,Colombia,9.8112,10.3688,10.8123,12.7441,0.9412,0.9484,0.6099,0.9688,0.6542,0.8919,0.7452,0.9413,0.0516,0.3899,0.6180,0.3280,0.1178,0.0402,0.0303,0.0357,0.0112,0.0549
330,H01935,-72.9909,8.9752,0.1000,Colombia,8.8299,7.8014,82.0461,34.0031,0.4825,0.4145,0.6798,0.8052,0.7399,0.1791,0.3198,0.4824,0.5858,0.3200,0.6173,0.2726,0.1332,0.0081,0.0130,0.0183,0.1271,0.0450
331,H01350,-74.1909,10.3608,0.1000,Colombia,9.2022,6.4809,26.9974,22.4840,0.1135,0.4570,0.9656,0.8673,0.7839,0.7299,0.5503,0.1132,0.5433,0.0340,0.6170,0.2936,0.1411,0.0329,0.0224,0.0043,0.1179,0.0048
332,H03037,-70.1409,-0.2913,0.1000,Colombia,9.8822,9.6186,39.7953,32.7292,0.6047,0.6426,0.8510,0.9806,0.6793,0.6019,0.3453,0.6047,0.3575,0.1487,0.6169,0.3320,0.1223,0.0271,0.0140,0.0229,0.0776,0.0209
333,H02493,-71.6409,4.5585,0.1000,Colombia,6.3192,5.8794,73.5935,19.6375,0.9722,0.3620,0.0814,0.3866,0.8040,0.2637,0.6072,0.9723,0.6384,0.9186,0.6169,0.1309,0.1448,0.0119,0.0247,0.0368,0.1386,0.1293
334,H02560,-71.4909,6.0307,0.1000,Colombia,8.7671,15.8102,25.2855,17.2437,0.2855,0.3912,0.5781,0.7947,0.4728,0.7471,0.6551,0.2853,0.6091,0.4217,0.6168,0.2690,0.0851,0.0337,0.0266,0.0108,0.1322,0.0594
335,H00836,-75.2409,1.7872,0.1000,Colombia,9.4891,17.3508,48.1126,11.8399,0.9004,0.5637,0.6595,0.9151,0.4214,0.5187,0.7632,0.9004,0.4365,0.3402,0.6168,0.3098,0.0759,0.0234,0.0310,0.0341,0.0947,0.0479
336,H02913,-70.4409,-0.4645,0.1000,Colombia,9.8011,10.9610,39.7592,9.1974,0.6817,0.6692,0.8789,0.9671,0.6345,0.6022,0.8161,0.6817,0.3309,0.1208,0.6166,0.3274,0.1142,0.0272,0.0332,0.0258,0.0718,0.0170
337,H03166,-69.8409,1.9604,0.1000,Colombia,9.5627,14.4570,50.5332,45.5869,0.6450,0.3904,0.8152,0.9274,0.5179,0.4944,0.0880,0.6449,0.6099,0.1845,0.6158,0.3140,0.0932,0.0223,0.0036,0.0244,0.1324,0.0260
338,H01748,-73.2909,3.4326,0.1000,Colombia,8.5617,20.8491,64.3771,21.2881,0.6893,0.5104,0.0645,0.7605,0.3047,0.3559,0.5742,0.6893,0.4898,0.9355,0.6158,0.2575,0.0549,0.0160,0.0233,0.0261,0.1063,0.1317
339,H03497,-68.1909,3.9523,0.1000,Colombia,9.3166,12.2412,45.5736,7.1582,0.9382,0.6520,0.7269,0.8863,0.5918,0.5441,0.8569,0.9382,0.3482,0.2729,0.6155,0.3000,0.1066,0.0245,0.0348,0.0355,0.0756,0.0384
340,H03595,-67.5909,6.2039,0.1000,Colombia,7.8685,13.6895,50.6231,16.1280,0.6674,0.4772,0.2156,0.6449,0.5435,0.4935,0.6774,0.6674,0.5230,0.7843,0.6152,0.2183,0.0979,0.0222,0.0275,0.0253,0.1135,0.1104
341,H01978,-72.8409,3.5192,0.1000,Colombia,9.2364,29.1770,79.1907,30.5607,0.6827,0.4254,0.0144,0.8730,0.0270,0.2077,0.3886,0.6827,0.5749,0.9856,0.6149,0.2955,0.0049,0.0094,0.0158,0.0259,0.1248,0.1387
342,H01152,-74.4909,-0.0315,0.1000,Colombia,8.1848,2.9210,66.2906,15.3663,0.2700,0.4947,0.6263,0.6977,0.9026,0.3368,0.6927,0.2698,0.5056,0.3735,0.6146,0.2362,0.1625,0.0152,0.0282,0.0102,0.1097,0.0526
343,H00819,-75.3909,9.4948,0.1000,Colombia,6.0112,2.1820,13.8653,39.0873,0.9638,0.3006,0.3048,0.3353,0.9273,0.8613,0.2180,0.9638,0.6998,0.6951,0.6144,0.1135,0.1670,0.0388,0.0089,0.0365,0.1519,0.0979
344,H02304,-72.0909,2.0470,0.1000,Colombia,9.5905,17.5743,41.8383,38.0985,0.8036,0.8217,0.1545,0.9320,0.4139,0.5814,0.2378,0.8036,0.1784,0.8455,0.6141,0.3155,0.0745,0.0262,0.0097,0.0304,0.0387,0.1190
345,H00384,-76.5909,7.5896,0.1000,Colombia,8.4104,4.8410,24.5279,22.0072,0.7982,0.4994,0.8708,0.7353,0.8386,0.7546,0.5598,0.7982,0.5009,0.1289,0.6138,0.2489,0.1510,0.0340,0.0228,0.0302,0.1087,0.0181
346,H02065,-72.6909,6.0307,0.1000,Colombia,8.7177,7.0615,90.2246,27.6374,0.6319,0.8047,0.1413,0.7865,0.7645,0.0973,0.4471,0.6319,0.1953,0.8587,0.6137,0.2662,0.1376,0.0044,0.0182,0.0239,0.0424,0.1209
347,H02175,-72.3909,1.3542,0.1000,Colombia,9.0222,7.9551,40.7174,29.1061,0.5148,0.8337,0.2992,0.8373,0.7347,0.5927,0.4178,0.5147,0.1663,0.7007,0.6137,0.2834,0.1323,0.0267,0.0170,0.0195,0.0361,0.0986
348,H01309,-74.1909,3.2594,0.1000,Colombia,8.8890,1.4882,87.8115,29.8069,0.2505,0.8686,0.2425,0.8151,0.9504,0.1215,0.4037,0.2503,0.1314,0.7575,0.6136,0.2759,0.1711,0.0055,0.0164,0.0095,0.0285,0.1066
349,H02462,-71.6409,-0.8109,0.1000,Colombia,7.7404,16.3233,39.3353,46.3633,0.7343,0.3334,0.1663,0.6236,0.4557,0.6065,0.0724,0.7343,0.6670,0.8337,0.6134,0.2111,0.0820,0.0273,0.0029,0.0278,0.1448,0.1174
350,H01364,-74.0409,0.4016,0.1000,Colombia,8.3987,1.1780,74.0313,11.6297,0.0837,0.8848,0.1402,0.7333,0.9607,0.2593,0.7675,0.0834,0.1152,0.8598,0.6133,0.2482,0.1730,0.0117,0.0312,0.0032,0.0250,0.1210
351,H03146,-69.8409,-2.5429,0.1000,Colombia,9.3721,4.7925,17.8398,29.6630,0.0748,0.7508,0.6577,0.8956,0.8402,0.8216,0.4066,0.0746,0.2493,0.3421,0.6131,0.3032,0.1513,0.0370,0.0165,0.0028,0.0541,0.0482
352,H01774,-73.2909,7.9360,0.1000,Colombia,8.7214,25.9029,63.0035,31.5211,0.7145,0.3060,0.2006,0.7871,0.1362,0.3697,0.3694,0.7145,0.6944,0.7993,0.6130,0.2665,0.0245,0.0167,0.0150,0.0271,0.1507,0.1125
353,H03491,-68.1909,2.9130,0.1000,Colombia,7.6411,0.8457,23.1089,28.9237,0.5315,0.6075,0.4653,0.6070,0.9718,0.7688,0.4214,0.5314,0.3927,0.5346,0.6129,0.2055,0.1750,0.0347,0.0171,0.0201,0.0852,0.0753
354,H01861,-73.1409,9.9278,0.1000,Colombia,7.9370,9.8814,7.1025,9.0487,0.9107,0.7159,0.3020,0.6563,0.6705,0.9290,0.8191,0.9107,0.2842,0.6979,0.6125,0.2222,0.1207,0.0419,0.0333,0.0345,0.0617,0.0982
355,H01528,-73.7409,3.8657,0.1000,Colombia,8.8182,22.9904,20.9893,14.2400,0.7442,0.7003,0.0046,0.8033,0.2333,0.7900,0.7152,0.7442,0.2998,0.9954,0.6120,0.2719,0.0420,0.0356,0.0291,0.0282,0.0651,0.1401
356,H01086,-74.6409,0.0551,0.1000,Colombia,7.6805,2.2009,86.6941,28.2782,0.6436,0.4554,0.4995,0.6136,0.9266,0.1326,0.4343,0.6436,0.5449,0.5004,0.6113,0.2077,0.1668,0.0060,0.0177,0.0244,0.1183,0.0704
357,H01869,-73.1409,11.3135,0.1000,Colombia,8.3559,20.7876,37.8196,6.1043,0.9375,0.4358,0.3732,0.7262,0.3068,0.6216,0.8780,0.9375,0.5645,0.6267,0.6110,0.2458,0.0552,0.0280,0.0357,0.0355,0.1225,0.0882
358,H00192,-77.1909,8.1092,0.1000,Colombia,9.4025,10.4256,39.0376,12.7313,0.3711,0.5143,0.9225,0.9007,0.6523,0.6095,0.7454,0.3710,0.4860,0.0772,0.6105,0.3049,0.1174,0.0275,0.0303,0.0140,0.1055,0.0109
359,H00055,-77.7909,1.3542,0.1000,Colombia,9.5312,7.1244,50.4070,25.7192,0.1701,0.4951,0.9841,0.9221,0.7624,0.4957,0.4855,0.1699,0.5052,0.0156,0.6098,0.3122,0.1373,0.0223,0.0197,0.0064,0.1096,0.0022
360,H00766,-75.3909,0.3150,0.1000,Colombia,8.5748,2.1347,20.9519,11.9493,0.1476,0.9539,0.2750,0.7627,0.9288,0.7904,0.7611,0.1474,0.0460,0.7250,0.6096,0.2582,0.1672,0.0356,0.0309,0.0056,0.0100,0.1021
361,H01883,-72.9909,-0.0315,0.1000,Colombia,8.5667,17.0791,46.1034,28.4854,0.7470,0.4143,0.4531,0.7613,0.4305,0.5388,0.4302,0.7470,0.5860,0.5467,0.6095,0.2577,0.0775,0.0243,0.0175,0.0283,0.1272,0.0770
362,H01899,-72.9909,2.7398,0.1000,Colombia,8.7028,3.1864,95.0592,44.7355,0.8435,0.7633,0.3374,0.7840,0.8938,0.0489,0.1050,0.8435,0.2368,0.6625,0.6094,0.2654,0.1609,0.0022,0.0043,0.0319,0.0514,0.0933
363,H01393,-74.0409,5.4245,0.1000,Colombia,7.1186,5.4545,84.8418,16.6857,0.9042,0.4009,0.3767,0.5199,0.8181,0.1512,0.6663,0.9042,0.5994,0.6232,0.6093,0.1760,0.1473,0.0068,0.0271,0.0343,0.1301,0.0877
364,H02383,-71.9409,5.4245,0.1000,Colombia,6.5859,14.5587,10.4371,5.4715,0.7450,0.3861,0.0624,0.4311,0.5145,0.8956,0.8907,0.7450,0.6143,0.9376,0.6087,0.1459,0.0926,0.0404,0.0362,0.0282,0.1333,0.1320
365,H02091,-72.5409,-1.5037,0.1000,Colombia,9.7869,26.8745,88.4675,27.9024,0.3830,0.4543,0.2387,0.9647,0.1038,0.1149,0.4418,0.3829,0.5460,0.7612,0.6086,0.3266,0.0187,0.0052,0.0180,0.0145,0.1185,0.1072
366,H02705,-71.0409,1.7872,0.1000,Colombia,8.8429,18.5431,10.8607,17.3514,0.9710,0.8941,0.0057,0.8074,0.3816,0.8914,0.6530,0.9710,0.1059,0.9944,0.6085,0.2733,0.0687,0.0402,0.0266,0.0368,0.0230,0.1400
367,H00688,-75.6909,6.7235,0.1000,Colombia,8.6170,17.5987,11.3762,6.3051,0.9384,0.3320,0.8755,0.7697,0.4131,0.8862,0.8740,0.9384,0.6684,0.1242,0.6085,0.2606,0.0744,0.0399,0.0355,0.0355,0.1451,0.0175
368,H00364,-76.5909,4.1255,0.1000,Colombia,9.6488,12.7836,11.7557,19.1887,0.3934,0.7780,0.5859,0.9417,0.5737,0.8824,0.6162,0.3933,0.2221,0.4139,0.6083,0.3188,0.1033,0.0398,0.0250,0.0149,0.0482,0.0583
369,H02253,-72.2409,3.8657,0.1000,Colombia,8.9757,24.3943,80.4320,16.4866,0.9162,0.5955,0.0391,0.8295,0.1865,0.1953,0.6703,0.9162,0.4046,0.9609,0.6082,0.2808,0.0336,0.0088,0.0272,0.0347,0.0878,0.1353
370,H01706,-73.4409,9.2350,0.1000,Colombia,7.8450,8.3702,8.8006,6.7229,0.4762,0.6211,0.4016,0.6410,0.7209,0.9120,0.8656,0.4761,0.3790,0.5983,0.6076,0.2170,0.1298,0.0411,0.0352,0.0180,0.0823,0.0842
371,H02498,-71.6409,5.4245,0.1000,Colombia,9.8844,16.3447,18.6165,33.9704,0.8896,0.5962,0.8412,0.9810,0.4549,0.8138,0.3204,0.8896,0.4040,0.1585,0.6074,0.3321,0.0819,0.0367,0.0130,0.0337,0.0877,0.0223
372,H01120,-74.6409,5.9441,0.1000,Colombia,9.3325,3.5742,83.0033,22.6507,0.9423,0.9794,0.4490,0.8890,0.8808,0.1696,0.5469,0.9423,0.0205,0.5508,0.6071,0.3009,0.1586,0.0076,0.0222,0.0357,0.0044,0.0775
373,H03338,-69.0909,3.2594,0.1000,Colombia,7.5829,0.2129,92.8522,17.3583,0.3186,0.7364,0.1035,0.5973,0.9929,0.0710,0.6528,0.3184,0.2637,0.8965,0.6062,0.2022,0.1788,0.0032,0.0265,0.0121,0.0572,0.1262
374,H01544,-73.7409,6.6369,0.1000,Colombia,9.7776,6.7737,94.7733,13.0404,0.9745,0.7984,0.8039,0.9632,0.7741,0.0518,0.7392,0.9746,0.2016,0.1959,0.6061,0.3261,0.1394,0.0023,0.0301,0.0369,0.0437,0.0276
375,H02054,-72.6909,4.1255,0.1000,Colombia,9.0999,22.4256,84.6318,0.5483,0.8726,0.6684,0.1450,0.8502,0.2522,0.1533,0.9892,0.8726,0.3318,0.8550,0.6058,0.2878,0.0454,0.0069,0.0402,0.0331,0.0720,0.1204
376,H00351,-76.5909,1.8738,0.1000,Colombia,9.1389,9.1930,39.4341,41.7623,0.4858,0.5985,0.6354,0.8567,0.6935,0.6055,0.1645,0.4857,0.4017,0.3644,0.6057,0.2900,0.1249,0.0273,0.0067,0.0184,0.0872,0.0513
377,H01660,-73.4409,1.2676,0.1000,Colombia,7.6036,6.8244,27.2467,49.1241,0.8301,0.4997,0.3648,0.6008,0.7724,0.7274,0.0172,0.8301,0.5006,0.6351,0.6054,0.2034,0.1391,0.0328,0.0007,0.0314,0.1086,0.0894
378,H00695,-75.6909,7.9360,0.1000,Colombia,7.6637,8.3121,26.0666,41.6379,0.6806,0.5948,0.1909,0.6108,0.7228,0.7392,0.1670,0.6805,0.4054,0.8090,0.6047,0.2068,0.1301,0.0333,0.0068,0.0258,0.0880,0.1139
379,H01590,-73.5909,2.0470,0.1000,Colombia,8.1546,11.3161,8.3874,47.7445,0.7576,0.6292,0.2495,0.6926,0.6227,0.9161,0.0448,0.7576,0.3710,0.7505,0.6046,0.2345,0.1121,0.0413,0.0018,0.0287,0.0805,0.1056
380,H02738,-70.8909,-1.7635,0.1000,Colombia,9.7766,17.0769,74.9626,38.3356,0.0979,0.3657,0.7251,0.9630,0.4305,0.2500,0.2331,0.0977,0.6347,0.2746,0.6044,0.3260,0.0775,0.0113,0.0095,0.0037,0.1378,0.0387
381,H00517,-76.1409,4.7317,0.1000,Colombia,8.8633,19.8550,74.1638,37.9228,0.2052,0.3659,0.2786,0.8108,0.3379,0.2580,0.2413,0.2050,0.6345,0.7214,0.6038,0.2745,0.0608,0.0116,0.0098,0.0078,0.1377,0.1016
382,H01920,-72.9909,6.3771,0.1000,Colombia,8.1737,3.1294,54.3470,27.2852,0.0732,0.8770,0.0199,0.6958,0.8957,0.4563,0.4542,0.0730,0.1229,0.9801,0.6033,0.2356,0.1613,0.0206,0.0185,0.0028,0.0267,0.1380
383,H02106,-72.5409,1.0944,0.1000,Colombia,9.1431,12.6883,63.2677,42.4711,0.5239,0.6695,0.3261,0.8574,0.5769,0.3670,0.1503,0.5238,0.3307,0.6738,0.6032,0.2903,0.1039,0.0165,0.0061,0.0198,0.0718,0.0949
384,H02187,-72.3909,3.4326,0.1000,Colombia,8.5964,8.1515,26.4404,21.0269,0.3585,0.5223,0.7259,0.7663,0.7282,0.7355,0.5794,0.3584,0.4780,0.2739,0.6031,0.2594,0.1311,0.0332,0.0236,0.0136,0.1037,0.0386
385,H00554,-75.9909,2.0470,0.1000,Colombia,9.2599,2.8993,94.4750,27.2744,0.8673,0.7265,0.7853,0.8769,0.9033,0.0548,0.4544,0.8674,0.2736,0.2145,0.6029,0.2969,0.1626,0.0025,0.0185,0.0329,0.0594,0.0302
386,H00121,-77.3409,2.8264,0.1000,Colombia,9.3765,19.8574,4.2200,7.4754,0.0425,0.7687,0.2272,0.8963,0.3378,0.9578,0.8506,0.0422,0.2313,0.7728,0.6026,0.3034,0.0608,0.0432,0.0346,0.0016,0.0502,0.1088
387,H00810,-75.3909,7.9360,0.1000,Colombia,9.9090,11.7944,97.9734,30.4344,0.0006,0.7166,0.4217,0.9851,0.6067,0.0198,0.3912,0.0003,0.2835,0.5782,0.6025,0.3335,0.1092,0.0009,0.0159,0.0000,0.0615,0.0814
388,H02926,-70.4409,1.7872,0.1000,Colombia,8.8402,24.1490,22.9117,40.7105,0.6225,0.4811,0.1777,0.8069,0.1947,0.7708,0.1856,0.6224,0.5191,0.8222,0.6025,0.2732,0.0351,0.0348,0.0076,0.0236,0.1127,0.1157
389,H01499,-73.7409,-1.1573,0.1000,Colombia,9.1800,8.5562,28.4104,23.3500,0.0595,0.7751,0.4575,0.8636,0.7147,0.7158,0.5329,0.0593,0.2249,0.5424,0.6024,0.2923,0.1287,0.0323,0.0217,0.0022,0.0488,0.0764
390,H02260,-72.2409,5.0781,0.1000,Colombia,8.6433,7.7490,50.1351,31.7476,0.3142,0.3488,0.8858,0.7741,0.7416,0.4984,0.3649,0.3140,0.6516,0.1139,0.6022,0.2621,0.1335,0.0225,0.0148,0.0119,0.1414,0.0160
391,H01943,-72.9909,11.2269,0.1000,Colombia,8.2461,8.2530,7.6100,22.7453,0.4538,0.5991,0.5448,0.7079,0.7248,0.9239,0.5450,0.4537,0.4011,0.4550,0.6022,0.2396,0.1305,0.0416,0.0222,0.0172,0.0871,0.0640
392,H03145,-69.8409,-2.7161,0.1000,Colombia,6.2107,8.4137,49.3500,3.8744,0.3916,0.3022,0.1395,0.3685,0.7194,0.5063,0.9226,0.3915,0.6982,0.8605,0.6021,0.1247,0.1295,0.0228,0.0375,0.0148,0.1515,0.1211
393,H02631,-71.1909,-1.5903,0.1000,Colombia,8.2231,5.0036,52.1600,4.5969,0.6830,0.7748,0.4302,0.7041,0.8332,0.4782,0.9082,0.6830,0.2253,0.5697,0.6018,0.2384,0.1500,0.0216,0.0369,0.0259,0.0489,0.0802
394,H00504,-76.1409,2.4800,0.1000,Colombia,8.1084,21.4416,8.7575,43.1337,0.3849,0.3148,0.2302,0.6849,0.2850,0.9124,0.1371,0.3847,0.6856,0.7698,0.6016,0.2319,0.0513,0.0411,0.0056,0.0146,0.1488,0.1084
395,H00835,-75.2409,1.6140,0.1000,Colombia,6.5136,12.6003,1.4856,8.2121,0.7856,0.4651,0.0730,0.4190,0.5798,0.9852,0.8358,0.7856,0.5352,0.9270,0.6010,0.1418,0.1044,0.0444,0.0340,0.0298,0.1162,0.1305
396,H00661,-75.6909,2.0470,0.1000,Colombia,9.9191,12.0439,50.3570,44.1684,0.0357,0.4541,0.9175,0.9868,0.5984,0.4962,0.1164,0.0354,0.5462,0.0822,0.6004,0.3341,0.1077,0.0224,0.0047,0.0013,0.1185,0.0116
397,H02954,-70.4409,6.6369,0.1000,Colombia,9.5260,12.6075,64.0049,40.4257,0.0766,0.6899,0.3610,0.9213,0.5796,0.3597,0.1913,0.0763,0.3103,0.6389,0.6004,0.3119,0.1044,0.0162,0.0078,0.0029,0.0673,0.0899
398,H00884,-75.2409,10.1010,0.1000,Colombia,8.7995,12.5730,40.8238,5.1937,0.7198,0.8509,0.2788,0.8001,0.5807,0.5916,0.8962,0.7198,0.1491,0.7211,0.5997,0.2709,0.1046,0.0267,0.0364,0.0273,0.0324,0.1015
399,H00230,-77.0409,6.2905,0.1000,Colombia,8.7689,19.6923,47.9455,26.5555,0.8294,0.6546,0.1510,0.7950,0.3433,0.5203,0.4688,0.8294,0.3456,0.8490,0.5994,0.2691,0.0618,0.0235,0.0191,0.0314,0.0750,0.1195
400,H02801,-70.7409,-0.2913,0.1000,Colombia,9.4474,11.5666,98.4872,35.9598,0.3891,0.9323,0.0071,0.9082,0.6143,0.0146,0.2806,0.3889,0.0677,0.9930,0.5993,0.3075,0.1106,0.0007,0.0114,0.0147,0.0147,0.1398
401,H00755,-75.5409,8.8886,0.1000,Colombia,8.7642,6.0688,78.2002,19.2521,0.5394,0.8900,0.2353,0.7942,0.7976,0.2176,0.6149,0.5394,0.1100,0.7646,0.5992,0.2689,0.1436,0.0098,0.0250,0.0204,0.0239,0.1076
402,H02950,-70.4409,5.9441,0.1000,Colombia,8.9650,10.6858,67.9317,42.6070,0.2438,0.8182,0.0493,0.8277,0.6437,0.3204,0.1476,0.2437,0.1818,0.9508,0.5991,0.2802,0.1159,0.0144,0.0060,0.0092,0.0395,0.1338
403,H03482,-68.3409,5.9441,0.1000,Colombia,5.6621,1.3098,94.0176,18.5793,0.6180,0.3219,0.0481,0.2771,0.9563,0.0594,0.6284,0.6180,0.6785,0.9519,0.5989,0.0938,0.1722,0.0027,0.0255,0.0234,0.1473,0.1340
404,H00030,-78.2409,2.6532,0.1000,Colombia,7.6453,4.6348,25.6292,15.2055,0.8700,0.6228,0.5448,0.6077,0.8455,0.7436,0.6959,0.8701,0.3774,0.4551,0.5987,0.2057,0.1522,0.0335,0.0283,0.0330,0.0819,0.0641
405,H03476,-68.3409,4.9049,0.1000,Colombia,9.7655,27.6967,62.6464,1.1067,0.6565,0.3554,0.7288,0.9612,0.0764,0.3732,0.9780,0.6564,0.6449,0.2710,0.5987,0.3254,0.0138,0.0168,0.0398,0.0249,0.1400,0.0382
406,H00530,-76.1409,6.9833,0.1000,Colombia,8.8774,19.4936,61.3846,22.5062,0.9392,0.6327,0.2529,0.8131,0.3499,0.3859,0.5498,0.9393,0.3674,0.7470,0.5985,0.2753,0.0630,0.0174,0.0223,0.0356,0.0797,0.1052
407,H02721,-71.0409,4.5585,0.1000,Colombia,8.6992,5.0471,67.2714,11.3385,0.6420,0.9339,0.2993,0.7834,0.8317,0.3270,0.7733,0.6420,0.0660,0.7007,0.5984,0.2652,0.1497,0.0147,0.0314,0.0243,0.0143,0.0986
408,H03102,-69.9909,0.6614,0.1000,Colombia,9.4873,13.1334,8.9003,21.3708,0.5535,0.7038,0.7317,0.9148,0.5620,0.9110,0.5725,0.5534,0.2963,0.2681,0.5982,0.3097,0.1012,0.0411,0.0233,0.0210,0.0643,0.0377
409,H02088,-72.5409,-2.0233,0.1000,Colombia,8.9326,7.5697,64.8534,16.9240,0.4910,0.7829,0.4559,0.8223,0.7476,0.3512,0.6615,0.4910,0.2172,0.5440,0.5980,0.2784,0.1346,0.0158,0.0269,0.0186,0.0471,0.0766
410,H01759,-73.2909,5.3379,0.1000,Colombia,7.2878,14.5252,58.7694,41.0338,0.8046,0.3187,0.1821,0.5481,0.5156,0.4120,0.1791,0.8046,0.6817,0.8179,0.5978,0.1855,0.0928,0.0186,0.0073,0.0305,0.1479,0.1151
411,H00196,-77.0409,0.4016,0.1000,Colombia,8.3557,13.7379,10.0620,34.7820,0.6781,0.4144,0.6548,0.7262,0.5419,0.8994,0.3042,0.6780,0.5859,0.3450,0.5977,0.2458,0.0976,0.0406,0.0124,0.0257,0.1272,0.0486
412,H02191,-72.3909,4.1255,0.1000,Colombia,9.4432,10.2668,54.9083,26.8667,0.0208,0.5968,0.6830,0.9075,0.6576,0.4507,0.4626,0.0205,0.4034,0.3168,0.5977,0.3072,0.1184,0.0203,0.0188,0.0008,0.0876,0.0446
413,H03331,-69.0909,2.0470,0.1000,Colombia,8.4535,4.0951,95.8251,15.9692,0.4671,0.8571,0.2020,0.7425,0.8635,0.0413,0.6806,0.4670,0.1429,0.7980,0.5974,0.2514,0.1555,0.0019,0.0277,0.0177,0.0310,0.1123
414,H02885,-70.5909,4.6451,0.1000,Colombia,9.6447,6.0353,17.1694,17.0113,0.6591,0.8547,0.8995,0.9410,0.7988,0.8283,0.6598,0.6591,0.1453,0.1002,0.5972,0.3185,0.1438,0.0373,0.0268,0.0250,0.0315,0.0141
415,H01741,-73.2909,2.2202,0.1000,Colombia,8.4017,5.0749,59.6475,10.4264,0.7701,0.7755,0.4968,0.7338,0.8308,0.4033,0.7915,0.7701,0.2246,0.5031,0.5971,0.2484,0.1496,0.0182,0.0322,0.0292,0.0488,0.0708
416,H02507,-71.6409,6.9833,0.1000,Colombia,6.6349,0.1176,1.8356,43.3914,0.2370,0.3361,0.5313,0.4393,0.9961,0.9817,0.1319,0.2368,0.6642,0.4685,0.5968,0.1487,0.1794,0.0443,0.0054,0.0090,0.1442,0.0659
417,H01805,-73.1409,-0.1181,0.1000,Colombia,8.6479,5.7677,71.9558,19.7302,0.7822,0.9465,0.2157,0.7749,0.8077,0.2801,0.6054,0.7822,0.0535,0.7843,0.5966,0.2623,0.1454,0.0126,0.0246,0.0296,0.0116,0.1104
418,H02529,-71.4909,0.6614,0.1000,Colombia,9.9869,23.4948,57.5520,22.8955,0.9671,0.3929,0.9310,0.9981,0.2165,0.4242,0.5420,0.9672,0.6074,0.0687,0.5962,0.3379,0.0390,0.0191,0.0220,0.0366,0.1318,0.0097
419,H03244,-69.5409,-1.1573,0.1000,Colombia,8.2129,19.0167,71.3915,27.0610,0.4173,0.3449,0.2682,0.7023,0.3658,0.2857,0.4587,0.4172,0.6555,0.7317,0.5962,0.2377,0.0659,0.0129,0.0186,0.0158,0.1423,0.1030
420,H01186,-74.4909,5.8575,0.1000,Colombia,8.1273,2.1161,77.5410,16.9340,0.8092,0.9970,0.0942,0.6881,0.9295,0.2242,0.6613,0.8093,0.0029,0.9058,0.5961,0.2329,0.1674,0.0101,0.0269,0.0307,0.0006,0.1275
421,H03444,-68.4909,3.7791,0.1000,Colombia,9.8867,27.3247,1.3982,12.2615,0.4746,0.8630,0.1129,0.9814,0.0888,0.9861,0.7548,0.4746,0.1370,0.8871,0.5960,0.3322,0.0160,0.0445,0.0307,0.0180,0.0297,0.1249
422,H00498,-76.1409,1.4408,0.1000,Colombia,9.8464,2.6963,93.3679,43.5808,0.6083,0.7249,0.9223,0.9747,0.9101,0.0659,0.1281,0.6083,0.2752,0.0774,0.5957,0.3300,0.1639,0.0030,0.0052,0.0230,0.0597,0.0109
423,H03473,-68.3409,4.3853,0.1000,Colombia,8.1978,9.2954,98.2045,43.8971,0.1299,0.5438,0.1142,0.6998,0.6900,0.0175,0.1218,0.1297,0.4564,0.8858,0.5955,0.2369,0.1242,0.0008,0.0050,0.0049,0.0990,0.1247
424,H00217,-77.0409,4.0389,0.1000,Colombia,8.4789,24.7087,25.6021,43.0625,0.7650,0.3719,0.2432,0.7467,0.1760,0.7439,0.1385,0.7650,0.6284,0.7568,0.5955,0.2528,0.0317,0.0335,0.0056,0.0290,0.1364,0.1065
425,H01101,-74.6409,2.6532,0.1000,Colombia,9.8146,17.8815,61.9445,16.7039,0.2194,0.5222,0.7279,0.9694,0.4037,0.3803,0.6659,0.2192,0.4780,0.2719,0.5954,0.3282,0.0727,0.0171,0.0271,0.0083,0.1037,0.0383
426,H01372,-74.0409,1.7872,0.1000,Colombia,9.1263,18.0075,86.1232,34.1240,0.4524,0.5218,0.3344,0.8546,0.3995,0.1383,0.3173,0.4523,0.4785,0.6655,0.5950,0.2893,0.0719,0.0062,0.0129,0.0171,0.1038,0.0937
427,H00393,-76.4409,0.5748,0.1000,Colombia,8.6585,20.3909,69.0623,23.1247,0.1961,0.3728,0.3256,0.7766,0.3200,0.3091,0.5374,0.1960,0.6276,0.6743,0.5949,0.2629,0.0576,0.0139,0.0219,0.0074,0.1362,0.0949
428,H01785,-73.2909,9.8412,0.1000,Colombia,9.3707,7.3199,7.4247,24.5060,0.4402,0.7336,0.8670,0.8954,0.7559,0.9258,0.5098,0.4401,0.2664,0.1327,0.5948,0.3031,0.1361,0.0417,0.0207,0.0167,0.0578,0.0187
429,H00261,-76.8909,3.2594,0.1000,Colombia,9.9403,5.0461,39.7291,39.4667,0.0957,0.7681,0.8568,0.9903,0.8317,0.6025,0.2104,0.0955,0.2320,0.1429,0.5948,0.3352,0.1497,0.0272,0.0086,0.0036,0.0503,0.0201
430,H00289,-76.8909,8.1092,0.1000,Colombia,7.5450,25.3264,5.6382,28.1599,0.9914,0.3228,0.1352,0.5910,0.1554,0.9436,0.4367,0.9915,0.6775,0.8648,0.5947,0.2001,0.0280,0.0425,0.0177,0.0376,0.1470,0.1217
431,H00716,-75.5409,2.1336,0.1000,Colombia,8.9837,3.9654,62.4944,12.6848,0.3268,0.7772,0.6502,0.8309,0.8678,0.3748,0.7463,0.3266,0.2228,0.3496,0.5947,0.2813,0.1562,0.0169,0.0303,0.0124,0.0484,0.0492
432,H00001,-78.8409,1.6140,0.1000,Colombia,9.7043,16.7035,44.2394,29.3708,0.7734,0.6075,0.7406,0.9510,0.4430,0.5574,0.4125,0.7734,0.3927,0.2592,0.5946,0.3219,0.0798,0.0251,0.0168,0.0293,0.0852,0.0365
433,H03051,-70.1409,2.1336,0.1000,Colombia,6.8982,9.9600,37.4731,29.8369,0.4008,0.3386,0.2408,0.4832,0.6679,0.6251,0.4031,0.4007,0.6618,0.7592,0.5941,0.1636,0.1202,0.0282,0.0164,0.0152,0.1436,0.1069
434,H02370,-71.9409,3.1728,0.1000,Colombia,7.9137,0.4204,1.9173,23.1267,0.5914,0.6767,0.7389,0.6525,0.9860,0.9809,0.5374,0.5913,0.3235,0.2609,0.5938,0.2209,0.1775,0.0442,0.0219,0.0224,0.0702,0.0367
435,H03062,-70.1409,4.0389,0.1000,Colombia,7.5943,7.5960,31.6596,1.8126,0.4100,0.6153,0.3815,0.5992,0.7467,0.6833,0.9639,0.4099,0.3849,0.6184,0.5934,0.2029,0.1344,0.0308,0.0392,0.0155,0.0835,0.0871
436,H00483,-76.2909,7.5896,0.1000,Colombia,7.7653,7.7577,44.7273,41.8462,0.3451,0.6817,0.0538,0.6277,0.7413,0.5525,0.1628,0.3449,0.3184,0.9463,0.5929,0.2125,0.1335,0.0249,0.0066,0.0131,0.0691,0.1332
437,H00535,-76.1409,7.8494,0.1000,Colombia,9.6686,3.5466,62.4701,21.2716,0.6509,0.9229,0.7689,0.9450,0.8818,0.3750,0.5745,0.6508,0.0770,0.2308,0.5928,0.3199,0.1588,0.0169,0.0234,0.0246,0.0167,0.0325
438,H00482,-76.2909,7.4164,0.1000,Colombia,6.7272,2.4480,23.7070,5.7320,0.1244,0.5902,0.2246,0.4547,0.9184,0.7629,0.8855,0.1242,0.4100,0.7753,0.5925,0.1539,0.1654,0.0344,0.0360,0.0047,0.0890,0.1091
439,H02153,-72.5409,11.6599,0.1000,Colombia,8.9559,8.0399,37.5938,18.3228,0.0476,0.5355,0.8286,0.8262,0.7319,0.6239,0.6335,0.0474,0.4647,0.1712,0.5921,0.2797,0.1318,0.0281,0.0258,0.0018,0.1009,0.0241
440,H00170,-77.1909,4.2987,0.1000,Colombia,8.0654,3.1336,6.5601,46.2039,0.8793,0.6597,0.6516,0.6778,0.8955,0.9344,0.0756,0.8793,0.3404,0.3482,0.5921,0.2294,0.1612,0.0421,0.0031,0.0333,0.0739,0.0490
441,H03458,-68.3409,1.7872,0.1000,Colombia,8.1828,2.2329,79.8687,9.0663,0.2693,0.9188,0.1537,0.6973,0.9256,0.2009,0.8187,0.2691,0.0812,0.8463,0.5920,0.2361,0.1666,0.0091,0.0333,0.0102,0.0176,0.1191
442,H01313,-74.1909,3.9523,0.1000,Colombia,8.9038,22.3172,65.9156,19.5847,0.8977,0.4158,0.5160,0.8175,0.2558,0.3405,0.6083,0.8977,0.5846,0.4838,0.5919,0.2767,0.0461,0.0154,0.0247,0.0340,0.1269,0.0681
443,H01532,-73.7409,4.5585,0.1000,Colombia,8.2969,26.9775,52.3158,35.7344,0.9648,0.3819,0.0941,0.7163,0.1004,0.4766,0.2851,0.9649,0.6184,0.9059,0.5919,0.2425,0.0181,0.0215,0.0116,0.0365,0.1342,0.1275
444,H00308,-76.7409,2.9996,0.1000,Colombia,8.7711,7.9779,40.4654,20.7831,0.1993,0.5344,0.7789,0.7954,0.7340,0.5952,0.5843,0.1991,0.4659,0.2209,0.5918,0.2693,0.1322,0.0268,0.0238,0.0075,0.1011,0.0311
445,H00191,-77.1909,7.9360,0.1000,Colombia,9.3833,12.9370,69.0075,30.4252,0.5424,0.6584,0.5675,0.8975,0.5686,0.3096,0.3914,0.5423,0.3418,0.4323,0.5917,0.3038,0.1024,0.0140,0.0159,0.0205,0.0742,0.0609
446,H00361,-76.5909,3.6058,0.1000,Colombia,7.8597,11.2417,83.9998,38.8320,0.0013,0.3696,0.2336,0.6435,0.6251,0.1596,0.2231,0.0011,0.6307,0.7664,0.5915,0.2178,0.1125,0.0072,0.0091,0.0000,0.1369,0.1079
447,H00692,-75.6909,7.4164,0.1000,Colombia,7.0457,18.9028,17.8451,25.3186,0.9544,0.3380,0.1751,0.5077,0.3696,0.8215,0.4935,0.9544,0.6623,0.8248,0.5915,0.1719,0.0665,0.0370,0.0201,0.0362,0.1437,0.1161
448,H02184,-72.3909,2.9130,0.1000,Colombia,7.9190,4.9119,46.7802,12.7379,0.4984,0.5078,0.7246,0.6533,0.8362,0.5320,0.7453,0.4983,0.4924,0.2752,0.5905,0.2212,0.1506,0.0240,0.0303,0.0189,0.1069,0.0387
449,H02377,-71.9409,4.3853,0.1000,Colombia,8.7339,13.7869,49.3509,39.1958,0.6723,0.6505,0.3395,0.7892,0.5403,0.5063,0.2159,0.6722,0.3497,0.6604,0.5904,0.2672,0.0973,0.0228,0.0088,0.0255,0.0759,0.0930
450,H01977,-72.8409,3.3460,0.1000,Colombia,6.5779,1.9817,68.6952,7.2327,0.7041,0.5725,0.2317,0.4298,0.9339,0.3127,0.8554,0.7041,0.4277,0.7683,0.5902,0.1455,0.1681,0.0141,0.0348,0.0267,0.0928,0.1081
451,H00186,-77.1909,7.0700,0.1000,Colombia,8.9033,28.1495,30.4761,0.1227,0.8812,0.3016,0.6821,0.8175,0.0613,0.6951,0.9977,0.8813,0.6988,0.3177,0.5895,0.2767,0.0110,0.0313,0.0406,0.0334,0.1517,0.0447
452,H02806,-70.7409,0.5748,0.1000,Colombia,8.5439,13.9583,89.3649,12.0836,0.2923,0.6284,0.2228,0.7575,0.5345,0.1059,0.7584,0.2922,0.3718,0.7772,0.5894,0.2564,0.0962,0.0048,0.0308,0.0111,0.0807,0.1094
453,H01662,-73.4409,1.6140,0.1000,Colombia,9.5164,9.9819,98.0471,47.8274,0.2362,0.6919,0.4385,0.9197,0.6671,0.0190,0.0431,0.2360,0.3082,0.5614,0.5889,0.3113,0.1201,0.0009,0.0018,0.0089,0.0669,0.0790
454,H01268,-74.3409,8.1958,0.1000,Colombia,7.6001,5.4048,17.0143,41.0030,0.3932,0.7864,0.0621,0.6002,0.8198,0.8298,0.1797,0.3931,0.2137,0.9379,0.5888,0.2032,0.1476,0.0374,0.0073,0.0149,0.0464,0.1320
455,H02514,-71.4909,-1.9367,0.1000,Colombia,7.7596,8.5402,26.5370,14.8672,0.1654,0.5154,0.4723,0.6268,0.7152,0.7345,0.7027,0.1652,0.4849,0.5275,0.5884,0.2122,0.1288,0.0331,0.0286,0.0063,0.1052,0.0743
456,H00565,-75.9909,3.9523,0.1000,Colombia,7.5395,12.0811,0.0717,5.9815,0.8812,0.8506,0.0480,0.5901,0.5971,0.9993,0.8805,0.8812,0.1494,0.9520,0.5879,0.1998,0.1075,0.0450,0.0358,0.0334,0.0324,0.1340
457,H00518,-76.1409,4.9049,0.1000,Colombia,9.9237,19.0113,30.2640,18.5901,0.6953,0.7937,0.5780,0.9876,0.3660,0.6972,0.6282,0.6953,0.2064,0.4218,0.5877,0.3343,0.0659,0.0314,0.0255,0.0263,0.0448,0.0594
458,H02242,-72.2409,1.9604,0.1000,Colombia,7.4968,0.2586,88.3998,48.4430,0.1487,0.6993,0.0457,0.5830,0.9914,0.1156,0.0308,0.1485,0.3008,0.9544,0.5876,0.1974,0.1785,0.0052,0.0013,0.0056,0.0653,0.1343
459,H01312,-74.1909,3.7791,0.1000,Colombia,7.2856,6.8094,80.4261,3.8824,0.2265,0.5077,0.2813,0.5477,0.7729,0.1954,0.9225,0.2263,0.4926,0.7187,0.5875,0.1854,0.1392,0.0088,0.0375,0.0086,0.1069,0.1012
460,H01553,-73.7409,8.1958,0.1000,Colombia,9.3052,6.1060,65.8855,26.7763,0.9899,0.6862,0.9672,0.8845,0.7964,0.3408,0.4644,0.9900,0.3139,0.0325,0.5873,0.2994,0.1434,0.0154,0.0189,0.0375,0.0681,0.0046
461,H01682,-73.4409,5.0781,0.1000,Colombia,7.8458,18.1769,87.2463,0.0602,0.8941,0.5215,0.1834,0.6411,0.3938,0.1271,0.9990,0.8941,0.4787,0.8166,0.5870,0.2170,0.0709,0.0057,0.0406,0.0339,0.1039,0.1149
462,H01775,-73.2909,8.1092,0.1000,Colombia,5.8924,4.1835,34.0576,36.7707,0.5551,0.3924,0.0652,0.3155,0.8605,0.6593,0.2644,0.5550,0.6080,0.9348,0.5868,0.1068,0.1549,0.0297,0.0107,0.0210,0.1320,0.1316
463,H00679,-75.6909,5.1647,0.1000,Colombia,9.1930,11.8894,49.2216,28.5193,0.8193,0.7718,0.5438,0.8657,0.6035,0.5076,0.4295,0.8193,0.2282,0.4561,0.5868,0.2931,0.1087,0.0229,0.0175,0.0310,0.0495,0.0642
464,H03544,-67.8909,3.0862,0.1000,Colombia,9.1880,17.4291,21.3934,15.2035,0.8763,0.4770,0.9436,0.8649,0.4188,0.7860,0.6959,0.8763,0.5233,0.0560,0.5866,0.2928,0.0754,0.0354,0.0283,0.0332,0.1136,0.0079
465,H01450,-73.8909,2.9130,0.1000,Colombia,6.9830,1.1014,0.9242,44.5615,0.9330,0.7412,0.2607,0.4973,0.9633,0.9908,0.1085,0.9331,0.2588,0.7393,0.5865,0.1683,0.1734,0.0447,0.0044,0.0353,0.0562,0.1041
466,H00756,-75.5409,9.0618,0.1000,Colombia,7.7204,11.6012,78.3953,41.8237,0.8607,0.5354,0.1754,0.6202,0.6131,0.2157,0.1633,0.8607,0.4648,0.8246,0.5863,0.2099,0.1104,0.0097,0.0066,0.0326,0.1009,0.1161
467,H02786,-70.8909,6.5503,0.1000,Colombia,9.7638,26.4732,0.6958,6.0191,0.0098,0.4468,0.7237,0.9609,0.1172,0.9931,0.8797,0.0095,0.5535,0.2760,0.5863,0.3253,0.0211,0.0448,0.0358,0.0004,0.1201,0.0389
468,H01994,-72.8409,6.2905,0.1000,Colombia,8.5083,13.7791,89.9453,13.5361,0.0748,0.5946,0.2230,0.7516,0.5405,0.1001,0.7293,0.0746,0.4056,0.7769,0.5861,0.2544,0.0973,0.0045,0.0296,0.0028,0.0880,0.1094
469,H01701,-73.4409,8.3690,0.1000,Colombia,6.5950,8.3608,22.7422,30.2785,0.6017,0.3895,0.2643,0.4326,0.7212,0.7725,0.3943,0.6016,0.6108,0.7357,0.5861,0.1464,0.1298,0.0348,0.0160,0.0228,0.1326,0.1036
470,H01683,-73.4409,5.2513,0.1000,Colombia,8.9349,12.8506,21.5640,30.8049,0.9646,0.6488,0.7107,0.8227,0.5715,0.7843,0.3838,0.9646,0.3514,0.2891,0.5859,0.2785,0.1029,0.0354,0.0156,0.0365,0.0763,0.0407
471,H00427,-76.4409,6.4637,0.1000,Colombia,9.3262,14.0304,66.9385,28.1692,0.0753,0.7333,0.3174,0.8880,0.5321,0.3303,0.4365,0.0751,0.2668,0.6825,0.5859,0.3006,0.0958,0.0149,0.0177,0.0028,0.0579,0.0961
472,H02178,-72.3909,1.8738,0.1000,Colombia,8.1649,27.4744,19.8829,33.7677,0.3485,0.3333,0.0910,0.6943,0.0838,0.8011,0.3245,0.3484,0.6671,0.9090,0.5854,0.2350,0.0151,0.0361,0.0132,0.0132,0.1448,0.1280
473,H01234,-74.3409,2.3068,0.1000,Colombia,7.9100,3.2605,99.5604,38.2110,0.2853,0.5955,0.3202,0.6518,0.8913,0.0039,0.2356,0.2851,0.4047,0.6797,0.5852,0.2207,0.1605,0.0002,0.0096,0.0108,0.0878,0.0957
474,H02345,-71.9409,-1.1573,0.1000,Colombia,8.0114,12.0107,33.7238,41.8781,0.9673,0.4060,0.6549,0.6688,0.5995,0.6626,0.1622,0.9673,0.5943,0.3449,0.5850,0.2264,0.1079,0.0299,0.0066,0.0366,0.1290,0.0486
475,H03126,-69.9909,4.8183,0.1000,Colombia,8.0372,3.3973,78.6183,27.2618,0.6523,0.5940,0.5988,0.6731,0.8867,0.2134,0.4547,0.6523,0.4062,0.4010,0.5849,0.2279,0.1596,0.0096,0.0185,0.0247,0.0882,0.0565
476,H03586,-67.5909,3.0862,0.1000,Colombia,6.7239,4.0655,88.9735,44.8648,0.8493,0.3417,0.3524,0.4541,0.8644,0.1098,0.1024,0.8493,0.6587,0.6475,0.5848,0.1537,0.1556,0.0050,0.0042,0.0322,0.1430,0.0911
477,H00441,-76.4409,8.8886,0.1000,Colombia,9.9198,24.5514,56.1356,47.3642,0.1605,0.7173,0.0873,0.9869,0.1813,0.4384,0.0524,0.1603,0.2828,0.9127,0.5846,0.3341,0.0326,0.0198,0.0021,0.0061,0.0614,0.1285
478,H03479,-68.3409,5.4245,0.1000,Colombia,6.4113,10.7017,11.6181,49.3452,0.8790,0.4403,0.0253,0.4020,0.6431,0.8838,0.0128,0.8791,0.5600,0.9748,0.5843,0.1361,0.1158,0.0398,0.0005,0.0333,0.1215,0.1372
479,H01079,-74.7909,10.3608,0.1000,Colombia,9.6998,13.2199,50.8539,14.8012,0.5963,0.9585,0.4353,0.9502,0.5592,0.4912,0.7040,0.5963,0.0414,0.5646,0.5842,0.3217,0.1007,0.0221,0.0286,0.0226,0.0090,0.0795
480,H02850,-70.5909,-1.4171,0.1000,Colombia,7.9398,1.6608,58.8434,4.2832,0.5840,0.8875,0.3644,0.6568,0.9446,0.4113,0.9145,0.5840,0.1125,0.6355,0.5841,0.2223,0.1701,0.0185,0.0372,0.0221,0.0244,0.0895
481,H00464,-76.2909,4.2987,0.1000,Colombia,9.7730,6.7882,93.5994,3.3963,0.5115,0.7311,0.9974,0.9624,0.7737,0.0635,0.9322,0.5114,0.2690,0.0023,0.5839,0.3258,0.1393,0.0029,0.0379,0.0194,0.0584,0.0003
482,H00467,-76.2909,4.8183,0.1000,Colombia,9.2116,18.7599,68.9534,23.2435,0.4579,0.4985,0.5724,0.8688,0.3744,0.3101,0.5351,0.4578,0.5018,0.4274,0.5837,0.2941,0.0674,0.0140,0.0217,0.0173,0.1089,0.0602
483,H01437,-73.8909,0.6614,0.1000,Colombia,8.2281,5.5733,17.7482,10.6961,0.8908,0.9993,0.3215,0.7049,0.8142,0.8225,0.7861,0.8909,0.0006,0.6784,0.5836,0.2386,0.1466,0.0371,0.0320,0.0338,0.0001,0.0955
484,H02989,-70.2909,2.2202,0.1000,Colombia,9.1758,15.6986,9.1245,19.7823,0.4232,0.5985,0.7378,0.8629,0.4765,0.9088,0.6043,0.4231,0.4017,0.2619,0.5835,0.2921,0.0858,0.0410,0.0246,0.0160,0.0872,0.0369
485,H02252,-72.2409,3.6925,0.1000,Colombia,8.0152,6.9906,61.4184,2.7261,0.4933,0.7591,0.3480,0.6694,0.7669,0.3855,0.9456,0.4932,0.2410,0.6519,0.5833,0.2266,0.1381,0.0174,0.0384,0.0187,0.0523,0.0918
486,H02927,-70.4409,1.9604,0.1000,Colombia,9.9092,29.0198,23.1790,38.4124,0.4760,0.7890,0.0336,0.9851,0.0322,0.7681,0.2315,0.4759,0.2111,0.9664,0.5832,0.3335,0.0058,0.0346,0.0094,0.0180,0.0458,0.1360
487,H01680,-73.4409,4.7317,0.1000,Colombia,6.0766,4.0330,73.2291,29.5834,0.4519,0.4176,0.0218,0.3462,0.8655,0.2674,0.4082,0.4518,0.5827,0.9782,0.5830,0.1172,0.1558,0.0121,0.0166,0.0171,0.1265,0.1377
488,H01305,-74.1909,2.5666,0.1000,Colombia,9.2258,28.5619,32.3896,21.4775,0.1811,0.5891,0.0836,0.8712,0.0475,0.6760,0.5704,0.1809,0.4111,0.9164,0.5822,0.2949,0.0086,0.0305,0.0232,0.0069,0.0892,0.1290
489,H03250,-69.5409,1.9604,0.1000,Colombia,7.1950,9.1009,25.1513,35.9586,0.1405,0.5309,0.1194,0.5326,0.6965,0.7484,0.2806,0.1403,0.4694,0.8806,0.5820,0.1803,0.1254,0.0337,0.0114,0.0053,0.1019,0.1240
490,H00228,-77.0409,5.9441,0.1000,Colombia,9.3523,12.2324,22.5207,2.2775,0.9542,0.8703,0.7500,0.8923,0.5921,0.7747,0.9546,0.9543,0.1297,0.2497,0.5819,0.3021,0.1066,0.0349,0.0388,0.0362,0.0282,0.0352
491,H01647,-73.4409,-0.9841,0.1000,Colombia,8.9564,16.7307,33.3008,16.7957,0.7987,0.4936,0.8206,0.8263,0.4421,0.6669,0.6641,0.7987,0.5067,0.1791,0.5818,0.2797,0.0796,0.0301,0.0270,0.0302,0.1100,0.0252
492,H03093,-69.9909,-1.7635,0.1000,Colombia,9.0388,19.8440,2.8631,21.4671,0.7339,0.8661,0.1996,0.8400,0.3383,0.9714,0.5706,0.7339,0.1339,0.8003,0.5818,0.2844,0.0609,0.0438,0.0232,0.0278,0.0291,0.1127
493,H00390,-76.5909,8.6288,0.1000,Colombia,9.9430,8.0452,86.1033,25.5108,0.8355,0.8104,0.8923,0.9908,0.7317,0.1385,0.4897,0.8356,0.1896,0.1074,0.5812,0.3354,0.1317,0.0062,0.0199,0.0316,0.0411,0.0151
494,H03054,-70.1409,2.6532,0.1000,Colombia,7.9405,3.9095,10.9000,6.1438,0.6697,0.7384,0.6908,0.6569,0.8697,0.8910,0.8772,0.6697,0.2617,0.3090,0.5805,0.2224,0.1566,0.0402,0.0357,0.0254,0.0568,0.0435
495,H01028,-74.7909,1.5274,0.1000,Colombia,5.9146,3.9506,61.3708,31.2212,0.3433,0.3419,0.0949,0.3192,0.8683,0.3860,0.3754,0.3431,0.6585,0.9051,0.5804,0.1081,0.1563,0.0174,0.0153,0.0130,0.1429,0.1274
496,H01684,-73.4409,5.4245,0.1000,Colombia,4.7951,0.8132,8.3804,9.4509,0.4787,0.3152,0.1551,0.1326,0.9729,0.9162,0.8110,0.4786,0.6852,0.8449,0.5801,0.0449,0.1752,0.0413,0.0330,0.0181,0.1487,0.1189
497,H01178,-74.4909,4.4719,0.1000,Colombia,8.5662,8.9295,50.9723,48.7121,0.8344,0.4632,0.8263,0.7612,0.7022,0.4901,0.0254,0.8345,0.5370,0.1734,0.5798,0.2577,0.1264,0.0221,0.0010,0.0316,0.1166,0.0244
498,H01022,-74.7909,0.4882,0.1000,Colombia,9.5464,19.8694,1.0670,1.0423,0.6141,0.6081,0.9062,0.9247,0.3374,0.9894,0.9793,0.6140,0.3921,0.0935,0.5797,0.3130,0.0607,0.0446,0.0398,0.0233,0.0851,0.0132
499,H01029,-74.7909,1.7006,0.1000,Colombia,8.9735,21.1512,79.3537,41.2804,0.6871,0.4596,0.3885,0.8291,0.2947,0.2061,0.1741,0.6871,0.5407,0.6114,0.5795,0.2807,0.0531,0.0093,0.0071,0.0260,0.1173,0.0861
500,H03131,-69.9909,5.6843,0.1000,Colombia,8.9379,20.3752,88.7754,29.9843,0.7948,0.6996,0.1028,0.8232,0.3205,0.1118,0.4002,0.7948,0.3005,0.8972,0.5793,0.2787,0.0577,0.0050,0.0163,0.0301,0.0652,0.1263
501,H01214,-74.4909,10.7073,0.1000,Colombia,8.1621,15.1004,17.9659,28.2221,0.9111,0.7321,0.2359,0.6939,0.4964,0.8203,0.4354,0.9111,0.2680,0.7640,0.5792,0.2349,0.0894,0.0370,0.0177,0.0345,0.0582,0.1076
502,H02733,-71.0409,6.6369,0.1000,Colombia,9.7467,17.8878,54.9979,48.4331,0.4573,0.4779,0.7869,0.9581,0.4035,0.4498,0.0310,0.4572,0.5224,0.2129,0.5792,0.3243,0.0727,0.0203,0.0013,0.0173,0.1134,0.0300
503,H00272,-76.8909,5.1647,0.1000,Colombia,9.2024,19.0624,12.5089,26.4403,0.1606,0.7786,0.2391,0.8673,0.3643,0.8749,0.4711,0.1604,0.2215,0.7609,0.5791,0.2936,0.0656,0.0394,0.0192,0.0061,0.0481,0.1071
504,H00218,-77.0409,4.2121,0.1000,Colombia,7.8978,11.5383,65.0828,40.6553,0.4051,0.4611,0.3425,0.6498,0.6152,0.3489,0.1867,0.4050,0.5392,0.6575,0.5790,0.2200,0.1108,0.0157,0.0076,0.0153,0.1170,0.0926
505,H00038,-78.0909,2.2202,0.1000,Colombia,8.1054,5.1213,48.4859,30.0101,0.3460,0.5198,0.7076,0.6844,0.8292,0.5149,0.3997,0.3459,0.4804,0.2922,0.5789,0.2317,0.1493,0.0232,0.0163,0.0131,0.1043,0.0411
506,H01142,-74.6409,9.7546,0.1000,Colombia,8.0681,23.3414,39.6889,8.7612,0.5942,0.3579,0.3840,0.6782,0.2216,0.6029,0.8248,0.5941,0.6425,0.6159,0.5789,0.2296,0.0399,0.0272,0.0335,0.0225,0.1394,0.0867
507,H00070,-77.6409,1.6140,0.1000,Colombia,8.6335,16.9734,12.9036,3.8364,0.5237,0.3736,0.9553,0.7725,0.4340,0.8709,0.9234,0.5236,0.6267,0.0444,0.5786,0.2615,0.0781,0.0393,0.0375,0.0198,0.1360,0.0063
508,H03434,-68.4909,2.0470,0.1000,Colombia,8.2444,14.6125,58.8944,28.4485,0.1484,0.3653,0.5224,0.7076,0.5127,0.4108,0.4309,0.1482,0.6350,0.4774,0.5785,0.2395,0.0923,0.0185,0.0175,0.0056,0.1378,0.0672
509,H02951,-70.4409,6.1173,0.1000,Colombia,8.1833,20.9104,47.0501,48.2441,0.3491,0.3961,0.1609,0.6974,0.3027,0.5293,0.0348,0.3490,0.6043,0.8391,0.5784,0.2361,0.0545,0.0239,0.0014,0.0132,0.1311,0.1181
510,H01444,-73.8909,1.8738,0.1000,Colombia,9.2089,10.4101,6.0073,0.5716,0.1958,0.6655,0.9710,0.8684,0.6529,0.9399,0.9887,0.1956,0.3346,0.0287,0.5782,0.2940,0.1176,0.0424,0.0402,0.0074,0.0726,0.0040
511,H00359,-76.5909,3.2594,0.1000,Colombia,7.4528,8.1448,7.4176,45.0827,0.5221,0.7398,0.0760,0.5756,0.7284,0.9258,0.0981,0.5220,0.2603,0.9240,0.5781,0.1949,0.1311,0.0417,0.0040,0.0198,0.0565,0.1301
512,H02659,-71.1909,3.2594,0.1000,Colombia,7.9441,17.7260,29.5926,6.0508,0.2756,0.3349,0.5765,0.6575,0.4089,0.7040,0.8791,0.2755,0.6655,0.4233,0.5781,0.2226,0.0736,0.0317,0.0357,0.0104,0.1444,0.0596
513,H02482,-71.6409,2.6532,0.1000,Colombia,9.6643,25.5763,25.7755,14.7996,0.3652,0.6836,0.3864,0.9443,0.1471,0.7422,0.7040,0.3650,0.3165,0.6134,0.5771,0.3197,0.0265,0.0335,0.0286,0.0138,0.0687,0.0863
514,H02762,-70.8909,2.3934,0.1000,Colombia,7.7855,24.8283,47.1110,34.1865,0.9232,0.3440,0.1599,0.6311,0.1720,0.5287,0.3161,0.9233,0.6564,0.8401,0.5770,0.2136,0.0310,0.0238,0.0129,0.0350,0.1425,0.1183
515,H03299,-69.3909,5.6843,0.1000,Colombia,8.8229,8.7560,3.0783,25.5662,0.1633,0.5562,0.9203,0.8040,0.7080,0.9693,0.4886,0.1631,0.4440,0.0794,0.5769,0.2722,0.1275,0.0437,0.0199,0.0062,0.0964,0.0112
516,H03206,-69.6909,-0.8975,0.1000,Colombia,9.1526,15.6097,28.7152,19.2204,0.5062,0.7117,0.5690,0.8590,0.4795,0.7127,0.6156,0.5061,0.2884,0.4309,0.5767,0.2908,0.0863,0.0321,0.0250,0.0192,0.0626,0.0607
517,H01933,-72.9909,8.6288,0.1000,Colombia,7.6209,7.7244,36.8562,38.1159,0.1726,0.7096,0.0720,0.6037,0.7424,0.6313,0.2375,0.1724,0.2905,0.9280,0.5764,0.2044,0.1337,0.0285,0.0097,0.0065,0.0630,0.1306
518,H01355,-74.1909,11.2269,0.1000,Colombia,9.2405,14.2530,47.0324,15.7745,0.6797,0.9383,0.3233,0.8737,0.5247,0.5295,0.6845,0.6796,0.0616,0.6766,0.5763,0.2958,0.0945,0.0239,0.0278,0.0257,0.0134,0.0953
519,H00717,-75.5409,2.3068,0.1000,Colombia,9.7902,13.1957,72.8871,43.4884,0.2895,0.7364,0.5535,0.9653,0.5600,0.2708,0.1300,0.2894,0.2637,0.4463,0.5761,0.3268,0.1008,0.0122,0.0053,0.0110,0.0572,0.0628
520,H00242,-77.0409,8.3690,0.1000,Colombia,9.4892,16.5199,87.0797,28.0002,0.5409,0.9989,0.0003,0.9151,0.4491,0.1288,0.4399,0.5408,0.0010,0.9997,0.5758,0.3098,0.0809,0.0058,0.0179,0.0205,0.0002,0.1407
521,H01519,-73.7409,2.3068,0.1000,Colombia,9.5622,28.9106,10.1028,30.4344,0.1592,0.3199,0.6789,0.9273,0.0359,0.8990,0.3912,0.1590,0.6805,0.3209,0.5757,0.3139,0.0065,0.0405,0.0159,0.0060,0.1477,0.0452
522,H03148,-69.8409,-2.1965,0.1000,Colombia,8.7243,8.5556,81.4017,18.0621,0.4217,0.6783,0.5724,0.7876,0.7147,0.1856,0.6387,0.4216,0.3218,0.4274,0.5756,0.2666,0.1287,0.0084,0.0260,0.0160,0.0698,0.0602
523,H00165,-77.1909,3.2594,0.1000,Colombia,9.0118,11.9856,6.1608,25.6344,0.5161,0.5927,0.8961,0.8355,0.6003,0.9384,0.4872,0.5160,0.4075,0.1036,0.5756,0.2828,0.1081,0.0423,0.0198,0.0196,0.0884,0.0146
524,H02070,-72.6909,6.8967,0.1000,Colombia,8.5405,22.7693,26.5123,24.9911,0.7502,0.6011,0.2360,0.7570,0.2407,0.7348,0.5001,0.7501,0.3991,0.7639,0.5756,0.2563,0.0433,0.0331,0.0203,0.0284,0.0866,0.1075
525,H03225,-69.6909,4.1255,0.1000,Colombia,9.3451,27.4425,45.9159,27.2787,0.9691,0.5037,0.4941,0.8911,0.0848,0.5406,0.4543,0.9692,0.4965,0.5058,0.5754,0.3017,0.0153,0.0244,0.0185,0.0367,0.1078,0.0712
526,H01489,-73.8909,9.6680,0.1000,Colombia,6.6922,9.4660,49.5717,17.1299,0.7720,0.3282,0.4630,0.4488,0.6843,0.5041,0.6574,0.7720,0.6722,0.5369,0.5753,0.1519,0.1232,0.0227,0.0267,0.0292,0.1459,0.0756
527,H01611,-73.5909,5.6843,0.1000,Colombia,7.9053,17.4992,85.3630,11.3165,0.5719,0.4562,0.2797,0.6511,0.4164,0.1460,0.7737,0.5718,0.5440,0.7202,0.5745,0.2204,0.0750,0.0066,0.0315,0.0217,0.1181,0.1014
528,H00824,-75.3909,10.3608,0.1000,Colombia,7.2244,7.2201,80.1372,1.0582,0.5364,0.4770,0.4797,0.5375,0.7592,0.1982,0.9790,0.5364,0.5233,0.5202,0.5745,0.1820,0.1367,0.0089,0.0398,0.0203,0.1136,0.0732
529,H03071,-70.1409,5.5977,0.1000,Colombia,7.6600,11.1797,82.0627,40.2336,0.3942,0.3935,0.3442,0.6102,0.6272,0.1790,0.1951,0.3941,0.6068,0.6557,0.5744,0.2066,0.1129,0.0081,0.0079,0.0149,0.1317,0.0923
530,H01874,-72.9909,-1.5903,0.1000,Colombia,8.3968,27.4530,13.5419,2.9215,0.6469,0.4635,0.3426,0.7330,0.0845,0.8646,0.9417,0.6468,0.5368,0.6573,0.5742,0.2481,0.0152,0.0390,0.0383,0.0245,0.1165,0.0925
531,H02022,-72.6909,-1.4171,0.1000,Colombia,9.6209,25.2104,24.8536,8.9353,0.0393,0.5972,0.4886,0.9371,0.1593,0.7514,0.8214,0.0391,0.4030,0.5113,0.5741,0.3172,0.0287,0.0339,0.0334,0.0015,0.0875,0.0720
532,H02278,-72.2409,11.8331,0.1000,Colombia,7.8046,5.7695,28.8212,27.5914,0.8330,0.6018,0.6757,0.6343,0.8076,0.7117,0.4481,0.8331,0.3984,0.3240,0.5741,0.2147,0.1454,0.0321,0.0182,0.0316,0.0865,0.0456
533,H00035,-78.0909,1.7006,0.1000,Colombia,8.8504,23.0835,7.9250,18.7268,0.3907,0.5061,0.5058,0.8086,0.2302,0.9208,0.6254,0.3906,0.4942,0.4940,0.5737,0.2737,0.0415,0.0415,0.0254,0.0148,0.1073,0.0695
534,H00774,-75.3909,1.7006,0.1000,Colombia,8.7838,1.3220,56.8472,6.9821,0.1035,0.6857,0.9640,0.7975,0.9559,0.4313,0.8604,0.1033,0.3144,0.0356,0.5737,0.2700,0.1721,0.0194,0.0350,0.0039,0.0682,0.0050
535,H02842,-70.7409,6.8101,0.1000,Colombia,9.5106,12.1714,63.5593,49.1923,0.0621,0.7197,0.4650,0.9187,0.5941,0.3641,0.0158,0.0618,0.2804,0.5348,0.5735,0.3110,0.1070,0.0164,0.0006,0.0023,0.0609,0.0753
536,H02608,-71.3409,4.3853,0.1000,Colombia,8.2419,11.0017,72.9700,8.5985,0.7476,0.5437,0.6677,0.7072,0.6331,0.2700,0.8281,0.7476,0.4565,0.3321,0.5734,0.2394,0.1140,0.0122,0.0337,0.0283,0.0991,0.0467
537,H01824,-73.1409,3.1728,0.1000,Colombia,7.8634,25.3144,57.5550,5.1510,0.1808,0.3165,0.1731,0.6441,0.1558,0.4242,0.8971,0.1806,0.6839,0.8268,0.5734,0.2180,0.0280,0.0191,0.0365,0.0068,0.1484,0.1164
538,H01835,-73.1409,5.0781,0.1000,Colombia,7.9389,8.6918,46.4332,36.4411,0.3256,0.5306,0.4760,0.6567,0.7102,0.5355,0.2710,0.3255,0.4696,0.5238,0.5733,0.2223,0.1279,0.0241,0.0110,0.0123,0.1019,0.0737
539,H00210,-77.0409,2.8264,0.1000,Colombia,7.2924,2.5407,63.9263,17.3182,0.4985,0.5520,0.5474,0.5489,0.9153,0.3604,0.6536,0.4985,0.4482,0.4525,0.5733,0.1858,0.1648,0.0163,0.0266,0.0189,0.0973,0.0637
540,H00007,-78.5409,1.6140,0.1000,Colombia,9.1971,6.5462,86.8801,31.2929,0.9060,0.6817,0.8961,0.8664,0.7817,0.1308,0.3740,0.9060,0.3184,0.1036,0.5732,0.2933,0.1407,0.0059,0.0152,0.0343,0.0691,0.0146
541,H02805,-70.7409,0.4016,0.1000,Colombia,9.8638,29.6511,34.4787,22.4741,0.1772,0.3146,0.7676,0.9776,0.0112,0.6551,0.5505,0.1770,0.6858,0.2321,0.5731,0.3309,0.0020,0.0295,0.0224,0.0067,0.1488,0.0327
542,H00825,-75.3909,10.5341,0.1000,Colombia,9.5191,26.2292,39.7635,16.8353,0.7421,0.3562,0.8793,0.9201,0.1253,0.6022,0.6633,0.7421,0.6441,0.1204,0.5730,0.3115,0.0226,0.0272,0.0270,0.0281,0.1398,0.0169
543,H00280,-76.8909,6.5503,0.1000,Colombia,9.3400,24.7341,83.6928,36.1231,0.8911,0.6278,0.2427,0.8903,0.1752,0.1627,0.2773,0.8911,0.3724,0.7572,0.5727,0.3014,0.0315,0.0073,0.0113,0.0338,0.0808,0.1066
544,H00745,-75.5409,7.1566,0.1000,Colombia,9.3974,1.7876,15.3749,23.6402,0.4012,0.9539,0.9002,0.8998,0.9404,0.8462,0.5271,0.4011,0.0460,0.0995,0.5727,0.3046,0.1693,0.0382,0.0214,0.0152,0.0100,0.0140
545,H01875,-72.9909,-1.4171,0.1000,Colombia,7.2534,4.6909,29.1294,28.0135,0.9703,0.5219,0.6679,0.5424,0.8436,0.7086,0.4396,0.9704,0.4783,0.3319,0.5726,0.1836,0.1519,0.0319,0.0179,0.0368,0.1038,0.0467
546,H02382,-71.9409,5.2513,0.1000,Colombia,9.4998,22.9545,90.3408,35.8046,0.8246,0.5437,0.4776,0.9169,0.2345,0.0962,0.2837,0.8246,0.4565,0.5223,0.5723,0.3104,0.0422,0.0043,0.0115,0.0312,0.0991,0.0735
547,H01165,-74.4909,2.2202,0.1000,Colombia,8.9078,2.0456,70.4104,47.9917,0.3239,0.6834,0.7750,0.8182,0.9318,0.2956,0.0399,0.3238,0.3167,0.2247,0.5723,0.2770,0.1678,0.0133,0.0016,0.0123,0.0687,0.0316
548,H01209,-74.4909,9.8412,0.1000,Colombia,9.9827,16.3367,41.3926,37.4763,0.0554,0.7133,0.6334,0.9974,0.4552,0.5859,0.2503,0.0552,0.2869,0.3664,0.5721,0.3377,0.0820,0.0264,0.0102,0.0021,0.0623,0.0516
549,H01469,-73.8909,6.2039,0.1000,Colombia,8.6943,5.8487,57.3402,34.2105,0.3681,0.9988,0.1771,0.7826,0.8050,0.4263,0.3156,0.3680,0.0011,0.8229,0.5719,0.2649,0.1449,0.0192,0.0128,0.0139,0.0002,0.1158
550,H00700,-75.6909,8.8020,0.1000,Colombia,7.1955,5.3146,82.1801,21.1950,0.4415,0.7458,0.0058,0.5327,0.8228,0.1778,0.5761,0.4414,0.2543,0.9943,0.5718,0.1803,0.1481,0.0080,0.0234,0.0167,0.0552,0.1400
551,H03369,-68.9409,4.2121,0.1000,Colombia,8.1678,25.2760,47.3920,19.4398,0.6533,0.4964,0.1088,0.6948,0.1571,0.5259,0.6112,0.6533,0.5039,0.8912,0.5716,0.2352,0.0283,0.0237,0.0249,0.0248,0.1094,0.1255
552,H00444,-76.2909,0.8346,0.1000,Colombia,8.8768,29.7589,51.7630,35.3560,0.7155,0.3429,0.3499,0.8130,0.0076,0.4821,0.2927,0.7155,0.6575,0.6501,0.5715,0.2752,0.0014,0.0217,0.0119,0.0271,0.1427,0.0915
553,H01058,-74.7909,6.7235,0.1000,Colombia,6.8793,3.3777,7.4510,20.8728,0.4638,0.6264,0.3983,0.4800,0.8874,0.9255,0.5825,0.4637,0.3738,0.6016,0.5711,0.1625,0.1598,0.0417,0.0237,0.0176,0.0811,0.0847
554,H00116,-77.3409,1.9604,0.1000,Colombia,8.8220,29.0423,45.4951,26.1836,0.9855,0.6706,0.0027,0.8039,0.0315,0.5449,0.4762,0.9856,0.3295,0.9973,0.5710,0.2721,0.0057,0.0246,0.0194,0.0373,0.0715,0.1404
555,H02389,-71.9409,6.4637,0.1000,Colombia,8.1304,4.7161,19.0457,33.7662,0.3760,0.9797,0.1640,0.6886,0.8428,0.8095,0.3245,0.3758,0.0202,0.8360,0.5708,0.2331,0.1517,0.0365,0.0132,0.0142,0.0044,0.1177
556,H01717,-73.4409,11.1403,0.1000,Colombia,8.1702,2.6090,93.0808,33.9091,0.4507,0.4973,0.7973,0.6952,0.9130,0.0687,0.3216,0.4506,0.5030,0.2024,0.5706,0.2353,0.1644,0.0031,0.0131,0.0171,0.1092,0.0285
557,H02017,-72.6909,-2.2831,0.1000,Colombia,9.3990,5.5977,45.0265,26.0045,0.3284,0.7278,0.9745,0.9001,0.8134,0.5495,0.4798,0.3282,0.2723,0.0252,0.5705,0.3047,0.1464,0.0248,0.0195,0.0124,0.0591,0.0036
558,H01158,-74.4909,1.0078,0.1000,Colombia,9.2311,24.5661,59.5046,38.6840,0.9999,0.5637,0.4133,0.8721,0.1808,0.4047,0.2261,1.0000,0.4366,0.5865,0.5704,0.2952,0.0326,0.0182,0.0092,0.0379,0.0948,0.0826
559,H03432,-68.4909,1.7006,0.1000,Colombia,8.5404,0.6102,88.2048,24.4509,0.9413,0.6915,0.9348,0.7569,0.9797,0.1175,0.5109,0.9413,0.3086,0.0648,0.5704,0.2562,0.1764,0.0053,0.0208,0.0357,0.0670,0.0091
560,H01534,-73.7409,4.9049,0.1000,Colombia,6.4813,3.9386,16.4393,45.0434,0.9378,0.5983,0.2238,0.4137,0.8687,0.8356,0.0989,0.9378,0.4019,0.7762,0.5702,0.1401,0.1564,0.0377,0.0040,0.0355,0.0872,0.1093
561,H01342,-74.1909,8.9752,0.1000,Colombia,9.2096,19.0423,28.6867,30.7022,0.5687,0.9041,0.1464,0.8685,0.3650,0.7130,0.3858,0.5687,0.0959,0.8536,0.5701,0.2940,0.0657,0.0321,0.0157,0.0215,0.0208,0.1202
562,H00534,-76.1409,7.6762,0.1000,Colombia,8.6139,23.3946,65.9423,9.9675,0.7583,0.5307,0.3508,0.7692,0.2198,0.3403,0.8007,0.7583,0.4695,0.6491,0.5699,0.2604,0.0396,0.0153,0.0326,0.0287,0.1019,0.0914
563,H00447,-76.2909,1.3542,0.1000,Colombia,8.5203,22.9609,96.4690,27.6915,0.5066,0.4607,0.1729,0.7536,0.2343,0.0348,0.4461,0.5065,0.5395,0.8271,0.5697,0.2551,0.0422,0.0016,0.0181,0.0192,0.1171,0.1164
564,H03128,-69.9909,5.1647,0.1000,Colombia,9.7089,25.8553,10.0367,44.7835,0.3624,0.5844,0.4755,0.9518,0.1378,0.8996,0.1041,0.3623,0.4158,0.5244,0.5696,0.3222,0.0248,0.0406,0.0042,0.0137,0.0902,0.0738
565,H02085,-72.6909,11.5733,0.1000,Colombia,6.9869,8.8445,9.9932,22.6051,0.5167,0.6136,0.2369,0.4979,0.7051,0.9001,0.5478,0.5166,0.3866,0.7630,0.5692,0.1686,0.1270,0.0406,0.0223,0.0196,0.0839,0.1074
566,H00783,-75.3909,3.2594,0.1000,Colombia,6.0742,5.0966,22.1238,17.1446,0.9546,0.3151,0.6030,0.3458,0.8301,0.7787,0.6571,0.9547,0.6853,0.3968,0.5691,0.1171,0.1495,0.0351,0.0267,0.0362,0.1487,0.0559
567,H02922,-70.4409,1.0944,0.1000,Colombia,8.9007,26.6482,28.0216,29.6223,0.2210,0.3137,0.5315,0.8170,0.1113,0.7197,0.4074,0.2208,0.6867,0.4683,0.5690,0.2766,0.0200,0.0324,0.0166,0.0084,0.1490,0.0659
568,H01521,-73.7409,2.6532,0.1000,Colombia,9.6066,18.0964,19.6483,41.5292,0.8701,0.9979,0.2578,0.9347,0.3965,0.8035,0.1692,0.8702,0.0020,0.7421,0.5688,0.3164,0.0714,0.0362,0.0069,0.0330,0.0004,0.1045
569,H01630,-73.5909,8.9752,0.1000,Colombia,8.5370,17.4621,50.5742,17.4724,0.2813,0.4268,0.6209,0.7564,0.4177,0.4940,0.6505,0.2812,0.5735,0.3789,0.5684,0.2561,0.0752,0.0223,0.0265,0.0106,0.1245,0.0533
570,H00051,-77.9409,2.6532,0.1000,Colombia,8.6508,25.1754,5.3577,3.3084,0.7572,0.6867,0.2924,0.7753,0.1605,0.9464,0.9340,0.7572,0.3135,0.7076,0.5683,0.2625,0.0289,0.0427,0.0380,0.0287,0.0680,0.0996
571,H02351,-71.9409,-0.1181,0.1000,Colombia,9.4797,27.2328,54.7612,49.7996,0.6867,0.5149,0.3565,0.9135,0.0918,0.4521,0.0037,0.6867,0.4853,0.6434,0.5682,0.3092,0.0165,0.0204,0.0001,0.0260,0.1053,0.0906
572,H02895,-70.5909,6.3771,0.1000,Colombia,9.2553,1.5700,82.1126,13.6124,0.3932,0.9671,0.7060,0.8761,0.9477,0.1785,0.7278,0.3931,0.0328,0.2938,0.5682,0.2966,0.1706,0.0080,0.0296,0.0149,0.0071,0.0414
573,H00541,-76.1409,8.8886,0.1000,Colombia,7.6370,16.2090,70.8766,2.2198,0.7467,0.4945,0.3608,0.6063,0.4595,0.2909,0.9557,0.7467,0.5057,0.6391,0.5680,0.2052,0.0827,0.0131,0.0389,0.0283,0.1098,0.0900
574,H00500,-76.1409,1.7872,0.1000,Colombia,8.1890,10.2288,52.7456,47.5802,0.5032,0.7021,0.2476,0.6984,0.6589,0.4723,0.0481,0.5031,0.2980,0.7523,0.5679,0.2364,0.1186,0.0213,0.0020,0.0191,0.0647,0.1059
575,H01240,-74.3409,3.3460,0.1000,Colombia,9.2117,5.7605,22.0129,14.4457,0.2987,0.9729,0.6658,0.8689,0.8079,0.7798,0.7111,0.2985,0.0270,0.3340,0.5679,0.2942,0.1455,0.0352,0.0289,0.0113,0.0059,0.0470
576,H00450,-76.2909,1.8738,0.1000,Colombia,8.6629,3.0853,93.7550,0.5600,0.2576,0.9025,0.5089,0.7774,0.8971,0.0620,0.9890,0.2574,0.0975,0.4910,0.5677,0.2632,0.1615,0.0028,0.0402,0.0097,0.0212,0.0691
577,H00002,-78.6909,1.3542,0.1000,Colombia,8.3920,25.3536,4.6069,44.4546,0.2434,0.3804,0.2846,0.7322,0.1545,0.9540,0.1106,0.2432,0.6199,0.7153,0.5676,0.2479,0.0278,0.0430,0.0045,0.0092,0.1345,0.1007
578,H01627,-73.5909,8.4556,0.1000,Colombia,7.2150,15.0584,6.4491,14.6167,0.8710,0.3367,0.6554,0.5360,0.4978,0.9355,0.7077,0.8710,0.6637,0.3444,0.5675,0.1815,0.0896,0.0422,0.0288,0.0330,0.1441,0.0485
579,H02332,-72.0909,6.8967,0.1000,Colombia,7.6228,0.2128,69.0701,20.9600,0.9692,0.5764,0.8741,0.6040,0.9929,0.3090,0.5808,0.9693,0.4238,0.1256,0.5672,0.2045,0.1788,0.0139,0.0236,0.0367,0.0920,0.0177
580,H02412,-71.7909,0.4882,0.1000,Colombia,6.9135,3.8671,32.1662,17.3429,0.0159,0.7516,0.0465,0.4857,0.8711,0.6782,0.6531,0.0157,0.2485,0.9535,0.5671,0.1644,0.1568,0.0306,0.0266,0.0006,0.0539,0.1342
581,H02078,-72.6909,8.2824,0.1000,Colombia,9.9099,17.8105,16.4734,46.9740,0.6133,0.6330,0.8756,0.9853,0.4061,0.8352,0.0602,0.6132,0.3671,0.1241,0.5671,0.3336,0.0731,0.0377,0.0024,0.0232,0.0797,0.0175
582,H01136,-74.6409,8.7154,0.1000,Colombia,9.1072,13.3255,44.7332,0.1873,0.1295,0.7459,0.6210,0.8514,0.5556,0.5525,0.9964,0.1293,0.2542,0.3788,0.5671,0.2882,0.1000,0.0249,0.0405,0.0049,0.0552,0.0533
583,H02956,-70.4409,6.9833,0.1000,Colombia,8.3739,0.1759,84.9132,0.5813,0.5304,0.8441,0.7167,0.7292,0.9942,0.1505,0.9885,0.5303,0.1559,0.2831,0.5666,0.2469,0.1790,0.0068,0.0402,0.0201,0.0338,0.0398
584,H00092,-77.4909,2.0470,0.1000,Colombia,8.5647,8.3239,48.2356,9.9052,0.7608,0.5691,0.9966,0.7610,0.7224,0.5174,0.8020,0.7608,0.4311,0.0031,0.5664,0.2576,0.1301,0.0233,0.0326,0.0288,0.0936,0.0004
585,H01856,-73.1409,8.7154,0.1000,Colombia,8.5303,9.3850,39.9040,12.9444,0.4297,0.7542,0.5733,0.7553,0.6870,0.6008,0.7411,0.4296,0.2459,0.4265,0.5663,0.2557,0.1237,0.0271,0.0301,0.0163,0.0534,0.0600
586,H02459,-71.6409,-1.3305,0.1000,Colombia,6.4107,9.2126,83.5571,30.7896,0.8226,0.4237,0.1061,0.4019,0.6928,0.1640,0.3841,0.8226,0.5766,0.8939,0.5659,0.1361,0.1247,0.0074,0.0156,0.0312,0.1251,0.1258
587,H01645,-73.4409,-1.3305,0.1000,Colombia,8.5316,6.1198,11.2504,40.2198,0.3283,0.5393,0.9557,0.7555,0.7959,0.8875,0.1954,0.3282,0.4609,0.0440,0.5657,0.2558,0.1433,0.0400,0.0079,0.0124,0.1000,0.0062
588,H01415,-74.0409,9.2350,0.1000,Colombia,9.6196,9.0833,44.9148,49.0864,0.9076,0.9324,0.6560,0.9369,0.6971,0.5507,0.0180,0.9077,0.0676,0.3438,0.5657,0.3172,0.1255,0.0248,0.0007,0.0344,0.0147,0.0484
589,H00684,-75.6909,6.0307,0.1000,Colombia,9.5763,17.8704,0.2347,34.4985,0.6989,0.6597,0.8569,0.9296,0.4041,0.9977,0.3099,0.6989,0.3405,0.1428,0.5655,0.3147,0.0728,0.0450,0.0126,0.0265,0.0739,0.0201
590,H02980,-70.2909,0.6614,0.1000,Colombia,6.6260,8.1695,97.5983,12.0771,0.5347,0.5510,0.0293,0.4378,0.7276,0.0235,0.7585,0.5347,0.4493,0.9708,0.5655,0.1482,0.1310,0.0011,0.0308,0.0203,0.0975,0.1367
591,H01916,-72.9909,5.6843,0.1000,Colombia,9.3172,4.0025,35.5132,31.0280,0.1547,0.7593,0.9528,0.8864,0.8666,0.6447,0.3793,0.1545,0.2407,0.0468,0.5653,0.3001,0.1560,0.0291,0.0154,0.0059,0.0522,0.0066
592,H02442,-71.7909,5.6843,0.1000,Colombia,8.5714,14.7094,38.7952,20.2258,0.4491,0.9111,0.0962,0.7621,0.5095,0.6119,0.5954,0.4490,0.0889,0.9038,0.5651,0.2580,0.0917,0.0276,0.0242,0.0170,0.0193,0.1272
593,H01261,-74.3409,6.9833,0.1000,Colombia,8.7854,18.0284,13.5038,37.9466,0.0709,0.5099,0.5358,0.7978,0.3988,0.8649,0.2409,0.0707,0.4904,0.4640,0.5651,0.2701,0.0718,0.0390,0.0098,0.0027,0.1064,0.0653
594,H00250,-76.8909,1.3542,0.1000,Colombia,5.7667,10.6469,34.2967,15.7259,0.4087,0.3071,0.1082,0.2945,0.6450,0.6569,0.6855,0.4085,0.6933,0.8918,0.5648,0.0997,0.1161,0.0296,0.0279,0.0155,0.1505,0.1255
595,H02227,-72.2409,-0.6377,0.1000,Colombia,7.5901,2.8068,87.1272,9.0531,0.5772,0.6549,0.5533,0.5985,0.9064,0.1283,0.8190,0.5771,0.3453,0.4466,0.5646,0.2026,0.1632,0.0058,0.0333,0.0219,0.0749,0.0629
596,H01304,-74.1909,2.3934,0.1000,Colombia,8.2544,10.1647,54.1335,12.5832,0.1362,0.7341,0.3509,0.7093,0.6610,0.4584,0.7484,0.1360,0.2660,0.6491,0.5645,0.2401,0.1190,0.0207,0.0304,0.0052,0.0577,0.0914
597,H00065,-77.7909,7.4164,0.1000,Colombia,7.2562,22.5231,97.8265,0.2860,0.3477,0.3416,0.0166,0.5428,0.2489,0.0213,0.9944,0.3476,0.6588,0.9834,0.5645,0.1837,0.0448,0.0010,0.0404,0.0132,0.1430,0.1384
598,H00984,-74.9409,5.2513,0.1000,Colombia,8.3691,8.0748,37.9461,2.1075,0.4575,0.9161,0.4043,0.7284,0.7307,0.6204,0.9580,0.4574,0.0838,0.5956,0.5644,0.2466,0.1316,0.0280,0.0389,0.0173,0.0182,0.0838
599,H02385,-71.9409,5.7709,0.1000,Colombia,7.4932,19.4477,86.0248,2.3318,0.6786,0.5236,0.0787,0.5824,0.3515,0.1393,0.9535,0.6786,0.4766,0.9213,0.5643,0.1972,0.0633,0.0063,0.0388,0.0257,0.1034,0.1297
600,H02041,-72.6909,1.8738,0.1000,Colombia,7.3673,20.2859,52.1884,16.9782,0.7140,0.3310,0.3245,0.5614,0.3235,0.4779,0.6604,0.7139,0.6694,0.6755,0.5641,0.1900,0.0583,0.0215,0.0268,0.0270,0.1453,0.0951
601,H02500,-71.6409,5.7709,0.1000,Colombia,8.9651,21.0720,13.8379,21.8145,0.6079,0.6094,0.5697,0.8278,0.2973,0.8616,0.5637,0.6078,0.3908,0.4301,0.5639,0.2802,0.0535,0.0388,0.0229,0.0230,0.0848,0.0605
602,H02058,-72.6909,4.8183,0.1000,Colombia,7.9058,9.4249,40.4110,42.3895,0.7197,0.3103,0.9310,0.6512,0.6857,0.5957,0.1520,0.7197,0.6901,0.0687,0.5637,0.2205,0.1235,0.0269,0.0062,0.0273,0.1498,0.0097
603,H03370,-68.9409,4.3853,0.1000,Colombia,5.3123,9.0962,19.3700,5.9550,0.2340,0.3004,0.0709,0.2188,0.6967,0.8062,0.8810,0.2338,0.7000,0.9291,0.5632,0.0741,0.1254,0.0364,0.0358,0.0089,0.1519,0.1308
604,H02233,-72.2409,0.4016,0.1000,Colombia,9.1136,9.6005,48.7016,41.9685,0.1753,0.5376,0.8901,0.8525,0.6799,0.5128,0.1604,0.1751,0.4626,0.1096,0.5631,0.2886,0.1224,0.0231,0.0065,0.0066,0.1004,0.0154
605,H02952,-70.4409,6.2905,0.1000,Colombia,8.2860,16.8035,38.7899,29.0692,0.1626,0.5886,0.2753,0.7145,0.4396,0.6119,0.4185,0.1624,0.4116,0.7247,0.5631,0.2419,0.0791,0.0276,0.0170,0.0062,0.0893,0.1020
606,H02429,-71.7909,3.4326,0.1000,Colombia,9.3304,21.0104,81.7259,35.6094,0.2301,0.4263,0.6087,0.8887,0.2994,0.1823,0.2876,0.2299,0.5740,0.3911,0.5630,0.3009,0.0539,0.0082,0.0117,0.0087,0.1246,0.0551
607,H01012,-74.9409,10.1010,0.1000,Colombia,9.6644,15.0174,2.4427,17.8398,0.6137,0.8953,0.7357,0.9443,0.4992,0.9756,0.6432,0.6137,0.1047,0.2641,0.5628,0.3197,0.0899,0.0440,0.0261,0.0232,0.0227,0.0372
608,H01148,-74.6409,10.7939,0.1000,Colombia,9.1035,7.4581,57.5501,1.8892,0.6810,0.9620,0.6641,0.8508,0.7513,0.4242,0.9624,0.6809,0.0380,0.3356,0.5628,0.2880,0.1353,0.0191,0.0391,0.0258,0.0083,0.0472
609,H00627,-75.8409,5.4245,0.1000,Colombia,8.4848,22.6876,23.1349,49.9280,0.1352,0.3279,0.4350,0.7477,0.2434,0.7686,0.0011,0.1350,0.6725,0.5649,0.5622,0.2531,0.0438,0.0347,0.0000,0.0051,0.1460,0.0795
610,H03091,-69.9909,-2.1099,0.1000,Colombia,9.7455,27.8977,25.3245,33.9535,0.1078,0.4573,0.5967,0.9579,0.0697,0.7467,0.3208,0.1076,0.5430,0.4031,0.5622,0.3243,0.0126,0.0337,0.0130,0.0041,0.1178,0.0568
611,H02542,-71.4909,2.9130,0.1000,Colombia,9.0755,21.6999,17.5626,9.2583,0.8891,0.9783,0.1676,0.8462,0.2764,0.8243,0.8149,0.8891,0.0216,0.8324,0.5621,0.2865,0.0498,0.0372,0.0331,0.0337,0.0047,0.1172
612,H02044,-72.6909,2.3934,0.1000,Colombia,9.1608,18.8504,71.9470,39.1811,0.2390,0.3573,0.7590,0.8604,0.3714,0.2802,0.2162,0.2389,0.6430,0.2408,0.5621,0.2913,0.0669,0.0126,0.0088,0.0091,0.1396,0.0339
613,H01257,-74.3409,6.2905,0.1000,Colombia,6.9496,5.9006,51.3876,48.9725,0.7578,0.5911,0.2153,0.4917,0.8032,0.4859,0.0202,0.7578,0.4091,0.7847,0.5618,0.1664,0.1446,0.0219,0.0008,0.0287,0.0888,0.1105
614,H00219,-77.0409,4.3853,0.1000,Colombia,9.0953,13.7737,11.6274,1.6702,0.8725,0.8346,0.7967,0.8495,0.5407,0.8837,0.9667,0.8726,0.1654,0.2031,0.5616,0.2876,0.0974,0.0398,0.0393,0.0331,0.0359,0.0286
615,H02469,-71.6409,0.4016,0.1000,Colombia,7.2581,7.3040,80.9035,25.0046,0.7955,0.5900,0.3369,0.5432,0.7564,0.1906,0.4998,0.7955,0.4102,0.6630,0.5615,0.1839,0.1362,0.0086,0.0203,0.0301,0.0890,0.0933
616,H00947,-75.0909,10.0144,0.1000,Colombia,9.4001,26.3926,73.0515,49.5999,0.2847,0.5855,0.1341,0.9003,0.1199,0.2691,0.0077,0.2845,0.4147,0.8659,0.5615,0.3048,0.0216,0.0121,0.0003,0.0108,0.0900,0.1219
617,H03424,-68.6409,4.9049,0.1000,Colombia,9.0227,19.9087,38.2365,15.2222,0.1893,0.9049,0.0527,0.8374,0.3361,0.6175,0.6956,0.1891,0.0951,0.9473,0.5613,0.2835,0.0605,0.0278,0.0283,0.0072,0.0206,0.1333
618,H02409,-71.7909,-0.0315,0.1000,Colombia,6.7240,2.7216,2.1627,10.5735,0.6669,0.8371,0.2403,0.4541,0.9093,0.9784,0.7886,0.6669,0.1629,0.7596,0.5612,0.1537,0.1637,0.0441,0.0321,0.0253,0.0353,0.1069
619,H00841,-75.2409,2.6532,0.1000,Colombia,7.9812,20.7615,41.4847,2.9398,0.4788,0.3545,0.5871,0.6637,0.3077,0.5850,0.9413,0.4787,0.6459,0.4127,0.5611,0.2247,0.0554,0.0264,0.0383,0.0181,0.1402,0.0581
620,H00959,-74.9409,0.9212,0.1000,Colombia,8.4282,22.8002,36.4818,49.7407,0.3557,0.3278,0.4348,0.7382,0.2397,0.6350,0.0049,0.3556,0.6726,0.5651,0.5609,0.2499,0.0432,0.0286,0.0002,0.0135,0.1460,0.0795
621,H02589,-71.3409,1.0944,0.1000,Colombia,8.2837,2.7126,35.3005,19.5666,0.1371,0.9667,0.3675,0.7142,0.9096,0.6469,0.6086,0.1369,0.0333,0.6324,0.5609,0.2418,0.1638,0.0292,0.0247,0.0052,0.0072,0.0890
622,H01833,-73.1409,4.7317,0.1000,Colombia,8.4884,16.3440,39.2735,37.2734,0.8448,0.8702,0.0924,0.7483,0.4550,0.6071,0.2543,0.8448,0.1298,0.9076,0.5609,0.2533,0.0819,0.0274,0.0103,0.0320,0.0282,0.1278
623,H01618,-73.5909,6.8967,0.1000,Colombia,7.3467,12.3219,43.9029,38.8896,0.7785,0.4091,0.4761,0.5579,0.5891,0.5608,0.2220,0.7785,0.5912,0.5238,0.5608,0.1889,0.1061,0.0253,0.0090,0.0295,0.1283,0.0737
624,H01171,-74.4909,3.2594,0.1000,Colombia,9.8871,26.2771,93.1535,3.6341,0.4647,0.8576,0.1690,0.9815,0.1237,0.0680,0.9274,0.4646,0.1424,0.8310,0.5608,0.3323,0.0223,0.0031,0.0377,0.0176,0.0309,0.1170
625,H02717,-71.0409,3.8657,0.1000,Colombia,9.8452,16.1428,26.9796,30.0538,0.3126,0.6158,0.9763,0.9745,0.4617,0.7301,0.3988,0.3124,0.3844,0.0234,0.5607,0.3299,0.0831,0.0329,0.0162,0.0118,0.0834,0.0033
626,H02084,-72.6909,11.4001,0.1000,Colombia,7.2322,8.7675,55.5263,40.0346,0.6515,0.3007,0.6729,0.5388,0.7076,0.4445,0.1991,0.6514,0.6997,0.3269,0.5605,0.1824,0.1274,0.0200,0.0081,0.0247,0.1519,0.0460
627,H01522,-73.7409,2.8264,0.1000,Colombia,6.1097,2.3915,25.1430,17.7725,0.8924,0.4310,0.5861,0.3517,0.9203,0.7485,0.6445,0.8925,0.5693,0.4137,0.5603,0.1191,0.1657,0.0338,0.0262,0.0338,0.1236,0.0582
628,H02179,-72.3909,2.0470,0.1000,Colombia,7.0759,15.0863,50.8406,27.4469,0.8227,0.4401,0.2632,0.5128,0.4969,0.4914,0.4510,0.8227,0.5602,0.7367,0.5600,0.1736,0.0895,0.0221,0.0183,0.0312,0.1216,0.1037
629,H02536,-71.4909,1.8738,0.1000,Colombia,8.4429,16.2065,63.4055,8.0358,0.5361,0.5007,0.6688,0.7407,0.4596,0.3657,0.8394,0.5360,0.4996,0.3310,0.5594,0.2507,0.0828,0.0165,0.0341,0.0203,0.1084,0.0466
630,H03373,-68.9409,4.9049,0.1000,Colombia,7.9718,4.7211,91.1256,12.4947,0.4716,0.8698,0.2694,0.6622,0.8426,0.0883,0.7501,0.4715,0.1302,0.7306,0.5593,0.2242,0.1517,0.0040,0.0305,0.0179,0.0283,0.1028
631,H01161,-74.4909,1.5274,0.1000,Colombia,4.7732,0.0179,8.9632,21.4376,0.8426,0.5256,0.0301,0.1289,0.9994,0.9104,0.5712,0.8426,0.4746,0.9699,0.5593,0.0436,0.1799,0.0410,0.0232,0.0319,0.1030,0.1365
632,H03095,-69.9909,-1.4171,0.1000,Colombia,8.0348,2.9564,24.2311,7.5366,0.2517,0.9446,0.4400,0.6726,0.9014,0.7576,0.8494,0.2515,0.0554,0.5599,0.5590,0.2277,0.1623,0.0342,0.0345,0.0095,0.0120,0.0788
633,H01512,-73.7409,1.0944,0.1000,Colombia,9.7331,7.4923,43.1844,38.6818,0.9336,0.9035,0.9346,0.9558,0.7502,0.5680,0.2261,0.9337,0.0964,0.0651,0.5589,0.3236,0.1351,0.0256,0.0092,0.0354,0.0209,0.0092
634,H00126,-77.3409,4.0389,0.1000,Colombia,8.9081,24.5222,98.4929,47.3282,0.9825,0.6226,0.0970,0.8182,0.1822,0.0146,0.0531,0.9826,0.3776,0.9030,0.5589,0.2770,0.0328,0.0007,0.0022,0.0372,0.0819,0.1271
635,H00748,-75.5409,7.6762,0.1000,Colombia,9.4388,15.7020,73.1705,14.7161,0.1340,0.8986,0.3022,0.9067,0.4764,0.2679,0.7057,0.1338,0.1014,0.6978,0.5588,0.3069,0.0858,0.0121,0.0287,0.0051,0.0220,0.0982
636,H01322,-74.1909,5.5111,0.1000,Colombia,9.2307,17.0687,64.8209,37.6607,0.2528,0.7691,0.2880,0.8720,0.4308,0.3515,0.2466,0.2527,0.2310,0.7119,0.5586,0.2952,0.0776,0.0158,0.0100,0.0096,0.0501,0.1002
637,H02654,-71.1909,2.3934,0.1000,Colombia,8.6054,19.1467,5.4905,35.4477,0.6510,0.5023,0.6702,0.7678,0.3615,0.9451,0.2909,0.6509,0.4980,0.3296,0.5586,0.2599,0.0651,0.0426,0.0118,0.0247,0.1081,0.0464
638,H02244,-72.2409,2.3068,0.1000,Colombia,9.1342,17.5981,91.8193,20.0663,0.7394,0.9849,0.0393,0.8559,0.4132,0.0814,0.5986,0.7394,0.0150,0.9607,0.5586,0.2897,0.0744,0.0037,0.0243,0.0280,0.0033,0.1352
639,H00831,-75.2409,0.9212,0.1000,Colombia,6.7146,5.4268,25.7119,15.4785,0.8330,0.8206,0.1075,0.4526,0.8191,0.7428,0.6904,0.8330,0.1794,0.8925,0.5584,0.1532,0.1475,0.0335,0.0281,0.0316,0.0389,0.1256
640,H01915,-72.9909,5.5111,0.1000,Colombia,8.3324,16.3628,41.1047,7.5368,0.2019,0.5746,0.4955,0.7223,0.4543,0.5888,0.8493,0.2018,0.4256,0.5044,0.5584,0.2445,0.0818,0.0266,0.0345,0.0076,0.0924,0.0710
641,H01052,-74.7909,5.6843,0.1000,Colombia,9.6344,25.1656,87.3556,44.7860,0.8940,0.4453,0.6641,0.9393,0.1608,0.1260,0.1040,0.8940,0.5550,0.3357,0.5584,0.3180,0.0290,0.0057,0.0042,0.0339,0.1205,0.0473
642,H03555,-67.8909,4.9915,0.1000,Colombia,7.7440,14.4904,8.5044,1.9077,0.8761,0.8448,0.2424,0.6242,0.5168,0.9150,0.9620,0.8762,0.1552,0.7576,0.5582,0.2113,0.0930,0.0413,0.0391,0.0332,0.0337,0.1066
643,H00220,-77.0409,4.5585,0.1000,Colombia,7.9457,9.0986,53.6410,4.5542,0.5247,0.6595,0.5863,0.6578,0.6966,0.4633,0.9090,0.5246,0.3407,0.4135,0.5580,0.2227,0.1254,0.0209,0.0370,0.0199,0.0739,0.0582
644,H00632,-75.8409,6.2905,0.1000,Colombia,7.0701,3.6134,0.9201,36.3053,0.4570,0.8167,0.1953,0.5118,0.8795,0.9908,0.2737,0.4569,0.1834,0.8047,0.5578,0.1733,0.1583,0.0447,0.0111,0.0173,0.0398,0.1133
645,H03376,-68.9409,5.4245,0.1000,Colombia,8.5651,7.2214,64.8747,49.3199,0.0537,0.7288,0.3886,0.7611,0.7592,0.3510,0.0133,0.0534,0.2713,0.6113,0.5577,0.2576,0.1367,0.0158,0.0005,0.0020,0.0589,0.0861
646,H03359,-68.9409,2.4800,0.1000,Colombia,7.9571,16.3984,13.9527,40.6631,0.2299,0.3255,0.6374,0.6597,0.4532,0.8604,0.1865,0.2297,0.6749,0.3624,0.5575,0.2233,0.0816,0.0388,0.0076,0.0087,0.1465,0.0510
647,H01766,-73.2909,6.5503,0.1000,Colombia,8.4241,15.1351,16.5370,1.7491,0.1438,0.5686,0.6978,0.7376,0.4953,0.8346,0.9652,0.1436,0.4316,0.3020,0.5574,0.2497,0.0892,0.0376,0.0392,0.0054,0.0937,0.0425
648,H01298,-74.1909,1.3542,0.1000,Colombia,7.8186,5.8637,68.0046,8.7587,0.1170,0.7221,0.4012,0.6366,0.8045,0.3196,0.8249,0.1168,0.2780,0.5987,0.5573,0.2155,0.1449,0.0144,0.0335,0.0044,0.0603,0.0843
649,H03276,-69.3909,1.0078,0.1000,Colombia,9.0600,27.0228,45.2998,18.5614,0.6794,0.6814,0.2282,0.8436,0.0988,0.5468,0.6288,0.6794,0.3187,0.7718,0.5571,0.2856,0.0178,0.0246,0.0256,0.0257,0.0692,0.1086
650,H02947,-70.4409,5.4245,0.1000,Colombia,7.0533,5.5144,42.7442,31.4430,0.4897,0.5242,0.4666,0.5090,0.8161,0.5724,0.3710,0.4896,0.4760,0.5333,0.5571,0.1723,0.1469,0.0258,0.0151,0.0186,0.1033,0.0751
651,H02069,-72.6909,6.7235,0.1000,Colombia,5.9813,4.3272,9.8495,42.4772,0.9613,0.6520,0.0599,0.3303,0.8557,0.9015,0.1502,0.9613,0.3482,0.9401,0.5570,0.1118,0.1541,0.0406,0.0061,0.0364,0.0756,0.1323
652,H00594,-75.9909,8.9752,0.1000,Colombia,9.3807,1.7108,45.1639,39.2900,0.4718,0.9664,0.8235,0.8970,0.9430,0.5482,0.2140,0.4717,0.0335,0.1762,0.5568,0.3037,0.1698,0.0247,0.0087,0.0179,0.0073,0.0248
653,H00813,-75.3909,8.4556,0.1000,Colombia,9.5251,5.3709,70.5063,18.5930,0.7523,0.9405,0.8824,0.9211,0.8209,0.2946,0.6281,0.7523,0.0595,0.1173,0.5564,0.3118,0.1478,0.0133,0.0255,0.0285,0.0129,0.0165
654,H02642,-71.1909,0.3150,0.1000,Colombia,8.6909,19.9047,26.3364,34.1390,0.6327,0.4049,0.7758,0.7820,0.3362,0.7365,0.3170,0.6327,0.5954,0.2240,0.5561,0.2647,0.0605,0.0332,0.0129,0.0240,0.1292,0.0315
655,H00979,-74.9409,4.3853,0.1000,Colombia,7.5811,12.8240,15.7661,40.8957,0.0229,0.4837,0.3468,0.5970,0.5724,0.8423,0.1818,0.0227,0.5166,0.6531,0.5554,0.2021,0.1031,0.0380,0.0074,0.0009,0.1121,0.0919
656,H02055,-72.6909,4.2987,0.1000,Colombia,8.0141,25.5256,73.2301,44.3148,0.5469,0.3103,0.1845,0.6692,0.1488,0.2674,0.1134,0.5469,0.6901,0.8155,0.5553,0.2265,0.0268,0.0121,0.0046,0.0207,0.1498,0.1148
657,H01958,-72.8409,0.0551,0.1000,Colombia,7.8171,19.3893,95.3921,2.6412,0.7286,0.3857,0.4731,0.6364,0.3534,0.0456,0.9473,0.7286,0.6147,0.5268,0.5548,0.2154,0.0636,0.0021,0.0385,0.0276,0.1334,0.0742
658,H02029,-72.6909,-0.2047,0.1000,Colombia,7.9250,17.8904,12.9706,47.9174,0.3022,0.6264,0.0976,0.6544,0.4034,0.8703,0.0413,0.3021,0.3738,0.9024,0.5547,0.2215,0.0726,0.0392,0.0017,0.0114,0.0811,0.1270
659,H02120,-72.5409,3.5192,0.1000,Colombia,8.8216,20.4801,11.2383,11.8574,0.6986,0.8059,0.3903,0.8038,0.3170,0.8876,0.7629,0.6986,0.1941,0.6096,0.5546,0.2721,0.0571,0.0400,0.0310,0.0265,0.0421,0.0858
660,H02949,-70.4409,5.7709,0.1000,Colombia,9.5975,4.6452,72.7593,43.8243,0.4716,0.8462,0.8726,0.9332,0.8451,0.2721,0.1232,0.4715,0.1538,0.1271,0.5545,0.3159,0.1522,0.0123,0.0050,0.0179,0.0334,0.0179
661,H02978,-70.2909,0.3150,0.1000,Colombia,8.2222,25.6320,2.8457,19.8576,0.4388,0.4664,0.3676,0.7039,0.1452,0.9716,0.6028,0.4387,0.5338,0.6323,0.5542,0.2383,0.0261,0.0438,0.0245,0.0166,0.1158,0.0890
662,H02324,-72.0909,5.5111,0.1000,Colombia,8.9427,8.4385,64.5278,34.6404,0.4943,0.6231,0.8808,0.8240,0.7186,0.3544,0.3070,0.4942,0.3771,0.1189,0.5541,0.2789,0.1294,0.0160,0.0125,0.0187,0.0818,0.0167
663,H02783,-70.8909,6.0307,0.1000,Colombia,8.7589,13.2181,33.2657,44.6397,0.2254,0.8822,0.1752,0.7934,0.5592,0.6672,0.1069,0.2252,0.1178,0.8248,0.5539,0.2686,0.1007,0.0301,0.0043,0.0085,0.0256,0.1161
664,H00453,-76.2909,2.3934,0.1000,Colombia,9.4381,20.2152,48.2424,33.2172,0.6050,0.5190,0.8301,0.9066,0.3259,0.5174,0.3355,0.6049,0.4812,0.1696,0.5538,0.3069,0.0587,0.0233,0.0136,0.0229,0.1044,0.0239
665,H00166,-77.1909,3.4326,0.1000,Colombia,5.9247,9.8038,16.2498,33.7873,0.3328,0.3584,0.1394,0.3209,0.6731,0.8375,0.3241,0.3326,0.6420,0.8606,0.5538,0.1086,0.1212,0.0378,0.0132,0.0126,0.1393,0.1211
666,H01480,-73.8909,8.1092,0.1000,Colombia,8.9070,13.1370,80.5970,39.5037,0.4360,0.4955,0.7723,0.8181,0.5619,0.1936,0.2097,0.4359,0.5047,0.2275,0.5534,0.2769,0.1012,0.0087,0.0085,0.0165,0.1095,0.0320
667,H02979,-70.2909,0.4882,0.1000,Colombia,9.8215,22.4700,62.9355,29.9495,0.9341,0.5758,0.8639,0.9705,0.2507,0.3704,0.4009,0.9341,0.4244,0.1358,0.5533,0.3285,0.0451,0.0167,0.0163,0.0354,0.0921,0.0191
668,H00905,-75.0909,2.7398,0.1000,Colombia,9.3560,25.8499,6.3536,26.6669,0.0106,0.8654,0.0396,0.8929,0.1380,0.9365,0.4666,0.0104,0.1346,0.9604,0.5531,0.3023,0.0249,0.0422,0.0190,0.0004,0.0292,0.1352
669,H03451,-68.4909,4.9915,0.1000,Colombia,8.0487,1.0289,95.4346,40.6818,0.0186,0.6025,0.6170,0.6750,0.9657,0.0452,0.1861,0.0183,0.3977,0.3828,0.5529,0.2285,0.1739,0.0020,0.0076,0.0007,0.0863,0.0539
670,H01363,-74.0409,0.2283,0.1000,Colombia,7.7894,0.0283,90.7243,17.5913,0.5746,0.7101,0.6887,0.6317,0.9991,0.0923,0.6482,0.5746,0.2900,0.3111,0.5527,0.2139,0.1799,0.0042,0.0263,0.0218,0.0629,0.0438
671,H00697,-75.6909,8.2824,0.1000,Colombia,7.4874,3.7304,86.3491,40.5035,0.6005,0.7491,0.2428,0.5814,0.8756,0.1361,0.1897,0.6004,0.2510,0.7571,0.5521,0.1968,0.1577,0.0061,0.0077,0.0227,0.0545,0.1066
672,H01050,-74.7909,5.3379,0.1000,Colombia,9.2482,21.2817,33.5557,14.7907,0.2920,0.5959,0.6715,0.8749,0.2903,0.6643,0.7042,0.2919,0.4043,0.3283,0.5520,0.2962,0.0523,0.0300,0.0286,0.0111,0.0877,0.0462
673,H03493,-68.1909,3.2594,0.1000,Colombia,9.2975,26.4446,88.7818,18.6233,0.3683,0.4744,0.4827,0.8832,0.1181,0.1117,0.6275,0.3682,0.5259,0.5172,0.5517,0.2990,0.0213,0.0050,0.0255,0.0140,0.1141,0.0728
674,H02781,-70.8909,5.6843,0.1000,Colombia,9.0619,14.9457,72.9034,24.8623,0.5355,0.5154,0.8758,0.8439,0.5016,0.2706,0.5027,0.5355,0.4848,0.1239,0.5516,0.2857,0.0903,0.0122,0.0204,0.0203,0.1052,0.0174
675,H02031,-72.6909,0.1417,0.1000,Colombia,7.3920,0.7983,50.6930,31.1629,0.1657,0.8823,0.1807,0.5655,0.9734,0.4928,0.3766,0.1655,0.1176,0.8192,0.5513,0.1914,0.1753,0.0222,0.0153,0.0063,0.0255,0.1153
676,H03201,-69.6909,-1.7635,0.1000,Colombia,7.0188,7.0670,8.2927,3.8935,0.4481,0.5487,0.6514,0.5033,0.7644,0.9171,0.9223,0.4480,0.4515,0.3484,0.5509,0.1704,0.1376,0.0413,0.0375,0.0170,0.0980,0.0490
677,H01051,-74.7909,5.5111,0.1000,Colombia,7.1736,3.1620,97.6020,3.3514,0.7781,0.9292,0.0989,0.5291,0.8946,0.0235,0.9331,0.7781,0.0707,0.9011,0.5508,0.1791,0.1611,0.0011,0.0379,0.0295,0.0153,0.1268
678,H01461,-73.8909,4.8183,0.1000,Colombia,7.9074,18.4256,65.8284,25.2558,0.9281,0.4817,0.4499,0.6514,0.3856,0.3414,0.4948,0.9282,0.5186,0.5500,0.5506,0.2205,0.0694,0.0154,0.0201,0.0352,0.1125,0.0774
679,H00968,-74.9409,2.4800,0.1000,Colombia,7.3984,22.9758,57.7200,8.0836,0.8645,0.5104,0.1164,0.5666,0.2338,0.4225,0.8384,0.8645,0.4899,0.8836,0.5505,0.1918,0.0421,0.0191,0.0341,0.0328,0.1063,0.1244
680,H00502,-76.1409,2.1336,0.1000,Colombia,5.8572,12.1977,0.0790,7.2449,0.8775,0.4593,0.2304,0.3096,0.5932,0.9993,0.8552,0.8776,0.5410,0.7696,0.5504,0.1048,0.1068,0.0450,0.0348,0.0332,0.1174,0.1083
681,H02749,-70.8909,0.1417,0.1000,Colombia,7.8157,13.6640,63.4253,22.8447,0.8325,0.6189,0.4021,0.6361,0.5443,0.3655,0.5430,0.8325,0.3812,0.5978,0.5503,0.2153,0.0980,0.0165,0.0221,0.0315,0.0827,0.0842
682,H00062,-77.7909,2.5666,0.1000,Colombia,8.9724,11.3925,10.6130,20.7260,0.8770,0.8829,0.7511,0.8290,0.6201,0.8939,0.5854,0.8770,0.1171,0.2487,0.5500,0.2806,0.1116,0.0403,0.0238,0.0332,0.0254,0.0350
683,H00233,-77.0409,6.8101,0.1000,Colombia,6.9551,21.4426,36.8295,6.5662,0.6575,0.4792,0.0753,0.4927,0.2849,0.6316,0.8688,0.6575,0.5210,0.9247,0.5500,0.1668,0.0513,0.0285,0.0353,0.0249,0.1131,0.1302
684,H01844,-73.1409,6.6369,0.1000,Colombia,9.6585,28.6400,36.9999,21.3602,0.6345,0.9021,0.1090,0.9433,0.0449,0.6299,0.5727,0.6344,0.0978,0.8910,0.5498,0.3193,0.0081,0.0284,0.0233,0.0240,0.0212,0.1254
685,H02846,-70.5909,-2.1099,0.1000,Colombia,8.7253,20.5827,20.2657,1.9903,0.1694,0.6967,0.4363,0.7878,0.3136,0.7973,0.9603,0.1692,0.3035,0.5636,0.5498,0.2667,0.0565,0.0360,0.0390,0.0064,0.0659,0.0793
686,H01501,-73.7409,-0.8109,0.1000,Colombia,6.8751,13.6695,74.3333,7.7959,0.7913,0.5623,0.1577,0.4793,0.5442,0.2563,0.8442,0.7913,0.4379,0.8423,0.5497,0.1623,0.0980,0.0116,0.0343,0.0300,0.0950,0.1186
687,H03311,-69.2409,2.9996,0.1000,Colombia,7.9404,12.0912,61.2490,44.0291,0.8287,0.8446,0.0608,0.6569,0.5968,0.3872,0.1191,0.8288,0.1554,0.9393,0.5495,0.2224,0.1075,0.0175,0.0048,0.0314,0.0337,0.1322
688,H01572,-73.5909,-1.0707,0.1000,Colombia,8.4212,10.9021,48.0786,28.6564,0.8654,0.8335,0.4619,0.7371,0.6365,0.5190,0.4268,0.8654,0.1665,0.5379,0.5495,0.2495,0.1146,0.0234,0.0174,0.0328,0.0361,0.0757
689,H03080,-69.9909,-4.0152,0.1000,Colombia,8.4192,22.2265,97.6413,9.2473,0.5186,0.5351,0.2989,0.7367,0.2588,0.0231,0.8151,0.5186,0.4651,0.7010,0.5494,0.2494,0.0466,0.0010,0.0331,0.0196,0.1009,0.0987
690,H00860,-75.2409,5.9441,0.1000,Colombia,8.6532,14.5141,86.2675,31.8020,0.7827,0.7610,0.3507,0.7757,0.5160,0.1369,0.3638,0.7827,0.2391,0.6492,0.5494,0.2626,0.0929,0.0062,0.0148,0.0296,0.0519,0.0914
691,H01806,-73.1409,0.0551,0.1000,Colombia,7.9682,9.2841,10.7453,8.9922,0.9558,0.7652,0.7144,0.6616,0.6904,0.8925,0.8202,0.9559,0.2348,0.2854,0.5492,0.2240,0.1243,0.0402,0.0333,0.0362,0.0510,0.0402
692,H01068,-74.7909,8.4556,0.1000,Colombia,6.1277,8.9482,2.8337,45.9802,0.5274,0.5590,0.0070,0.3547,0.7016,0.9717,0.0801,0.5274,0.4412,0.9931,0.5490,0.1201,0.1263,0.0438,0.0033,0.0200,0.0958,0.1398
693,H03006,-70.2909,5.1647,0.1000,Colombia,9.4365,12.1910,77.3090,29.1708,0.4219,0.7913,0.6677,0.9063,0.5935,0.2265,0.4165,0.4217,0.2088,0.3321,0.5489,0.3068,0.1069,0.0102,0.0169,0.0160,0.0453,0.0467
694,H00595,-75.9909,9.1484,0.1000,Colombia,6.8438,3.1645,85.6730,14.8128,0.7439,0.3484,0.8402,0.4741,0.8945,0.1429,0.7038,0.7439,0.6520,0.1595,0.5487,0.1605,0.1610,0.0064,0.0286,0.0282,0.1415,0.0225
695,H02014,-72.8409,11.1403,0.1000,Colombia,7.1945,2.7406,49.2522,10.8742,0.8156,0.4996,0.9268,0.5326,0.9086,0.5073,0.7826,0.8156,0.5007,0.0728,0.5484,0.1803,0.1636,0.0229,0.0318,0.0309,0.1087,0.0103
696,H01863,-73.1409,10.2742,0.1000,Colombia,7.2702,22.9874,70.2164,22.8490,0.7733,0.3586,0.1648,0.5452,0.2334,0.2975,0.5430,0.7733,0.6418,0.8352,0.5482,0.1846,0.0420,0.0134,0.0221,0.0293,0.1393,0.1176
697,H01337,-74.1909,8.1092,0.1000,Colombia,8.0814,12.0563,89.9910,27.4994,0.8803,0.5098,0.6625,0.6804,0.5980,0.0997,0.4499,0.8804,0.4905,0.3373,0.5481,0.2303,0.1077,0.0045,0.0183,0.0333,0.1065,0.0475
698,H02955,-70.4409,6.8101,0.1000,Colombia,8.1676,16.8633,49.4794,44.7334,0.9199,0.3090,0.8440,0.6948,0.4377,0.5050,0.1051,0.9200,0.6914,0.1557,0.5479,0.2352,0.0788,0.0228,0.0043,0.0348,0.1501,0.0219
699,H00442,-76.2909,0.4882,0.1000,Colombia,6.2456,1.2042,88.2836,17.1154,0.0769,0.3953,0.4169,0.3744,0.9599,0.1167,0.6577,0.0767,0.6050,0.5829,0.5478,0.1267,0.1728,0.0053,0.0267,0.0029,0.1313,0.0821
700,H00723,-75.5409,3.3460,0.1000,Colombia,8.4467,11.4965,5.7133,5.0114,0.5139,0.8741,0.5783,0.7413,0.6166,0.9429,0.8999,0.5138,0.1259,0.4215,0.5472,0.2510,0.1110,0.0425,0.0366,0.0195,0.0273,0.0593
701,H00868,-75.2409,7.3298,0.1000,Colombia,9.1707,17.1086,44.0755,20.4422,0.9762,0.9421,0.4366,0.8620,0.4295,0.5591,0.5911,0.9763,0.0578,0.5633,0.5472,0.2918,0.0773,0.0252,0.0240,0.0370,0.0125,0.0793
702,H00367,-76.5909,4.6451,0.1000,Colombia,9.4321,6.7296,1.1780,33.0565,0.6924,0.9764,0.9204,0.9056,0.7756,0.9883,0.3387,0.6924,0.0235,0.0792,0.5470,0.3066,0.1396,0.0446,0.0138,0.0262,0.0051,0.0112
703,H01230,-74.3409,1.6140,0.1000,Colombia,9.3646,11.7665,96.2186,43.7665,0.1772,0.5514,0.8295,0.8944,0.6076,0.0373,0.1244,0.1770,0.4488,0.1703,0.5470,0.3028,0.1094,0.0017,0.0051,0.0067,0.0974,0.0240
704,H01755,-73.2909,4.6451,0.1000,Colombia,8.8092,11.5355,69.6507,13.8688,0.6455,0.8266,0.5772,0.8018,0.6153,0.3032,0.7226,0.6455,0.1734,0.4226,0.5468,0.2714,0.1108,0.0137,0.0294,0.0244,0.0376,0.0595
705,H00018,-78.3909,2.2202,0.1000,Colombia,6.5917,10.5366,16.2903,25.3251,0.2622,0.3528,0.4655,0.4321,0.6486,0.8371,0.4934,0.2620,0.6476,0.5343,0.5465,0.1463,0.1168,0.0377,0.0201,0.0099,0.1406,0.0752
706,H01210,-74.4909,10.0144,0.1000,Colombia,6.5571,4.7964,27.0058,25.4937,0.6164,0.7700,0.1133,0.4263,0.8401,0.7298,0.4900,0.6163,0.2300,0.8867,0.5465,0.1443,0.1513,0.0329,0.0199,0.0233,0.0499,0.1248
707,H00857,-75.2409,5.4245,0.1000,Colombia,6.8324,6.2495,72.9678,5.3310,0.2331,0.4996,0.4472,0.4722,0.7916,0.2700,0.8935,0.2330,0.5007,0.5527,0.5462,0.1598,0.1425,0.0122,0.0363,0.0088,0.1087,0.0778
708,H01990,-72.8409,5.5977,0.1000,Colombia,8.5931,17.9305,9.3030,32.8311,0.8467,0.4268,0.9779,0.7657,0.4021,0.9070,0.3432,0.8467,0.5735,0.0218,0.5461,0.2592,0.0724,0.0409,0.0140,0.0321,0.1245,0.0031
709,H00630,-75.8409,5.9441,0.1000,Colombia,8.2801,28.0419,5.5332,9.1332,0.2260,0.3856,0.4705,0.7135,0.0649,0.9447,0.8174,0.2258,0.6148,0.5294,0.5456,0.2415,0.0117,0.0426,0.0332,0.0086,0.1334,0.0745
710,H00088,-77.4909,1.3542,0.1000,Colombia,9.3233,25.4433,44.2736,38.7573,0.5667,0.7832,0.1824,0.8875,0.1515,0.5571,0.2246,0.5666,0.2168,0.8175,0.5456,0.3004,0.0273,0.0251,0.0091,0.0215,0.0471,0.1151
711,H00513,-76.1409,4.0389,0.1000,Colombia,9.1964,8.8747,30.1231,37.5574,0.1628,0.7481,0.8358,0.8663,0.7041,0.6987,0.2486,0.1626,0.2520,0.1639,0.5456,0.2933,0.1268,0.0315,0.0101,0.0062,0.0547,0.0231
712,H02197,-72.3909,5.1647,0.1000,Colombia,9.1874,24.6255,84.4210,47.6786,0.0059,0.5935,0.1250,0.8648,0.1788,0.1554,0.0461,0.0057,0.4067,0.8750,0.5455,0.2928,0.0322,0.0070,0.0019,0.0002,0.0883,0.1232
713,H00477,-76.2909,6.5503,0.1000,Colombia,7.3231,14.3559,76.2033,11.5951,0.8389,0.5064,0.4092,0.5540,0.5213,0.2376,0.7681,0.8389,0.4939,0.5907,0.5455,0.1875,0.0939,0.0107,0.0312,0.0318,0.1072,0.0832
714,H02625,-71.3409,12.0063,0.1000,Colombia,9.7845,27.5938,48.1383,7.7726,0.7803,0.8816,0.3498,0.9644,0.0798,0.5184,0.8446,0.7803,0.1184,0.6501,0.5453,0.3265,0.0144,0.0234,0.0343,0.0296,0.0257,0.0915
715,H00134,-77.3409,5.5977,0.1000,Colombia,9.6575,26.5376,48.0135,28.4668,0.4847,0.7861,0.2960,0.9432,0.1150,0.5197,0.4305,0.4846,0.2139,0.7039,0.5448,0.3193,0.0207,0.0234,0.0175,0.0184,0.0464,0.0991
716,H02230,-72.2409,-0.1181,0.1000,Colombia,8.4592,7.0942,68.3700,31.2699,0.7175,0.7173,0.7329,0.7434,0.7634,0.3160,0.3745,0.7175,0.2828,0.2668,0.5447,0.2517,0.1374,0.0143,0.0152,0.0272,0.0614,0.0376
717,H01272,-74.3409,8.8886,0.1000,Colombia,8.6791,20.5161,28.0636,40.1031,0.9227,0.5833,0.5897,0.7801,0.3158,0.7193,0.1977,0.9227,0.4169,0.4101,0.5446,0.2641,0.0569,0.0324,0.0080,0.0350,0.0905,0.0577
718,H00763,-75.5409,10.2742,0.1000,Colombia,8.4637,4.3598,31.4841,1.6697,0.9592,0.9478,0.8521,0.7442,0.8546,0.6850,0.9667,0.9593,0.0521,0.1476,0.5444,0.2519,0.1539,0.0309,0.0393,0.0363,0.0113,0.0208
719,H02984,-70.2909,1.3542,0.1000,Colombia,7.2786,17.4477,90.6354,23.4367,0.2297,0.3198,0.2761,0.5466,0.4182,0.0932,0.5312,0.2296,0.6806,0.7239,0.5444,0.1850,0.0753,0.0042,0.0216,0.0087,0.1477,0.1019
720,H01678,-73.4409,4.3853,0.1000,Colombia,5.0411,0.6554,55.3728,20.2010,0.9447,0.5791,0.0209,0.1736,0.9782,0.4460,0.5959,0.9448,0.4211,0.9792,0.5443,0.0588,0.1761,0.0201,0.0242,0.0358,0.0914,0.1378
721,H02750,-70.8909,0.3150,0.1000,Colombia,6.3290,17.4643,35.3906,20.5450,0.7508,0.3026,0.2577,0.3883,0.4176,0.6460,0.5891,0.7508,0.6978,0.7423,0.5441,0.1315,0.0752,0.0291,0.0239,0.0284,0.1515,0.1045
722,H03141,-69.8409,-3.4090,0.1000,Colombia,9.5246,25.1059,90.4474,0.4793,0.6582,0.6826,0.5412,0.9210,0.1628,0.0951,0.9906,0.6582,0.3175,0.4586,0.5441,0.3118,0.0293,0.0043,0.0403,0.0249,0.0689,0.0646
723,H01908,-72.9909,4.2987,0.1000,Colombia,5.9616,13.7509,48.1274,2.7205,0.4320,0.3272,0.2073,0.3270,0.5415,0.5185,0.9457,0.4319,0.6732,0.7927,0.5441,0.1107,0.0975,0.0234,0.0384,0.0164,0.1461,0.1116
724,H01632,-73.5909,9.3216,0.1000,Colombia,7.9895,25.9310,86.1009,18.7168,0.6901,0.4643,0.1454,0.6651,0.1353,0.1386,0.6256,0.6901,0.5360,0.8546,0.5440,0.2251,0.0244,0.0063,0.0254,0.0261,0.1163,0.1203
725,H01315,-74.1909,4.2987,0.1000,Colombia,7.8615,12.7131,51.3633,18.8410,0.6477,0.8951,0.0947,0.6438,0.5761,0.4861,0.6232,0.6476,0.1048,0.9054,0.5437,0.2179,0.1037,0.0219,0.0253,0.0245,0.0227,0.1275
726,H02045,-72.6909,2.5666,0.1000,Colombia,8.3369,5.5230,33.6165,32.9962,0.3690,0.6958,0.7983,0.7230,0.8158,0.6637,0.3399,0.3689,0.3043,0.2014,0.5437,0.2447,0.1469,0.0299,0.0138,0.0140,0.0660,0.0284
727,H00538,-76.1409,8.3690,0.1000,Colombia,6.7033,10.6979,10.2946,34.4315,0.6830,0.4039,0.5256,0.4507,0.6433,0.8971,0.3112,0.6829,0.5964,0.4743,0.5436,0.1526,0.1158,0.0404,0.0126,0.0259,0.1294,0.0668
728,H00512,-76.1409,3.8657,0.1000,Colombia,9.5964,28.3777,73.5954,46.1046,0.2085,0.6685,0.1260,0.9330,0.0537,0.2637,0.0776,0.2083,0.3316,0.8740,0.5435,0.3159,0.0097,0.0119,0.0032,0.0079,0.0720,0.1230
729,H01904,-72.9909,3.6058,0.1000,Colombia,8.4744,19.3172,77.6607,18.5948,0.0168,0.4421,0.5054,0.7459,0.3558,0.2230,0.6281,0.0166,0.5582,0.4944,0.5435,0.2525,0.0641,0.0100,0.0255,0.0006,0.1211,0.0696
730,H01360,-74.0409,-0.2913,0.1000,Colombia,9.4742,13.4018,84.7355,0.6296,0.0685,0.7748,0.7439,0.9126,0.5531,0.1522,0.9876,0.0683,0.2253,0.2559,0.5430,0.3089,0.0996,0.0069,0.0401,0.0026,0.0489,0.0360
731,H01281,-74.3409,10.4474,0.1000,Colombia,8.2148,4.4149,65.1680,13.4678,0.7127,0.7370,0.8436,0.7027,0.8528,0.3480,0.7307,0.7126,0.2631,0.1561,0.5429,0.2379,0.1535,0.0157,0.0297,0.0270,0.0571,0.0220
732,H01475,-73.8909,7.2432,0.1000,Colombia,8.0056,1.0938,50.4421,21.5851,0.0314,0.5970,0.9368,0.6678,0.9636,0.4954,0.5682,0.0312,0.4032,0.0629,0.5425,0.2261,0.1735,0.0223,0.0231,0.0012,0.0875,0.0089
733,H02795,-70.7409,-1.3305,0.1000,Colombia,7.5614,1.4334,15.2148,25.6368,0.7824,0.6597,0.9388,0.5937,0.9522,0.8478,0.4872,0.7824,0.3404,0.0609,0.5425,0.2010,0.1714,0.0382,0.0198,0.0296,0.0739,0.0086
734,H00435,-76.4409,7.8494,0.1000,Colombia,8.2058,28.0330,27.7427,13.1242,0.0686,0.5458,0.0815,0.7012,0.0652,0.7225,0.7375,0.0684,0.4544,0.9185,0.5422,0.2374,0.0117,0.0326,0.0300,0.0026,0.0986,0.1293
735,H00786,-75.3909,3.7791,0.1000,Colombia,7.5004,15.5569,47.3213,45.5376,0.8080,0.5794,0.2286,0.5836,0.4812,0.5266,0.0890,0.8080,0.4208,0.7714,0.5421,0.1976,0.0866,0.0237,0.0036,0.0306,0.0913,0.1086
736,H01447,-73.8909,2.3934,0.1000,Colombia,9.0287,15.0712,70.9933,49.4195,0.1442,0.4135,0.8407,0.8384,0.4974,0.2897,0.0113,0.1440,0.5868,0.1590,0.5421,0.2838,0.0896,0.0131,0.0005,0.0054,0.1274,0.0224
737,H03023,-70.1409,-2.8893,0.1000,Colombia,5.9947,2.5621,40.2890,30.9021,0.1487,0.4782,0.2650,0.3325,0.9146,0.5969,0.3818,0.1485,0.5220,0.7349,0.5420,0.1126,0.1647,0.0269,0.0155,0.0056,0.1133,0.1035
738,H01344,-74.1909,9.3216,0.1000,Colombia,8.4562,22.4811,86.1063,21.6892,0.4350,0.6814,0.0752,0.7429,0.2503,0.1385,0.5662,0.4348,0.3188,0.9248,0.5417,0.2515,0.0451,0.0062,0.0230,0.0165,0.0692,0.1302
739,H00752,-75.5409,8.3690,0.1000,Colombia,7.7662,13.2550,68.8293,6.5367,0.8578,0.8288,0.2226,0.6279,0.5580,0.3114,0.8694,0.8578,0.1712,0.7774,0.5415,0.2126,0.1005,0.0140,0.0353,0.0325,0.0372,0.1094
740,H01761,-73.2909,5.6843,0.1000,Colombia,9.0661,17.2947,20.3717,30.1822,0.3596,0.5109,0.9479,0.8446,0.4233,0.7962,0.3962,0.3595,0.4894,0.0518,0.5413,0.2859,0.0762,0.0359,0.0161,0.0136,0.1062,0.0073
741,H01508,-73.7409,0.4016,0.1000,Colombia,7.6474,14.5690,8.9826,16.3596,0.3812,0.5153,0.6110,0.6081,0.5142,0.9102,0.6728,0.3810,0.4850,0.3888,0.5413,0.2059,0.0926,0.0410,0.0273,0.0144,0.1053,0.0547
742,H00636,-75.8409,6.9833,0.1000,Colombia,7.1957,1.8611,19.3717,19.4562,0.3035,0.6997,0.6151,0.5328,0.9380,0.8062,0.6108,0.3033,0.3004,0.3847,0.5413,0.1804,0.1689,0.0364,0.0248,0.0115,0.0652,0.0541
743,H00095,-77.4909,2.5666,0.1000,Colombia,6.9628,0.3085,19.3789,31.1158,0.4071,0.6936,0.5581,0.4939,0.9897,0.8062,0.3775,0.4070,0.3066,0.4417,0.5412,0.1672,0.1782,0.0364,0.0154,0.0154,0.0665,0.0622
744,H00363,-76.5909,3.9523,0.1000,Colombia,7.2737,1.5172,89.4762,1.2405,0.2786,0.4528,0.9160,0.5458,0.9494,0.1048,0.9753,0.2785,0.5475,0.0837,0.5412,0.1848,0.1709,0.0047,0.0396,0.0106,0.1188,0.0118
745,H03553,-67.8909,4.6451,0.1000,Colombia,7.0331,7.8725,70.6765,38.6696,0.7457,0.5233,0.4104,0.5056,0.7375,0.2929,0.2264,0.7457,0.4769,0.5894,0.5411,0.1712,0.1328,0.0132,0.0092,0.0283,0.1035,0.0830
746,H00396,-76.4409,1.0944,0.1000,Colombia,9.1505,11.7573,88.9687,43.7126,0.5040,0.8434,0.4469,0.8587,0.6079,0.1099,0.1255,0.5040,0.1567,0.5530,0.5411,0.2907,0.1095,0.0050,0.0051,0.0191,0.0340,0.0779
747,H03606,-67.2909,2.2202,0.1000,Colombia,8.9543,7.3415,57.4953,8.4733,0.2027,0.8197,0.8168,0.8259,0.7552,0.4248,0.8306,0.2025,0.1803,0.1829,0.5410,0.2796,0.1360,0.0192,0.0338,0.0077,0.0391,0.0257
748,H01979,-72.8409,3.6925,0.1000,Colombia,9.0516,10.8018,58.3019,46.6629,0.3928,0.7441,0.6534,0.8422,0.6398,0.4167,0.0664,0.3927,0.2560,0.3464,0.5410,0.2851,0.1152,0.0188,0.0027,0.0149,0.0556,0.0488
749,H02921,-70.4409,0.9212,0.1000,Colombia,8.2757,20.0795,24.0227,4.3294,0.7551,0.8236,0.2775,0.7128,0.3304,0.7597,0.9135,0.7551,0.1765,0.7225,0.5408,0.2413,0.0595,0.0343,0.0371,0.0286,0.0383,0.1017
750,H00286,-76.8909,7.5896,0.1000,Colombia,6.7936,11.3712,28.5244,14.4075,0.4573,0.6302,0.2003,0.4657,0.6208,0.7147,0.7119,0.4572,0.3699,0.7996,0.5408,0.1577,0.1118,0.0322,0.0289,0.0173,0.0803,0.1126
751,H02312,-72.0909,3.4326,0.1000,Colombia,6.9613,20.2026,34.7969,6.2249,0.6487,0.5749,0.0557,0.4937,0.3263,0.6519,0.8756,0.6487,0.4253,0.9443,0.5407,0.1671,0.0587,0.0294,0.0356,0.0246,0.0923,0.1329
752,H02074,-72.6909,7.5896,0.1000,Colombia,9.2775,19.3778,74.8035,25.3231,0.4093,0.8840,0.2392,0.8798,0.3538,0.2516,0.4935,0.4092,0.1160,0.7608,0.5407,0.2978,0.0637,0.0113,0.0201,0.0155,0.0252,0.1071
753,H02593,-71.3409,1.7872,0.1000,Colombia,7.1210,12.0678,19.8410,42.7708,0.0311,0.6238,0.0622,0.5203,0.5976,0.8015,0.1443,0.0309,0.3764,0.9379,0.5406,0.1761,0.1076,0.0361,0.0059,0.0012,0.0817,0.1320
754,H03485,-68.1909,1.8738,0.1000,Colombia,7.5570,0.2750,3.7556,6.9042,0.3067,0.7480,0.8826,0.5930,0.9909,0.9625,0.8620,0.3065,0.2521,0.1171,0.5404,0.2008,0.1784,0.0434,0.0350,0.0116,0.0547,0.0165
755,H03613,-66.9909,1.3542,0.1000,Colombia,8.7864,28.4228,29.1577,37.0152,0.8687,0.6516,0.2197,0.7980,0.0522,0.7083,0.2595,0.8687,0.3486,0.7803,0.5404,0.2701,0.0094,0.0319,0.0106,0.0329,0.0757,0.1098
756,H00645,-75.8409,8.5422,0.1000,Colombia,9.3432,3.4544,54.3596,47.0158,0.8828,0.9261,0.9511,0.8908,0.8848,0.4562,0.0594,0.8828,0.0739,0.0485,0.5402,0.3016,0.1593,0.0206,0.0024,0.0334,0.0160,0.0068
757,H00727,-75.5409,4.0389,0.1000,Colombia,8.7716,24.6146,83.1574,4.3517,0.5109,0.4273,0.6443,0.7955,0.1792,0.1680,0.9131,0.5108,0.5730,0.3555,0.5400,0.2693,0.0323,0.0076,0.0371,0.0193,0.1244,0.0500
758,H00054,-77.7909,1.1810,0.1000,Colombia,7.5874,13.4712,20.7824,15.6203,0.3942,0.7237,0.2927,0.5981,0.5508,0.7921,0.6876,0.3940,0.2764,0.7072,0.5398,0.2025,0.0992,0.0357,0.0279,0.0149,0.0600,0.0995
759,H02803,-70.7409,0.0551,0.1000,Colombia,9.7608,22.8580,89.5106,25.9871,0.3868,0.9398,0.1475,0.9604,0.2377,0.1045,0.4802,0.3866,0.0601,0.8525,0.5398,0.3251,0.0428,0.0047,0.0195,0.0146,0.0130,0.1200
760,H02773,-70.8909,4.2987,0.1000,Colombia,6.7580,8.3930,60.7267,0.8893,0.7612,0.5326,0.5296,0.4598,0.7201,0.3925,0.9824,0.7612,0.4676,0.4702,0.5395,0.1557,0.1296,0.0177,0.0399,0.0288,0.1015,0.0662
761,H00479,-76.2909,6.8967,0.1000,Colombia,7.1386,9.9591,84.0785,47.2594,0.7608,0.3618,0.5358,0.5232,0.6679,0.1588,0.0545,0.7608,0.6385,0.4640,0.5395,0.1771,0.1202,0.0072,0.0022,0.0288,0.1386,0.0653
762,H01703,-73.4409,8.7154,0.1000,Colombia,7.0369,4.2844,66.7602,32.1466,0.3882,0.3246,0.8373,0.5063,0.8571,0.3321,0.3569,0.3881,0.6758,0.1624,0.5394,0.1714,0.1543,0.0150,0.0145,0.0147,0.1467,0.0229
763,H02169,-72.3909,0.3150,0.1000,Colombia,5.9506,0.5074,2.2570,47.9504,0.2716,0.6056,0.2135,0.3252,0.9831,0.9775,0.0407,0.2714,0.3946,0.7864,0.5394,0.1101,0.1770,0.0441,0.0016,0.0103,0.0856,0.1107
764,H01739,-73.2909,1.8738,0.1000,Colombia,6.4848,15.9997,6.6750,10.8245,0.7646,0.5411,0.2007,0.4142,0.4665,0.9333,0.7836,0.7646,0.4592,0.7992,0.5393,0.1402,0.0840,0.0421,0.0319,0.0290,0.0997,0.1125
765,H03249,-69.5409,1.7872,0.1000,Colombia,7.7885,15.9708,35.5437,34.7304,0.1008,0.6980,0.0736,0.6316,0.4674,0.6444,0.3052,0.1006,0.3022,0.9264,0.5392,0.2138,0.0842,0.0290,0.0124,0.0038,0.0656,0.1304
766,H01873,-72.9909,-1.7635,0.1000,Colombia,9.0442,18.2905,71.6165,35.5941,0.9276,0.4821,0.9139,0.8409,0.3901,0.2835,0.2879,0.9277,0.5182,0.0858,0.5391,0.2847,0.0702,0.0128,0.0117,0.0351,0.1125,0.0121
767,H02214,-72.3909,11.4001,0.1000,Colombia,8.3600,16.0440,47.5906,13.7865,0.6144,0.8346,0.3110,0.7269,0.4650,0.5239,0.7243,0.6143,0.1654,0.6889,0.5390,0.2461,0.0837,0.0236,0.0295,0.0233,0.0359,0.0970
768,H00153,-77.1909,1.1810,0.1000,Colombia,6.9367,4.9322,56.1150,12.8589,0.6978,0.7847,0.2956,0.4896,0.8355,0.4386,0.7429,0.6978,0.2154,0.7043,0.5385,0.1657,0.1504,0.0198,0.0302,0.0264,0.0467,0.0992
769,H01361,-74.0409,-0.1181,0.1000,Colombia,5.2640,3.7035,0.9539,44.9112,0.8680,0.4434,0.2413,0.2107,0.8765,0.9905,0.1015,0.8680,0.5569,0.7587,0.5385,0.0713,0.1578,0.0447,0.0041,0.0329,0.1209,0.1068
770,H02392,-71.9409,6.9833,0.1000,Colombia,6.5832,2.1870,38.9657,34.6817,0.6988,0.8913,0.0352,0.4306,0.9271,0.6102,0.3062,0.6988,0.1087,0.9648,0.5385,0.1458,0.1669,0.0275,0.0124,0.0265,0.0236,0.1358
771,H02034,-72.6909,0.6614,0.1000,Colombia,7.6512,17.4227,81.0721,10.2629,0.0971,0.4584,0.3268,0.6087,0.4190,0.1889,0.7948,0.0968,0.5419,0.6732,0.5384,0.2061,0.0754,0.0085,0.0323,0.0037,0.1176,0.0948
772,H02207,-72.3909,6.8967,0.1000,Colombia,9.1501,21.2575,22.9826,49.9422,0.9008,0.6399,0.6569,0.8586,0.2911,0.7701,0.0008,0.9009,0.3603,0.3428,0.5384,0.2907,0.0524,0.0347,0.0000,0.0341,0.0782,0.0483
773,H03574,-67.7409,4.0389,0.1000,Colombia,9.3371,18.1521,98.6317,9.8644,0.8096,0.7211,0.7065,0.8898,0.3947,0.0132,0.8028,0.8096,0.2790,0.2933,0.5380,0.3012,0.0711,0.0006,0.0326,0.0307,0.0605,0.0413
774,H00417,-76.4409,4.7317,0.1000,Colombia,5.9720,2.4369,20.0154,30.6157,0.9310,0.5083,0.5222,0.3287,0.9188,0.7998,0.3875,0.9311,0.4919,0.4776,0.5378,0.1113,0.1654,0.0361,0.0158,0.0353,0.1068,0.0672
775,H01691,-73.4409,6.6369,0.1000,Colombia,7.0154,14.3095,3.8203,33.0883,0.5579,0.3946,0.5470,0.5027,0.5228,0.9618,0.3381,0.5578,0.6058,0.4528,0.5378,0.1702,0.0941,0.0434,0.0138,0.0211,0.1315,0.0637
776,H01327,-74.1909,6.3771,0.1000,Colombia,8.7382,25.4542,59.3706,1.9622,0.3344,0.5706,0.4336,0.7899,0.1512,0.4060,0.9609,0.3343,0.4296,0.5662,0.5376,0.2674,0.0272,0.0183,0.0391,0.0127,0.0932,0.0797
777,H02509,-71.6409,12.0063,0.1000,Colombia,9.3585,24.0682,63.7822,1.0170,0.4734,0.4522,0.9527,0.8933,0.1974,0.3619,0.9798,0.4733,0.5481,0.0469,0.5376,0.3024,0.0355,0.0163,0.0398,0.0179,0.1190,0.0066
778,H00759,-75.5409,9.5814,0.1000,Colombia,8.7316,15.3512,83.8622,18.8773,0.4065,0.5415,0.7500,0.7888,0.4881,0.1610,0.6224,0.4064,0.4588,0.2498,0.5376,0.2670,0.0879,0.0073,0.0253,0.0154,0.0996,0.0352
779,H01455,-73.8909,3.7791,0.1000,Colombia,9.5857,16.5844,58.5486,47.2112,0.4082,0.7905,0.5744,0.9312,0.4470,0.4142,0.0555,0.4081,0.2096,0.4255,0.5375,0.3152,0.0805,0.0187,0.0023,0.0155,0.0455,0.0599
780,H01510,-73.7409,0.7480,0.1000,Colombia,8.8779,18.3109,59.9364,10.5786,0.8839,0.7354,0.6377,0.8132,0.3894,0.4004,0.7885,0.8839,0.2647,0.3621,0.5374,0.2753,0.0701,0.0181,0.0321,0.0335,0.0575,0.0510
781,H01881,-72.9909,-0.3779,0.1000,Colombia,9.2399,17.3794,52.7772,40.5727,0.7318,0.7728,0.5742,0.8736,0.4204,0.4720,0.1883,0.7318,0.2272,0.4257,0.5373,0.2957,0.0757,0.0213,0.0077,0.0277,0.0493,0.0599
782,H00574,-75.9909,5.5111,0.1000,Colombia,9.1742,21.0183,11.5301,26.5124,0.6091,0.6916,0.7008,0.8626,0.2991,0.8847,0.4697,0.6090,0.3085,0.2990,0.5370,0.2920,0.0539,0.0399,0.0191,0.0231,0.0670,0.0421
783,H00807,-75.3909,7.4164,0.1000,Colombia,9.5534,17.9808,85.5109,3.6982,0.6166,0.6298,0.9757,0.9258,0.4004,0.1445,0.9262,0.6165,0.3704,0.0240,0.5368,0.3134,0.0721,0.0065,0.0377,0.0233,0.0804,0.0034
784,H02149,-72.5409,10.9671,0.1000,Colombia,8.9695,26.2423,29.7980,19.1755,0.5232,0.6516,0.4204,0.8285,0.1249,0.7019,0.6165,0.5231,0.3486,0.5794,0.5367,0.2805,0.0225,0.0316,0.0251,0.0198,0.0757,0.0816
785,H02216,-72.3909,11.7465,0.1000,Colombia,8.9764,14.2360,97.0573,14.4109,0.6182,0.8139,0.5259,0.8296,0.5253,0.0289,0.7118,0.6181,0.1861,0.4740,0.5362,0.2808,0.0946,0.0013,0.0289,0.0234,0.0404,0.0667
786,H01328,-74.1909,6.5503,0.1000,Colombia,7.9522,10.8977,77.2032,49.3991,0.3415,0.7129,0.2015,0.6589,0.6366,0.2276,0.0117,0.3414,0.2872,0.7984,0.5361,0.2231,0.1146,0.0103,0.0005,0.0129,0.0623,0.1124
787,H01048,-74.7909,4.9915,0.1000,Colombia,9.2206,24.8613,39.8087,24.9606,0.4787,0.9797,0.0010,0.8703,0.1709,0.6017,0.5007,0.4786,0.0202,0.9991,0.5360,0.2946,0.0308,0.0271,0.0204,0.0181,0.0044,0.1406
788,H00591,-75.9909,8.4556,0.1000,Colombia,7.8452,17.5669,38.1147,24.7920,0.7759,0.6112,0.4158,0.6411,0.4142,0.6187,0.5041,0.7759,0.3890,0.5841,0.5360,0.2170,0.0746,0.0279,0.0205,0.0294,0.0844,0.0822
789,H01661,-73.4409,1.4408,0.1000,Colombia,7.0941,4.9855,83.1785,33.2702,0.6796,0.5285,0.5607,0.5158,0.8338,0.1678,0.3344,0.6795,0.4717,0.4391,0.5358,0.1746,0.1501,0.0076,0.0136,0.0257,0.1024,0.0618
790,H00119,-77.3409,2.4800,0.1000,Colombia,7.2361,7.3998,94.0640,44.5728,0.2197,0.5747,0.2200,0.5395,0.7533,0.0589,0.1083,0.2195,0.4255,0.7800,0.5358,0.1826,0.1356,0.0027,0.0044,0.0083,0.0924,0.1098
791,H01039,-74.7909,3.4326,0.1000,Colombia,5.8917,11.5019,69.6031,35.9119,0.8562,0.3599,0.1374,0.3154,0.6165,0.3036,0.2816,0.8563,0.6404,0.8626,0.5358,0.1068,0.1110,0.0137,0.0115,0.0324,0.1390,0.1214
792,H02440,-71.7909,5.3379,0.1000,Colombia,7.3223,14.7895,45.5318,47.8444,0.2855,0.4099,0.3497,0.5539,0.5068,0.5445,0.0428,0.2854,0.5904,0.6502,0.5355,0.1875,0.0912,0.0245,0.0017,0.0108,0.1281,0.0915
793,H03188,-69.8409,5.7709,0.1000,Colombia,8.9713,13.9305,41.8264,12.2405,0.3476,0.8769,0.5624,0.8288,0.5355,0.5816,0.7552,0.3474,0.1231,0.4375,0.5354,0.2806,0.0964,0.0262,0.0307,0.0132,0.0267,0.0616
794,H01366,-74.0409,0.7480,0.1000,Colombia,8.2949,7.2706,52.9645,25.4501,0.2977,0.5811,0.9055,0.7160,0.7576,0.4701,0.4909,0.2976,0.4191,0.0941,0.5354,0.2424,0.1364,0.0212,0.0200,0.0113,0.0910,0.0132
795,H00255,-76.8909,2.2202,0.1000,Colombia,7.3408,11.8578,67.8660,13.6274,0.1343,0.7791,0.0000,0.5570,0.6046,0.3210,0.7275,0.1341,0.2210,1.0000,0.5353,0.1886,0.1089,0.0145,0.0296,0.0051,0.0480,0.1408
796,H02347,-71.9409,-0.8109,0.1000,Colombia,6.1715,12.1939,74.2822,3.6342,0.9503,0.5951,0.0580,0.3620,0.5934,0.2568,0.9274,0.9504,0.4051,0.9420,0.5352,0.1226,0.1068,0.0116,0.0377,0.0360,0.0879,0.1326
797,H03431,-68.6409,6.1173,0.1000,Colombia,9.9441,21.8856,4.7968,9.3528,0.6943,0.8847,0.8308,0.9910,0.2702,0.9521,0.8130,0.6943,0.1153,0.1689,0.5352,0.3355,0.0486,0.0429,0.0331,0.0263,0.0250,0.0238
798,H00789,-75.3909,4.2987,0.1000,Colombia,9.6837,29.6852,89.4091,15.9824,0.2715,0.7458,0.1872,0.9476,0.0101,0.1055,0.6804,0.2714,0.2543,0.8127,0.5349,0.3208,0.0018,0.0048,0.0277,0.0103,0.0552,0.1144
799,H02891,-70.5909,5.6843,0.1000,Colombia,8.1617,23.1442,24.9376,45.4763,0.7207,0.7160,0.0597,0.6938,0.2282,0.7505,0.0902,0.7207,0.2841,0.9404,0.5348,0.2349,0.0411,0.0338,0.0037,0.0273,0.0617,0.1324
800,H01027,-74.7909,1.3542,0.1000,Colombia,9.0673,25.7552,98.1029,16.5953,0.0773,0.5971,0.2551,0.8448,0.1411,0.0185,0.6681,0.0770,0.4031,0.7449,0.5347,0.2860,0.0254,0.0008,0.0272,0.0029,0.0875,0.1049
801,H00302,-76.7409,1.9604,0.1000,Colombia,7.2438,10.3742,22.4582,17.3380,0.0174,0.5890,0.4142,0.5408,0.6541,0.7753,0.6532,0.0171,0.4112,0.5856,0.5347,0.1831,0.1178,0.0350,0.0266,0.0006,0.0892,0.0824
802,H02033,-72.6909,0.4882,0.1000,Colombia,9.8320,18.7695,63.3283,27.3257,0.3163,0.6521,0.8881,0.9723,0.3741,0.3664,0.4534,0.3162,0.3481,0.1116,0.5347,0.3291,0.0674,0.0165,0.0184,0.0120,0.0756,0.0157
803,H02256,-72.2409,4.3853,0.1000,Colombia,7.1047,7.1016,0.5631,15.0712,0.2624,0.6512,0.5524,0.5176,0.7632,0.9944,0.6986,0.2623,0.3490,0.4475,0.5345,0.1752,0.1374,0.0448,0.0284,0.0099,0.0757,0.0630
804,H02758,-70.8909,1.7006,0.1000,Colombia,8.2463,27.3662,3.3418,24.5807,0.6140,0.7014,0.1003,0.7079,0.0874,0.9666,0.5083,0.6140,0.2987,0.8997,0.5344,0.2396,0.0157,0.0436,0.0207,0.0233,0.0648,0.1267
805,H00194,-77.1909,8.4556,0.1000,Colombia,6.0342,1.5830,46.9177,38.7658,0.4758,0.6427,0.1455,0.3391,0.9472,0.5306,0.2245,0.4757,0.3574,0.8545,0.5343,0.1148,0.1705,0.0239,0.0091,0.0180,0.0776,0.1203
806,H03234,-69.6909,5.6843,0.1000,Colombia,6.3462,2.1521,16.1713,28.1491,0.0630,0.8194,0.0228,0.3911,0.9283,0.8383,0.4369,0.0628,0.1806,0.9772,0.5342,0.1324,0.1671,0.0378,0.0178,0.0024,0.0392,0.1376
807,H01622,-73.5909,7.5896,0.1000,Colombia,7.3738,19.8403,2.8997,6.8348,0.2434,0.6871,0.0999,0.5625,0.3384,0.9710,0.8634,0.2433,0.3130,0.9001,0.5341,0.1904,0.0609,0.0438,0.0351,0.0092,0.0679,0.1267
808,H01204,-74.4909,8.9752,0.1000,Colombia,6.9319,5.9766,96.1500,7.9970,0.6949,0.4079,0.7603,0.4888,0.8007,0.0380,0.8401,0.6949,0.5925,0.2395,0.5341,0.1655,0.1442,0.0017,0.0341,0.0263,0.1286,0.0337
809,H00102,-77.4909,6.8967,0.1000,Colombia,5.8861,2.3682,94.2185,46.4558,0.4683,0.3773,0.2657,0.3144,0.9211,0.0574,0.0706,0.4682,0.6231,0.7342,0.5341,0.1064,0.1658,0.0026,0.0029,0.0177,0.1352,0.1033
810,H01573,-73.5909,-0.8975,0.1000,Colombia,9.1768,28.1454,99.2016,39.0487,0.4178,0.5840,0.1806,0.8630,0.0614,0.0075,0.2188,0.4177,0.4162,0.8193,0.5339,0.2922,0.0111,0.0003,0.0089,0.0158,0.0903,0.1153
811,H02126,-72.5409,4.5585,0.1000,Colombia,7.8080,17.0849,83.5486,46.3107,0.1629,0.3914,0.3428,0.6348,0.4303,0.1641,0.0735,0.1627,0.6090,0.6571,0.5336,0.2149,0.0775,0.0074,0.0030,0.0062,0.1322,0.0925
812,H00529,-76.1409,6.8101,0.1000,Colombia,9.1883,27.5519,19.6441,45.8762,0.8548,0.3251,0.9471,0.8650,0.0812,0.8035,0.0822,0.8548,0.6752,0.0526,0.5333,0.2928,0.0146,0.0362,0.0033,0.0324,0.1465,0.0074
813,H03357,-68.9409,2.1336,0.1000,Colombia,6.2968,1.8205,89.5651,38.3349,0.6273,0.4834,0.4009,0.3829,0.9393,0.1039,0.2331,0.6273,0.5169,0.5990,0.5332,0.1296,0.1691,0.0047,0.0095,0.0238,0.1122,0.0843
814,H01507,-73.7409,0.2283,0.1000,Colombia,7.2016,1.6867,7.9982,12.6340,0.4876,0.7511,0.7285,0.5337,0.9438,0.9200,0.7474,0.4875,0.2490,0.2712,0.5331,0.1807,0.1699,0.0415,0.0304,0.0185,0.0540,0.0382
815,H02729,-71.0409,5.9441,0.1000,Colombia,6.9045,12.5313,23.4028,26.8919,0.1972,0.5383,0.2666,0.4842,0.5821,0.7659,0.4621,0.1970,0.4620,0.7333,0.5330,0.1639,0.1048,0.0345,0.0188,0.0075,0.1003,0.1032
816,H01293,-74.1909,0.4882,0.1000,Colombia,8.1368,22.2470,42.6406,5.1292,0.3842,0.7737,0.0984,0.6897,0.2581,0.5734,0.8975,0.3840,0.2263,0.9016,0.5329,0.2335,0.0465,0.0259,0.0365,0.0146,0.0491,0.1269
817,H01451,-73.8909,3.0862,0.1000,Colombia,7.7071,14.2431,80.8157,24.5534,0.7557,0.6071,0.3932,0.6180,0.5250,0.1915,0.5089,0.7557,0.3931,0.6067,0.5324,0.2092,0.0945,0.0086,0.0207,0.0286,0.0853,0.0854
818,H02591,-71.3409,1.4408,0.1000,Colombia,8.8238,7.7567,75.1273,16.7525,0.0913,0.8799,0.5843,0.8042,0.7414,0.2484,0.6649,0.0911,0.1200,0.4155,0.5319,0.2722,0.1335,0.0112,0.0270,0.0034,0.0260,0.0585
819,H01831,-73.1409,4.3853,0.1000,Colombia,7.6113,10.4347,85.2666,14.7174,0.1958,0.3209,0.8574,0.6020,0.6520,0.1469,0.7057,0.1956,0.6795,0.1423,0.5314,0.2038,0.1174,0.0066,0.0287,0.0074,0.1475,0.0200
820,H00611,-75.8409,2.6532,0.1000,Colombia,8.7965,10.9447,43.9508,21.1847,0.2255,0.7244,0.7930,0.7996,0.6350,0.5603,0.5763,0.2253,0.2757,0.2068,0.5312,0.2707,0.1143,0.0253,0.0234,0.0085,0.0598,0.0291
821,H03356,-68.9409,1.9604,0.1000,Colombia,8.1769,18.0506,7.5022,44.4163,0.4716,0.8801,0.0548,0.6963,0.3981,0.9250,0.1114,0.4715,0.1199,0.9453,0.5306,0.2357,0.0717,0.0417,0.0045,0.0179,0.0260,0.1331
822,H03106,-69.9909,1.3542,0.1000,Colombia,8.3407,2.2658,25.0057,37.6694,0.6615,0.8399,0.8897,0.7236,0.9245,0.7499,0.2464,0.6614,0.1601,0.1100,0.5305,0.2450,0.1665,0.0338,0.0100,0.0250,0.0348,0.0155
823,H03154,-69.8409,-1.1573,0.1000,Colombia,6.6553,9.8477,89.3443,37.5194,0.7152,0.6475,0.0014,0.4427,0.6716,0.1061,0.2494,0.7152,0.3526,0.9986,0.5299,0.1499,0.1209,0.0048,0.0101,0.0271,0.0765,0.1406
824,H03269,-69.5409,5.2513,0.1000,Colombia,8.1318,28.2959,3.5065,14.1249,0.6144,0.3025,0.7215,0.6888,0.0564,0.9650,0.7175,0.6144,0.6979,0.2783,0.5299,0.2332,0.0101,0.0435,0.0292,0.0233,0.1515,0.0392
825,H02618,-71.3409,6.1173,0.1000,Colombia,9.0563,5.2350,59.1095,37.6435,0.7393,0.9826,0.7468,0.8429,0.8254,0.4086,0.2469,0.7393,0.0173,0.2529,0.5298,0.2853,0.1486,0.0184,0.0100,0.0280,0.0037,0.0356
826,H01446,-73.8909,2.2202,0.1000,Colombia,8.1558,27.6794,14.3688,20.5169,0.9340,0.6853,0.1825,0.6928,0.0769,0.8563,0.5896,0.9340,0.3148,0.8175,0.5297,0.2345,0.0138,0.0386,0.0240,0.0354,0.0683,0.1151
827,H01218,-74.3409,-0.4645,0.1000,Colombia,7.9271,4.6732,11.7476,32.3403,0.9148,0.8292,0.7875,0.6547,0.8442,0.8825,0.3530,0.9149,0.1709,0.2122,0.5294,0.2216,0.1520,0.0398,0.0143,0.0347,0.0371,0.0299
828,H00699,-75.6909,8.6288,0.1000,Colombia,6.8868,29.1282,16.8834,22.5312,0.3335,0.3122,0.0109,0.4813,0.0286,0.8311,0.5493,0.3333,0.6882,0.9891,0.5291,0.1629,0.0052,0.0375,0.0223,0.0126,0.1494,0.1392
829,H02751,-70.8909,0.4882,0.1000,Colombia,8.0448,10.7031,60.3326,27.7505,0.1439,0.9667,0.0307,0.6743,0.6431,0.3964,0.4449,0.1437,0.0332,0.9694,0.5291,0.2283,0.1158,0.0179,0.0181,0.0054,0.0072,0.1365
830,H03422,-68.6409,4.5585,0.1000,Colombia,8.5738,13.4590,84.4426,3.0391,0.4815,0.9248,0.3470,0.7625,0.5512,0.1552,0.9393,0.4814,0.0752,0.6529,0.5290,0.2581,0.0992,0.0070,0.0382,0.0182,0.0163,0.0919
831,H01280,-74.3409,10.2742,0.1000,Colombia,7.7089,2.4174,18.5526,46.1572,0.4037,0.8441,0.5387,0.6183,0.9194,0.8144,0.0766,0.4036,0.1560,0.4612,0.5287,0.2093,0.1655,0.0367,0.0031,0.0153,0.0339,0.0649
832,H01938,-72.9909,10.3608,0.1000,Colombia,6.9895,18.3113,27.0963,12.5187,0.0455,0.3198,0.4536,0.4984,0.3894,0.7289,0.7497,0.0453,0.6806,0.5462,0.5285,0.1687,0.0701,0.0329,0.0305,0.0017,0.1477,0.0769
833,H03319,-69.2409,4.3853,0.1000,Colombia,8.6369,28.4287,15.9283,24.8182,0.7428,0.8329,0.0436,0.7730,0.0520,0.8407,0.5036,0.7428,0.1672,0.9564,0.5285,0.2617,0.0094,0.0379,0.0205,0.0281,0.0363,0.1346
834,H02915,-70.4409,-0.1181,0.1000,Colombia,7.9783,16.6386,77.9819,0.6829,0.8152,0.6978,0.4535,0.6632,0.4451,0.2198,0.9865,0.8152,0.3023,0.5463,0.5281,0.2245,0.0801,0.0099,0.0401,0.0309,0.0656,0.0769
835,H00806,-75.3909,7.2432,0.1000,Colombia,9.6062,28.7016,27.1381,29.0209,0.1826,0.4085,0.8677,0.9346,0.0429,0.7285,0.4195,0.1824,0.5918,0.1320,0.5279,0.3164,0.0077,0.0328,0.0171,0.0069,0.1284,0.0186
836,H02635,-71.1909,-0.8975,0.1000,Colombia,7.9983,13.9143,0.5026,34.7336,0.9337,0.5516,0.8896,0.6666,0.5360,0.9950,0.3051,0.9337,0.4486,0.1101,0.5277,0.2257,0.0965,0.0449,0.0124,0.0354,0.0974,0.0155
837,H00917,-75.0909,4.8183,0.1000,Colombia,9.6907,7.4057,92.1069,28.2644,0.7203,0.8983,0.9985,0.9487,0.7531,0.0785,0.4346,0.7203,0.1017,0.0011,0.5275,0.3212,0.1356,0.0035,0.0177,0.0273,0.0221,0.0001
838,H02768,-70.8909,3.4326,0.1000,Colombia,7.0036,7.3997,39.7488,6.6779,0.5255,0.9971,0.0097,0.5007,0.7533,0.6023,0.8665,0.5255,0.0028,0.9903,0.5274,0.1695,0.1356,0.0272,0.0352,0.0199,0.0006,0.1394
839,H00999,-74.9409,7.8494,0.1000,Colombia,6.6760,7.4562,52.5141,49.1020,0.5480,0.4292,0.4730,0.4461,0.7514,0.4746,0.0176,0.5479,0.5711,0.5269,0.5273,0.1510,0.1353,0.0214,0.0007,0.0208,0.1240,0.0742
840,H02620,-71.3409,6.4637,0.1000,Colombia,8.7336,25.2943,64.5952,29.0561,0.4577,0.3782,0.6701,0.7892,0.1565,0.3537,0.4188,0.4576,0.6221,0.3297,0.5271,0.2672,0.0282,0.0159,0.0170,0.0173,0.1350,0.0464
841,H03594,-67.5909,6.0307,0.1000,Colombia,6.9377,23.8399,69.7461,17.0159,0.1313,0.3601,0.0060,0.4898,0.2050,0.3022,0.6597,0.1311,0.6403,0.9940,0.5270,0.1658,0.0369,0.0136,0.0268,0.0050,0.1390,0.1399
842,H00287,-76.8909,7.7628,0.1000,Colombia,7.2559,27.4518,23.9211,16.1988,0.5509,0.3590,0.2461,0.5428,0.0845,0.7607,0.6760,0.5509,0.6413,0.7539,0.5269,0.1837,0.0152,0.0343,0.0275,0.0209,0.1392,0.1061
843,H02865,-70.5909,1.1810,0.1000,Colombia,7.4805,17.7748,38.2824,20.6496,0.8042,0.8153,0.0419,0.5802,0.4073,0.6170,0.5870,0.8042,0.1847,0.9581,0.5269,0.1964,0.0733,0.0278,0.0239,0.0305,0.0401,0.1349
844,H03032,-70.1409,-1.1573,0.1000,Colombia,8.5056,26.8877,66.9080,17.2986,0.9219,0.5216,0.4776,0.7511,0.1033,0.3306,0.6540,0.9219,0.4786,0.5223,0.5267,0.2543,0.0186,0.0149,0.0266,0.0349,0.1039,0.0735
845,H02545,-71.4909,3.4326,0.1000,Colombia,6.9258,4.6436,46.4850,3.1913,0.8658,0.4986,0.9618,0.4878,0.8452,0.5349,0.9363,0.8658,0.5017,0.0379,0.5265,0.1651,0.1522,0.0241,0.0381,0.0328,0.1089,0.0053
846,H01290,-74.1909,-0.0315,0.1000,Colombia,6.3815,4.8508,45.2323,17.3836,0.4568,0.3799,0.7297,0.3970,0.8383,0.5475,0.6523,0.4567,0.6204,0.2700,0.5265,0.1344,0.1509,0.0247,0.0265,0.0173,0.1346,0.0380
847,H02991,-70.2909,2.5666,0.1000,Colombia,8.8000,3.8720,72.5096,48.1488,0.1567,0.6364,0.9995,0.8002,0.8709,0.2746,0.0367,0.1565,0.3637,0.0002,0.5265,0.2709,0.1568,0.0124,0.0015,0.0059,0.0789,0.0000
848,H01076,-74.7909,9.8412,0.1000,Colombia,6.3060,10.7158,17.8629,11.5470,0.2843,0.7156,0.0069,0.3844,0.6427,0.8213,0.7691,0.2842,0.2845,0.9931,0.5265,0.1301,0.1157,0.0370,0.0313,0.0108,0.0617,0.1398
849,H00520,-76.1409,5.2513,0.1000,Colombia,7.5648,0.4873,15.8283,36.4507,0.2591,0.9255,0.4811,0.5943,0.9838,0.8417,0.2708,0.2589,0.0745,0.5187,0.5263,0.2012,0.1771,0.0379,0.0110,0.0098,0.0162,0.0730
850,H02756,-70.8909,1.3542,0.1000,Colombia,6.8199,10.1510,32.4799,9.9200,0.1325,0.5363,0.4395,0.4701,0.6615,0.6751,0.8017,0.1323,0.4639,0.5604,0.5259,0.1591,0.1191,0.0304,0.0326,0.0050,0.1007,0.0789
851,H03183,-69.8409,4.9049,0.1000,Colombia,5.4997,2.9413,28.8666,3.2187,0.1048,0.5111,0.3004,0.2500,0.9019,0.7112,0.9358,0.1046,0.4891,0.6995,0.5257,0.0846,0.1624,0.0321,0.0381,0.0040,0.1061,0.0985
852,H01405,-74.0409,7.5030,0.1000,Colombia,6.8478,20.0078,80.8978,33.3930,0.0769,0.3394,0.0315,0.4748,0.3328,0.1906,0.3320,0.0766,0.6609,0.9685,0.5254,0.1607,0.0599,0.0086,0.0135,0.0029,0.1434,0.1363
853,H02687,-71.0409,-1.3305,0.1000,Colombia,6.4819,14.5580,21.2028,19.6838,0.2342,0.4696,0.2300,0.4138,0.5145,0.7879,0.6063,0.2340,0.5306,0.7699,0.5253,0.1401,0.0926,0.0355,0.0246,0.0089,0.1152,0.1084
854,H02399,-71.7909,-1.7635,0.1000,Colombia,7.8214,13.6487,38.5470,36.2879,0.2846,0.4382,0.7173,0.6371,0.5449,0.6144,0.2740,0.2845,0.5621,0.2825,0.5252,0.2157,0.0981,0.0277,0.0111,0.0108,0.1220,0.0398
855,H03211,-69.6909,1.0078,0.1000,Colombia,8.0419,5.9173,75.9562,24.5970,0.7112,0.7437,0.7259,0.6738,0.8027,0.2401,0.5080,0.7112,0.2564,0.2738,0.5252,0.2281,0.1445,0.0108,0.0207,0.0269,0.0556,0.0385
856,H02596,-71.3409,2.3068,0.1000,Colombia,5.6285,3.6996,47.5704,37.3873,0.4694,0.4011,0.3338,0.2715,0.8767,0.5241,0.2520,0.4693,0.5993,0.6661,0.5252,0.0919,0.1578,0.0236,0.0103,0.0178,0.1301,0.0938
857,H03268,-69.5409,5.0781,0.1000,Colombia,7.7706,13.9646,29.8042,27.1018,0.5414,0.5858,0.6064,0.6286,0.5343,0.7018,0.4579,0.5414,0.4144,0.3934,0.5251,0.2128,0.0962,0.0316,0.0186,0.0205,0.0899,0.0554
858,H02311,-72.0909,3.2594,0.1000,Colombia,9.2453,23.3046,34.5950,8.9764,0.8946,0.9203,0.4676,0.8745,0.2228,0.6539,0.8205,0.8946,0.0796,0.5323,0.5251,0.2960,0.0401,0.0295,0.0334,0.0339,0.0173,0.0749
859,H02946,-70.4409,5.2513,0.1000,Colombia,7.0831,9.7057,76.2653,12.6417,0.2919,0.7132,0.1852,0.5140,0.6764,0.2370,0.7472,0.2918,0.2869,0.8148,0.5249,0.1740,0.1218,0.0107,0.0304,0.0111,0.0623,0.1147
860,H00647,-75.8409,8.8886,0.1000,Colombia,8.0746,12.4448,38.7050,20.7852,0.4191,0.9818,0.1584,0.6793,0.5850,0.6128,0.5843,0.4190,0.0181,0.8416,0.5249,0.2300,0.1053,0.0276,0.0238,0.0159,0.0039,0.1185
861,H01163,-74.4909,1.8738,0.1000,Colombia,8.4610,7.2350,71.5663,22.4478,0.7311,0.9147,0.6085,0.7437,0.7588,0.2840,0.5510,0.7311,0.0853,0.3913,0.5249,0.2518,0.1366,0.0128,0.0224,0.0277,0.0185,0.0551
862,H00881,-75.2409,9.5814,0.1000,Colombia,8.0314,14.6453,30.5215,9.6265,0.3937,0.4293,0.9843,0.6721,0.5116,0.6947,0.8075,0.3935,0.5710,0.0154,0.5248,0.2275,0.0921,0.0313,0.0328,0.0149,0.1239,0.0022
863,H01854,-73.1409,8.3690,0.1000,Colombia,9.5136,10.7903,32.9354,6.8483,0.1937,0.9502,0.8935,0.9192,0.6402,0.6705,0.8631,0.1935,0.0498,0.1062,0.5248,0.3112,0.1153,0.0302,0.0351,0.0073,0.0108,0.0149
864,H01941,-72.9909,10.8805,0.1000,Colombia,6.0054,3.3751,85.5408,1.8127,0.7957,0.7418,0.1506,0.3343,0.8875,0.1442,0.9639,0.7957,0.2583,0.8494,0.5244,0.1132,0.1598,0.0065,0.0392,0.0301,0.0561,0.1196
865,H01357,-74.0409,-0.8109,0.1000,Colombia,6.5303,15.7515,76.2799,6.5227,0.9353,0.3275,0.5123,0.4218,0.4747,0.2368,0.8696,0.9354,0.6729,0.4876,0.5244,0.1428,0.0855,0.0107,0.0353,0.0354,0.1460,0.0686
866,H03103,-69.9909,0.8346,0.1000,Colombia,6.6041,6.9220,69.3992,26.6199,0.0885,0.4122,0.4703,0.4341,0.7692,0.3057,0.4675,0.0882,0.5881,0.5295,0.5238,0.1469,0.1385,0.0138,0.0190,0.0033,0.1276,0.0745
867,H00382,-76.5909,7.2432,0.1000,Colombia,7.7737,11.8372,90.1916,47.1386,0.2304,0.6613,0.1985,0.6291,0.6053,0.0976,0.0569,0.2302,0.3388,0.8014,0.5237,0.2130,0.1090,0.0044,0.0023,0.0087,0.0735,0.1128
868,H01250,-74.3409,5.0781,0.1000,Colombia,8.7792,19.0694,0.3021,9.3256,0.0781,0.9453,0.3238,0.7968,0.3641,0.9970,0.8136,0.0779,0.0546,0.6761,0.5233,0.2697,0.0656,0.0449,0.0331,0.0029,0.0118,0.0952
869,H01359,-74.0409,-0.4645,0.1000,Colombia,7.5541,7.5652,67.0747,3.4176,0.1923,0.4552,0.9298,0.5925,0.7477,0.3289,0.9318,0.1921,0.5451,0.0698,0.5233,0.2006,0.1346,0.0148,0.0379,0.0073,0.1183,0.0098
870,H03136,-69.9909,6.5503,0.1000,Colombia,8.4573,16.7364,81.8543,42.1360,0.1826,0.5827,0.4312,0.7431,0.4419,0.1811,0.1570,0.1824,0.4175,0.5687,0.5232,0.2516,0.0796,0.0082,0.0064,0.0069,0.0906,0.0801
871,H01127,-74.6409,7.1566,0.1000,Colombia,6.4507,1.0677,53.0859,19.3578,0.3966,0.8654,0.1435,0.4086,0.9644,0.4689,0.6128,0.3964,0.1346,0.8565,0.5228,0.1383,0.1736,0.0211,0.0249,0.0150,0.0292,0.1206
872,H01167,-74.4909,2.5666,0.1000,Colombia,7.0448,16.6665,44.9913,44.2962,0.8762,0.5371,0.2344,0.5076,0.4442,0.5499,0.1138,0.8763,0.4632,0.7656,0.5227,0.1718,0.0800,0.0248,0.0046,0.0332,0.1005,0.1078
873,H01433,-73.8909,-0.0315,0.1000,Colombia,8.0012,10.0333,49.7976,33.5821,0.5880,0.9695,0.2046,0.6670,0.6654,0.5018,0.3282,0.5879,0.0305,0.7954,0.5224,0.2258,0.1198,0.0226,0.0133,0.0223,0.0066,0.1120
874,H01923,-72.9909,6.8967,0.1000,Colombia,6.1330,15.8457,49.6075,14.9532,0.5162,0.4433,0.1104,0.3556,0.4716,0.5037,0.7009,0.5161,0.5570,0.8896,0.5222,0.1204,0.0849,0.0227,0.0285,0.0196,0.1209,0.1252
875,H02576,-71.3409,-1.1573,0.1000,Colombia,9.8739,19.2842,73.8805,11.0065,0.1052,0.6450,0.9877,0.9793,0.3569,0.2608,0.7799,0.1050,0.3552,0.0119,0.5220,0.3315,0.0643,0.0118,0.0317,0.0040,0.0771,0.0017
876,H01424,-74.0409,10.7939,0.1000,Colombia,9.9198,27.6781,37.1463,5.9625,0.7501,0.6565,0.9516,0.9869,0.0770,0.6284,0.8808,0.7501,0.3436,0.0481,0.5219,0.3341,0.0139,0.0283,0.0358,0.0284,0.0746,0.0068
877,H00555,-75.9909,2.2202,0.1000,Colombia,6.4209,5.3069,48.9216,7.3637,0.8488,0.9150,0.0850,0.4036,0.8231,0.5106,0.8528,0.8488,0.0849,0.9150,0.5219,0.1366,0.1482,0.0230,0.0347,0.0321,0.0184,0.1288
878,H02494,-71.6409,4.7317,0.1000,Colombia,7.0677,28.3130,13.8276,17.8278,0.9782,0.3143,0.3778,0.5114,0.0558,0.8617,0.6434,0.9783,0.6861,0.6221,0.5217,0.1731,0.0100,0.0389,0.0262,0.0371,0.1489,0.0876
879,H01619,-73.5909,7.0700,0.1000,Colombia,8.3839,15.1391,4.4881,14.7968,0.0698,0.7184,0.6471,0.7309,0.4952,0.9551,0.7041,0.0696,0.2817,0.3527,0.5217,0.2474,0.0892,0.0431,0.0286,0.0026,0.0611,0.0496
880,H01671,-73.4409,3.1728,0.1000,Colombia,9.2678,29.5113,91.2584,23.4042,0.9303,0.8987,0.0153,0.8782,0.0159,0.0870,0.5318,0.9303,0.1013,0.9848,0.5216,0.2973,0.0029,0.0039,0.0216,0.0352,0.0220,0.1386
881,H02248,-72.2409,2.9996,0.1000,Colombia,7.5939,12.6806,27.9937,5.3153,0.6060,0.8987,0.2823,0.5991,0.5771,0.7200,0.8938,0.6059,0.1013,0.7177,0.5215,0.2028,0.1039,0.0325,0.0363,0.0230,0.0220,0.1010
882,H00985,-74.9409,5.4245,0.1000,Colombia,6.9729,5.9589,50.6550,22.7028,0.3408,0.6301,0.4900,0.4956,0.8013,0.4932,0.5459,0.3406,0.3701,0.5099,0.5215,0.1678,0.1443,0.0222,0.0222,0.0129,0.0803,0.0718
883,H02039,-72.6909,1.5274,0.1000,Colombia,5.5058,3.7833,28.9178,5.6969,0.8864,0.5669,0.4081,0.2510,0.8739,0.7107,0.8862,0.8865,0.4333,0.5918,0.5213,0.0850,0.1573,0.0320,0.0360,0.0336,0.0940,0.0833
884,H02757,-70.8909,1.5274,0.1000,Colombia,9.3408,28.0657,29.3390,23.6230,0.8621,0.9904,0.1471,0.8904,0.0641,0.7065,0.5275,0.8621,0.0095,0.8529,0.5210,0.3014,0.0115,0.0319,0.0215,0.0327,0.0021,0.1201
885,H02623,-71.3409,6.9833,0.1000,Colombia,9.4597,26.0046,57.3962,11.7474,0.9045,0.9808,0.2903,0.9102,0.1328,0.4258,0.7651,0.9045,0.0191,0.7097,0.5207,0.3081,0.0239,0.0192,0.0311,0.0343,0.0042,0.0999
886,H03195,-69.6909,-2.8027,0.1000,Colombia,7.0338,23.2199,84.0450,1.2991,0.7094,0.4985,0.1066,0.5058,0.2257,0.1591,0.9742,0.7094,0.5018,0.8934,0.5202,0.1712,0.0406,0.0072,0.0396,0.0269,0.1089,0.1258
887,H03044,-70.1409,0.9212,0.1000,Colombia,8.4273,8.8853,92.2231,34.1419,0.6096,0.6257,0.8379,0.7381,0.7037,0.0773,0.3170,0.6095,0.3745,0.1618,0.5201,0.2499,0.1267,0.0035,0.0129,0.0231,0.0813,0.0228
888,H02676,-71.1909,6.2039,0.1000,Colombia,6.2067,11.6830,84.4950,12.1685,0.5633,0.5599,0.0689,0.3679,0.6104,0.1546,0.7567,0.5632,0.4403,0.9311,0.5201,0.1245,0.1099,0.0070,0.0308,0.0213,0.0956,0.1311
889,H02210,-72.3909,7.9360,0.1000,Colombia,8.5238,10.8365,17.1185,29.3377,0.5874,0.8626,0.6911,0.7542,0.6386,0.8288,0.4131,0.5873,0.1374,0.3087,0.5200,0.2553,0.1150,0.0374,0.0168,0.0222,0.0298,0.0435
890,H01270,-74.3409,8.5422,0.1000,Colombia,8.1699,26.5105,42.4493,3.8310,0.7591,0.6502,0.3207,0.6952,0.1159,0.5753,0.9235,0.7591,0.3500,0.6792,0.5200,0.2353,0.0209,0.0259,0.0376,0.0288,0.0760,0.0956
891,H01428,-73.8909,-0.8975,0.1000,Colombia,7.8347,20.0006,15.5752,35.3569,0.5118,0.3854,0.7107,0.6393,0.3330,0.8442,0.2927,0.5117,0.6149,0.2891,0.5199,0.2164,0.0600,0.0381,0.0119,0.0194,0.1335,0.0407
892,H01665,-73.4409,2.1336,0.1000,Colombia,9.1085,29.6437,14.0045,16.0676,0.5281,0.4135,0.8918,0.8517,0.0114,0.8599,0.6786,0.5281,0.5868,0.1079,0.5193,0.2883,0.0021,0.0388,0.0276,0.0200,0.1274,0.0152
893,H00799,-75.3909,6.0307,0.1000,Colombia,9.5350,12.3237,80.6097,13.4781,0.6417,0.8883,0.9046,0.9228,0.5890,0.1935,0.7305,0.6417,0.1116,0.0951,0.5188,0.3124,0.1061,0.0087,0.0297,0.0243,0.0242,0.0134
894,H01282,-74.3409,10.6207,0.1000,Colombia,7.3579,8.9393,71.2601,49.4537,0.9178,0.8969,0.0604,0.5598,0.7019,0.2871,0.0106,0.9178,0.1031,0.9396,0.5187,0.1895,0.1264,0.0129,0.0004,0.0348,0.0224,0.1323
895,H02290,-72.0909,-0.3779,0.1000,Colombia,7.6647,18.6886,32.2338,49.7526,0.8081,0.7605,0.0728,0.6109,0.3768,0.6775,0.0046,0.8081,0.2395,0.9272,0.5185,0.2068,0.0678,0.0305,0.0002,0.0306,0.0520,0.1305
896,H03027,-70.1409,-2.0233,0.1000,Colombia,7.8504,14.8379,50.1396,32.1589,0.5261,0.4186,0.8088,0.6419,0.5052,0.4984,0.3567,0.5261,0.5817,0.1909,0.5183,0.2173,0.0910,0.0225,0.0145,0.0199,0.1263,0.0269
897,H00492,-76.1409,0.4016,0.1000,Colombia,5.6643,1.5125,0.5349,8.9117,0.7839,0.7575,0.3404,0.2775,0.9496,0.9947,0.8218,0.7839,0.2425,0.6595,0.5183,0.0939,0.1710,0.0448,0.0334,0.0297,0.0526,0.0928
898,H01176,-74.4909,4.1255,0.1000,Colombia,8.6791,28.6021,0.3720,28.8461,0.5654,0.4072,0.7636,0.7801,0.0462,0.9963,0.4230,0.5653,0.5931,0.2361,0.5179,0.2641,0.0083,0.0449,0.0172,0.0214,0.1287,0.0332
899,H01213,-74.4909,10.5341,0.1000,Colombia,8.7689,9.3093,41.6217,6.1940,0.8193,0.8740,0.9692,0.7950,0.6896,0.5836,0.8762,0.8194,0.1259,0.0304,0.5179,0.2691,0.1242,0.0263,0.0356,0.0310,0.0273,0.0043
900,H02265,-72.2409,5.9441,0.1000,Colombia,7.7878,6.1277,46.4272,11.1506,0.8144,0.9812,0.5021,0.6315,0.7957,0.5355,0.7770,0.8144,0.0187,0.4978,0.5178,0.2138,0.1433,0.0241,0.0316,0.0308,0.0041,0.0701
901,H01685,-73.4409,5.5977,0.1000,Colombia,9.1721,23.5050,48.2894,9.5944,0.1040,0.7148,0.5401,0.8623,0.2162,0.5169,0.8082,0.1038,0.2853,0.4597,0.5176,0.2919,0.0389,0.0233,0.0329,0.0039,0.0619,0.0647
902,H01098,-74.6409,2.1336,0.1000,Colombia,8.6775,22.5634,86.4231,42.9764,0.9200,0.4563,0.6857,0.7798,0.2476,0.1353,0.1402,0.9200,0.5440,0.3140,0.5175,0.2640,0.0446,0.0061,0.0057,0.0348,0.1181,0.0442
903,H01612,-73.5909,5.8575,0.1000,Colombia,7.1977,26.5303,24.1928,23.4290,0.9647,0.4102,0.3211,0.5331,0.1153,0.7580,0.5314,0.9647,0.5901,0.6788,0.5172,0.1805,0.0208,0.0342,0.0216,0.0365,0.1281,0.0956
904,H00087,-77.4909,1.1810,0.1000,Colombia,7.8253,9.5265,65.4907,10.4444,0.5996,0.8118,0.5231,0.6377,0.6823,0.3448,0.7912,0.5996,0.1882,0.4768,0.5171,0.2159,0.1229,0.0155,0.0322,0.0227,0.0408,0.0671
905,H00858,-75.2409,5.5977,0.1000,Colombia,7.3890,10.6632,5.2046,17.2790,0.7573,0.7090,0.6564,0.5650,0.6444,0.9480,0.6544,0.7573,0.2911,0.3434,0.5168,0.1913,0.1160,0.0427,0.0266,0.0287,0.0632,0.0483
906,H00276,-76.8909,5.8575,0.1000,Colombia,8.7898,15.9388,41.4998,10.2401,0.0620,0.8890,0.4546,0.7985,0.4685,0.5848,0.7953,0.0617,0.1110,0.5453,0.5166,0.2703,0.0843,0.0264,0.0323,0.0023,0.0241,0.0768
907,H01299,-74.1909,1.5274,0.1000,Colombia,8.2389,4.9869,63.5157,23.6892,0.0161,0.7077,0.8199,0.7067,0.8337,0.3645,0.5261,0.0158,0.2925,0.1798,0.5166,0.2392,0.1501,0.0164,0.0214,0.0006,0.0635,0.0253
908,H01987,-72.8409,5.0781,0.1000,Colombia,6.9788,3.7575,91.0795,18.6652,0.8575,0.7456,0.4769,0.4966,0.8747,0.0888,0.6267,0.8575,0.2545,0.5230,0.5164,0.1681,0.1575,0.0040,0.0255,0.0325,0.0552,0.0736
909,H03577,-67.7409,5.4245,0.1000,Colombia,6.9364,15.1480,37.2401,33.5978,0.7011,0.6469,0.1705,0.4895,0.4949,0.6274,0.3279,0.7010,0.3532,0.8295,0.5164,0.1657,0.0891,0.0283,0.0133,0.0266,0.0767,0.1168
910,H01810,-73.1409,0.7480,0.1000,Colombia,7.9618,17.2963,14.5286,11.6790,0.3815,0.5297,0.7839,0.6605,0.4232,0.8547,0.7665,0.3814,0.4705,0.2158,0.5164,0.2236,0.0762,0.0385,0.0312,0.0144,0.1021,0.0304
911,H00485,-76.2909,7.9360,0.1000,Colombia,9.4069,18.9413,95.4132,41.6995,0.9983,0.7802,0.6411,0.9014,0.3684,0.0454,0.1658,0.9983,0.2199,0.3587,0.5163,0.3051,0.0663,0.0021,0.0067,0.0378,0.0477,0.0505
912,H01471,-73.8909,6.5503,0.1000,Colombia,8.4307,23.0624,82.8378,20.9827,0.3269,0.6105,0.3161,0.7387,0.2309,0.1712,0.5803,0.3267,0.3897,0.6838,0.5162,0.2501,0.0416,0.0077,0.0236,0.0124,0.0846,0.0963
913,H01115,-74.6409,5.0781,0.1000,Colombia,7.4805,3.6109,75.2986,48.3906,0.5756,0.7128,0.5412,0.5802,0.8796,0.2467,0.0319,0.5755,0.2874,0.4587,0.5160,0.1964,0.1584,0.0111,0.0013,0.0218,0.0624,0.0646
914,H03557,-67.8909,5.3379,0.1000,Colombia,6.9270,11.3504,0.8815,3.1538,0.8893,0.7341,0.5406,0.4880,0.6215,0.9912,0.9371,0.8893,0.2660,0.4592,0.5159,0.1652,0.1119,0.0447,0.0381,0.0337,0.0577,0.0646
915,H00060,-77.7909,2.2202,0.1000,Colombia,6.3321,8.4315,72.2374,20.5891,0.7856,0.7488,0.0483,0.3888,0.7188,0.2773,0.5882,0.7856,0.2513,0.9517,0.5157,0.1316,0.1294,0.0125,0.0239,0.0298,0.0545,0.1340
916,H01577,-73.5909,-0.2047,0.1000,Colombia,7.8518,22.9595,76.7861,7.5224,0.8099,0.6912,0.1964,0.6421,0.2344,0.2318,0.8496,0.8099,0.3089,0.8036,0.5154,0.2174,0.0422,0.0104,0.0345,0.0307,0.0670,0.1131
917,H01768,-73.2909,6.8967,0.1000,Colombia,6.2553,0.2726,10.7925,13.9354,0.0836,0.8590,0.2454,0.3760,0.9909,0.8921,0.7213,0.0834,0.1410,0.7546,0.5152,0.1273,0.1784,0.0402,0.0293,0.0032,0.0306,0.1062
918,H02725,-71.0409,5.2513,0.1000,Colombia,5.8175,7.4239,34.9474,7.2616,0.2129,0.5252,0.2759,0.3030,0.7525,0.6504,0.8549,0.2127,0.4750,0.7241,0.5152,0.1026,0.1355,0.0293,0.0348,0.0081,0.1031,0.1019
919,H00462,-76.2909,3.9523,0.1000,Colombia,8.4763,8.2777,25.6662,7.1143,0.9210,0.8945,0.9606,0.7463,0.7240,0.7433,0.8578,0.9211,0.1055,0.0391,0.5147,0.2526,0.1304,0.0335,0.0349,0.0349,0.0229,0.0055
920,H01539,-73.7409,5.7709,0.1000,Colombia,7.1510,20.2920,17.0153,22.8053,0.9050,0.7458,0.0790,0.5253,0.3233,0.8298,0.5438,0.9050,0.2543,0.9210,0.5147,0.1778,0.0582,0.0374,0.0221,0.0343,0.0552,0.1296
921,H03471,-68.3409,4.0389,0.1000,Colombia,8.6746,19.6198,44.3076,6.3263,0.5172,0.7083,0.6802,0.7793,0.3457,0.5567,0.8736,0.5171,0.2918,0.3195,0.5146,0.2638,0.0622,0.0251,0.0355,0.0196,0.0633,0.0450
922,H01579,-73.5909,0.1417,0.1000,Colombia,7.2802,6.1441,12.2911,33.9519,0.3906,0.5349,0.8732,0.5468,0.7951,0.8771,0.3208,0.3904,0.4654,0.1265,0.5145,0.1851,0.1432,0.0395,0.0130,0.0148,0.1010,0.0178
923,H01581,-73.5909,0.4882,0.1000,Colombia,6.3454,22.1564,40.1952,22.9384,0.8954,0.4487,0.0582,0.3910,0.2611,0.5979,0.5412,0.8955,0.5516,0.9418,0.5145,0.1324,0.0470,0.0270,0.0220,0.0339,0.1197,0.1326
924,H03552,-67.8909,4.4719,0.1000,Colombia,7.4842,13.7476,91.6979,1.5808,0.8235,0.8680,0.1680,0.5809,0.5416,0.0826,0.9685,0.8235,0.1320,0.8320,0.5142,0.1966,0.0975,0.0037,0.0394,0.0312,0.0286,0.1171
925,H03147,-69.8409,-2.3697,0.1000,Colombia,7.9988,4.9219,51.3069,9.4674,0.4751,0.8511,0.7663,0.6666,0.8359,0.4867,0.8107,0.4751,0.1489,0.2334,0.5142,0.2257,0.1505,0.0219,0.0330,0.0180,0.0323,0.0329
926,H00710,-75.5409,1.0944,0.1000,Colombia,8.5614,28.5160,36.3514,28.2406,0.1692,0.6508,0.1518,0.7604,0.0490,0.6363,0.4351,0.1691,0.3493,0.8481,0.5142,0.2574,0.0088,0.0287,0.0177,0.0064,0.0758,0.1194
927,H00475,-76.2909,6.2039,0.1000,Colombia,9.9578,22.0245,3.1057,30.1454,0.9435,0.8820,0.9356,0.9932,0.2655,0.9690,0.3970,0.9436,0.1180,0.0641,0.5142,0.3362,0.0478,0.0437,0.0161,0.0357,0.0256,0.0090
928,H00877,-75.2409,8.8886,0.1000,Colombia,7.9535,17.0217,49.4828,24.6722,0.2684,0.8960,0.0271,0.6591,0.4324,0.5050,0.5065,0.2682,0.1040,0.9730,0.5140,0.2231,0.0779,0.0228,0.0206,0.0102,0.0226,0.1370
929,H01335,-74.1909,7.7628,0.1000,Colombia,7.9020,11.8516,54.2033,13.8961,0.2105,0.5684,0.7634,0.6505,0.6048,0.4577,0.7221,0.2103,0.4318,0.2363,0.5140,0.2202,0.1089,0.0206,0.0294,0.0080,0.0937,0.0333
930,H03494,-68.1909,3.4326,0.1000,Colombia,7.9543,12.4774,69.3758,22.8813,0.8849,0.8633,0.3865,0.6592,0.5839,0.3059,0.5423,0.8850,0.1367,0.6134,0.5137,0.2232,0.1051,0.0138,0.0221,0.0335,0.0297,0.0863
931,H02192,-72.3909,4.2987,0.1000,Colombia,8.0244,29.4415,58.2998,22.2072,0.3955,0.3541,0.3845,0.6709,0.0182,0.4167,0.5558,0.3954,0.6463,0.6154,0.5137,0.2271,0.0033,0.0188,0.0226,0.0150,0.1403,0.0866
932,H02117,-72.5409,2.9996,0.1000,Colombia,7.6918,19.6746,86.3903,41.1920,0.8505,0.6421,0.1457,0.6155,0.3439,0.1357,0.1759,0.8505,0.3581,0.8543,0.5137,0.2084,0.0619,0.0061,0.0072,0.0322,0.0777,0.1203
933,H00523,-76.1409,5.7709,0.1000,Colombia,9.0527,19.9517,42.5356,17.4743,0.3743,0.6991,0.7424,0.8424,0.3347,0.5745,0.6505,0.3741,0.3010,0.2574,0.5135,0.2852,0.0603,0.0259,0.0265,0.0142,0.0653,0.0362
934,H02720,-71.0409,4.3853,0.1000,Colombia,9.3914,22.3425,51.2429,21.4524,0.9753,0.7824,0.7584,0.8988,0.2549,0.4873,0.5709,0.9754,0.2177,0.2413,0.5135,0.3043,0.0459,0.0220,0.0232,0.0369,0.0473,0.0340
935,H00683,-75.6909,5.8575,0.1000,Colombia,8.0119,12.9831,4.9300,27.7754,0.4183,0.5868,0.8686,0.6688,0.5671,0.9507,0.4444,0.4181,0.4134,0.1311,0.5135,0.2264,0.1021,0.0429,0.0181,0.0158,0.0897,0.0185
936,H00304,-76.7409,2.3068,0.1000,Colombia,8.3565,24.1629,84.0443,42.7134,0.9262,0.6488,0.2354,0.7263,0.1942,0.1591,0.1455,0.9263,0.3513,0.7646,0.5129,0.2459,0.0350,0.0072,0.0059,0.0351,0.0762,0.1076
937,H00961,-74.9409,1.2676,0.1000,Colombia,7.6189,12.3205,39.4990,36.2984,0.6864,0.7060,0.4722,0.6033,0.5892,0.6048,0.2738,0.6864,0.2941,0.5277,0.5128,0.2042,0.1061,0.0273,0.0111,0.0260,0.0638,0.0743
938,H02087,-72.5409,-2.1965,0.1000,Colombia,7.9407,16.9378,36.9889,26.6860,0.0546,0.6747,0.3474,0.6570,0.4352,0.6300,0.4662,0.0544,0.3254,0.6525,0.5127,0.2224,0.0784,0.0284,0.0190,0.0021,0.0706,0.0919
939,H02815,-70.7409,2.1336,0.1000,Colombia,8.6298,21.6435,61.9351,38.6402,0.4087,0.8328,0.1256,0.7718,0.2782,0.3804,0.2270,0.4086,0.1673,0.8744,0.5126,0.2613,0.0501,0.0171,0.0092,0.0155,0.0363,0.1231
940,H03068,-70.1409,5.0781,0.1000,Colombia,5.5054,9.2811,4.5487,44.4054,0.8839,0.5748,0.0770,0.2510,0.6905,0.9545,0.1116,0.8840,0.4254,0.9230,0.5126,0.0850,0.1243,0.0430,0.0045,0.0335,0.0923,0.1299
941,H00043,-77.9409,1.2676,0.1000,Colombia,9.4559,18.4539,2.3433,40.9615,0.5241,0.7242,0.9696,0.9096,0.3846,0.9766,0.1805,0.5240,0.2759,0.0301,0.5125,0.3079,0.0693,0.0440,0.0073,0.0198,0.0599,0.0042
942,H02438,-71.7909,4.9915,0.1000,Colombia,7.2484,11.8257,70.6232,11.7663,0.9354,0.6521,0.5398,0.5416,0.6057,0.2934,0.7647,0.9354,0.3480,0.4601,0.5124,0.1834,0.1091,0.0132,0.0311,0.0354,0.0755,0.0648
943,H00847,-75.2409,3.6925,0.1000,Colombia,9.9812,29.8958,58.5195,38.6076,0.9312,0.6826,0.7005,0.9972,0.0030,0.4145,0.2276,0.9313,0.3175,0.2993,0.5124,0.3376,0.0005,0.0187,0.0092,0.0353,0.0689,0.0421
944,H01659,-73.4409,1.0944,0.1000,Colombia,6.6832,14.1488,9.9664,18.7880,0.2341,0.3929,0.5795,0.4473,0.5282,0.9003,0.6242,0.2339,0.6074,0.4203,0.5123,0.1514,0.0951,0.0406,0.0254,0.0089,0.1318,0.0592
945,H00657,-75.6909,1.3542,0.1000,Colombia,6.1785,4.5430,39.4084,33.8117,0.8944,0.6162,0.4401,0.3632,0.8485,0.6058,0.3236,0.8944,0.3840,0.5598,0.5122,0.1230,0.1528,0.0273,0.0132,0.0339,0.0833,0.0788
946,H00273,-76.8909,5.3379,0.1000,Colombia,9.4794,18.8946,12.9783,37.6902,0.6767,0.9564,0.6304,0.9135,0.3699,0.8702,0.2460,0.6767,0.0435,0.3694,0.5122,0.3092,0.0666,0.0392,0.0100,0.0256,0.0094,0.0520
947,H03259,-69.5409,3.5192,0.1000,Colombia,9.3740,25.6778,32.1847,39.1492,0.6089,0.5011,0.9125,0.8959,0.1437,0.6780,0.2168,0.6088,0.4992,0.0872,0.5122,0.3033,0.0259,0.0306,0.0088,0.0231,0.1083,0.0123
948,H01175,-74.4909,3.9523,0.1000,Colombia,7.2399,3.2040,20.9288,20.0110,0.0261,0.8009,0.5469,0.5401,0.8932,0.7907,0.5997,0.0258,0.1992,0.4529,0.5117,0.1828,0.1608,0.0357,0.0244,0.0010,0.0432,0.0638
949,H01031,-74.7909,2.0470,0.1000,Colombia,7.5776,20.3317,18.3458,40.1562,0.1907,0.3541,0.5782,0.5964,0.3220,0.8165,0.1966,0.1905,0.6462,0.4217,0.5115,0.2019,0.0580,0.0368,0.0080,0.0072,0.1403,0.0594
950,H02263,-72.2409,5.5977,0.1000,Colombia,6.6603,13.4426,17.9180,48.4766,0.7625,0.5512,0.3081,0.4435,0.5517,0.8208,0.0302,0.7625,0.4491,0.6918,0.5114,0.1501,0.0993,0.0370,0.0012,0.0289,0.0975,0.0974
951,H00157,-77.1909,1.8738,0.1000,Colombia,8.5697,10.3187,97.5871,29.5621,0.3811,0.7411,0.6678,0.7618,0.6559,0.0236,0.4086,0.3810,0.2590,0.3320,0.5110,0.2579,0.1181,0.0011,0.0166,0.0144,0.0562,0.0467
952,H02892,-70.5909,5.8575,0.1000,Colombia,8.6267,27.4542,89.0667,41.3935,0.6558,0.4829,0.3925,0.7713,0.0845,0.1089,0.1719,0.6558,0.5174,0.6074,0.5109,0.2611,0.0152,0.0049,0.0070,0.0248,0.1123,0.0855
953,H01193,-74.4909,7.0700,0.1000,Colombia,7.7255,7.4088,1.1526,27.8610,0.2400,0.6555,0.8679,0.6211,0.7530,0.9885,0.4427,0.2399,0.3447,0.1318,0.5109,0.2103,0.1356,0.0446,0.0180,0.0091,0.0748,0.0186
954,H00401,-76.4409,1.9604,0.1000,Colombia,9.4153,26.5826,60.3222,23.7186,0.5755,0.5662,0.7893,0.9028,0.1135,0.3965,0.5256,0.5754,0.4340,0.2105,0.5109,0.3056,0.0204,0.0179,0.0214,0.0218,0.0942,0.0296
955,H01567,-73.7409,10.6207,0.1000,Colombia,4.5732,4.0109,50.6770,10.6981,0.7458,0.5308,0.0223,0.0956,0.8663,0.4930,0.7861,0.7457,0.4695,0.9778,0.5103,0.0324,0.1560,0.0222,0.0320,0.0283,0.1019,0.1376
956,H02395,-71.9409,12.0063,0.1000,Colombia,6.0753,24.1108,33.0294,11.7465,0.9939,0.3842,0.1103,0.3460,0.1960,0.6696,0.7651,0.9940,0.6161,0.8897,0.5103,0.1171,0.0353,0.0302,0.0311,0.0377,0.1337,0.1252
957,H01146,-74.6409,10.4474,0.1000,Colombia,8.7846,29.6069,17.0760,7.7795,0.7839,0.9920,0.0429,0.7976,0.0127,0.8292,0.8445,0.7839,0.0080,0.9571,0.5102,0.2700,0.0023,0.0374,0.0343,0.0297,0.0017,0.1347
958,H02592,-71.3409,1.6140,0.1000,Colombia,7.3150,10.1164,67.8517,38.9273,0.2038,0.4600,0.6075,0.5527,0.6627,0.3212,0.2212,0.2036,0.5403,0.3923,0.5101,0.1871,0.1193,0.0145,0.0090,0.0077,0.1173,0.0552
959,H00068,-77.6409,1.2676,0.1000,Colombia,4.4473,7.1080,36.4121,44.5058,0.8264,0.3047,0.0633,0.0746,0.7630,0.6357,0.1096,0.8264,0.6957,0.9368,0.5099,0.0253,0.1374,0.0287,0.0045,0.0313,0.1510,0.1319
960,H00270,-76.8909,4.8183,0.1000,Colombia,8.8562,28.0291,54.2878,43.8303,0.9693,0.8544,0.0752,0.8096,0.0653,0.4569,0.1231,0.9694,0.1456,0.9248,0.5099,0.2741,0.0118,0.0206,0.0050,0.0367,0.0316,0.1302
961,H01006,-74.9409,9.0618,0.1000,Colombia,8.1537,22.9395,70.2738,44.4652,0.8983,0.7664,0.0763,0.6925,0.2350,0.2969,0.1104,0.8983,0.2337,0.9237,0.5094,0.2344,0.0423,0.0134,0.0045,0.0340,0.0507,0.1300
962,H02218,-72.2409,-2.1965,0.1000,Colombia,9.2365,12.9620,32.3194,48.6968,0.0289,0.9115,0.5750,0.8730,0.5678,0.6767,0.0258,0.0286,0.0884,0.4248,0.5094,0.2955,0.1022,0.0305,0.0010,0.0011,0.0192,0.0598
963,H02866,-70.5909,1.3542,0.1000,Colombia,7.1002,14.4748,58.9119,7.5671,0.5499,0.7526,0.1924,0.5168,0.5173,0.4106,0.8487,0.5498,0.2475,0.8075,0.5093,0.1749,0.0931,0.0185,0.0345,0.0208,0.0537,0.1137
964,H02634,-71.1909,-1.0707,0.1000,Colombia,8.2783,2.5841,69.2972,43.2395,0.8614,0.9005,0.7897,0.7132,0.9139,0.3067,0.1349,0.8615,0.0995,0.2100,0.5091,0.2414,0.1646,0.0138,0.0055,0.0326,0.0216,0.0296
965,H02734,-71.0409,6.8101,0.1000,Colombia,9.6563,21.2921,49.1791,33.6074,0.1486,0.8147,0.6054,0.9430,0.2900,0.5080,0.3277,0.1484,0.1853,0.3944,0.5090,0.3192,0.0522,0.0229,0.0133,0.0056,0.0402,0.0555
966,H01207,-74.4909,9.4948,0.1000,Colombia,6.6754,11.3116,2.2134,32.5183,0.0322,0.5992,0.2950,0.4460,0.6228,0.9779,0.3495,0.0320,0.4010,0.7049,0.5089,0.1510,0.1121,0.0441,0.0142,0.0012,0.0870,0.0992
967,H02788,-70.8909,6.8967,0.1000,Colombia,9.7086,26.2008,10.0807,33.0514,0.8199,0.9593,0.5051,0.9517,0.1263,0.8992,0.3388,0.8199,0.0406,0.4947,0.5087,0.3222,0.0227,0.0405,0.0138,0.0311,0.0088,0.0696
968,H03573,-67.7409,3.8657,0.1000,Colombia,9.9367,15.0581,94.2344,48.4621,0.2531,0.9478,0.5800,0.9897,0.4979,0.0572,0.0304,0.2529,0.0522,0.4198,0.5085,0.3350,0.0896,0.0026,0.0012,0.0096,0.0113,0.0591
969,H03353,-69.0909,5.8575,0.1000,Colombia,7.0424,19.8141,55.3836,36.1998,0.2692,0.5583,0.0177,0.5072,0.3392,0.4459,0.2758,0.2690,0.4419,0.9823,0.5085,0.1717,0.0611,0.0201,0.0112,0.0102,0.0959,0.1383
970,H02517,-71.4909,-1.4171,0.1000,Colombia,6.8611,16.1899,30.6794,17.8083,0.9036,0.4905,0.5604,0.4770,0.4601,0.6931,0.6438,0.9036,0.5097,0.4394,0.5084,0.1615,0.0828,0.0312,0.0262,0.0342,0.1106,0.0619
971,H03508,-68.1909,5.8575,0.1000,Colombia,9.0843,26.3839,22.4750,17.5953,0.4298,0.5626,0.8067,0.8476,0.1202,0.7752,0.6481,0.4297,0.4376,0.1930,0.5083,0.2869,0.0216,0.0350,0.0263,0.0163,0.0950,0.0272
972,H01491,-73.8909,10.0144,0.1000,Colombia,6.2395,11.0039,75.3666,9.4173,0.1158,0.3683,0.4158,0.3733,0.6331,0.2460,0.8117,0.1156,0.6321,0.5840,0.5082,0.1264,0.1140,0.0111,0.0330,0.0044,0.1372,0.0822
973,H00047,-77.9409,1.9604,0.1000,Colombia,7.1204,1.5073,9.4556,41.7227,0.3616,0.7632,0.6576,0.5202,0.9498,0.9054,0.1653,0.3615,0.2368,0.3422,0.5079,0.1761,0.1710,0.0408,0.0067,0.0137,0.0514,0.0482
974,H00266,-76.8909,4.1255,0.1000,Colombia,8.1821,21.9446,7.2575,10.4743,0.5798,0.4682,0.9136,0.6972,0.2682,0.9274,0.7906,0.5798,0.5321,0.0861,0.5078,0.2360,0.0483,0.0418,0.0321,0.0220,0.1155,0.0121
975,H02711,-71.0409,2.8264,0.1000,Colombia,7.1078,28.5223,5.3898,9.4457,0.2384,0.5021,0.0716,0.5181,0.0488,0.9461,0.8112,0.2382,0.4982,0.9284,0.5077,0.1754,0.0088,0.0427,0.0330,0.0090,0.1081,0.1307
976,H01635,-73.5909,9.8412,0.1000,Colombia,5.4079,11.5815,69.5230,41.5069,0.9798,0.3287,0.1907,0.2347,0.6138,0.3044,0.1696,0.9799,0.6717,0.8093,0.5074,0.0795,0.1105,0.0137,0.0069,0.0371,0.1458,0.1139
977,H00509,-76.1409,3.3460,0.1000,Colombia,8.3543,23.7657,7.8699,39.9633,0.6028,0.7610,0.2909,0.7259,0.2075,0.9213,0.2005,0.6028,0.2391,0.7091,0.5073,0.2457,0.0374,0.0415,0.0081,0.0228,0.0519,0.0998
978,H02451,-71.7909,11.9197,0.1000,Colombia,9.7985,14.5945,2.3975,48.5609,0.6646,0.9769,0.9124,0.9667,0.5133,0.9761,0.0285,0.6645,0.0231,0.0873,0.5073,0.3272,0.0924,0.0440,0.0012,0.0252,0.0050,0.0123
979,H00296,-76.7409,0.9212,0.1000,Colombia,8.6200,8.1600,58.5375,47.0987,0.5167,0.7102,0.9151,0.7702,0.7279,0.4144,0.0577,0.5166,0.2899,0.0846,0.5072,0.2607,0.1311,0.0187,0.0024,0.0196,0.0629,0.0119
980,H02294,-72.0909,0.3150,0.1000,Colombia,4.0330,4.9370,7.4746,3.3245,0.6819,0.3751,0.1942,0.0055,0.8354,0.9253,0.9336,0.6819,0.6253,0.8057,0.5069,0.0019,0.1504,0.0417,0.0380,0.0258,0.1357,0.1134
981,H02315,-72.0909,3.9523,0.1000,Colombia,4.7889,2.3588,10.7361,26.8824,0.3844,0.3426,0.4310,0.1315,0.9214,0.8926,0.4622,0.3843,0.6578,0.5688,0.5068,0.0445,0.1659,0.0402,0.0188,0.0146,0.1428,0.0801
982,H01594,-73.5909,2.7398,0.1000,Colombia,8.3460,5.4197,87.8531,12.2226,0.8410,0.8521,0.9016,0.7245,0.8193,0.1210,0.7556,0.8411,0.1479,0.0980,0.5067,0.2453,0.1475,0.0055,0.0307,0.0319,0.0321,0.0138
983,H01568,-73.7409,10.7939,0.1000,Colombia,7.7432,28.0618,12.6545,48.6021,0.2535,0.4835,0.1358,0.6240,0.0642,0.8734,0.0276,0.2533,0.5168,0.8642,0.5067,0.2112,0.0116,0.0394,0.0011,0.0096,0.1122,0.1216
984,H02282,-72.0909,-1.7635,0.1000,Colombia,6.8350,10.0622,7.5872,28.2425,0.7899,0.8265,0.2890,0.4726,0.6645,0.9241,0.4350,0.7899,0.1735,0.7110,0.5066,0.1600,0.1196,0.0417,0.0177,0.0299,0.0377,0.1001
985,H01657,-73.4409,0.7480,0.1000,Colombia,5.8331,8.9358,69.8117,9.3404,0.3409,0.4974,0.2332,0.3056,0.7020,0.3016,0.8133,0.3408,0.5028,0.7668,0.5065,0.1035,0.1264,0.0136,0.0331,0.0129,0.1091,0.1079
986,H02173,-72.3909,1.0078,0.1000,Colombia,9.1344,29.9805,30.0919,20.7138,0.0960,0.8080,0.1781,0.8560,0.0002,0.6990,0.5857,0.0958,0.1920,0.8219,0.5061,0.2898,0.0000,0.0315,0.0238,0.0036,0.0417,0.1157
987,H03452,-68.4909,5.1647,0.1000,Colombia,8.0652,14.9270,24.7351,0.2241,0.6098,0.8506,0.6006,0.6777,0.5022,0.7526,0.9957,0.6098,0.1494,0.3992,0.5060,0.2294,0.0904,0.0339,0.0405,0.0231,0.0324,0.0562
988,H00310,-76.7409,3.3460,0.1000,Colombia,6.6338,0.7731,19.1873,15.4920,0.8594,0.7620,0.7646,0.4391,0.9742,0.8081,0.6902,0.8595,0.2380,0.2351,0.5059,0.1487,0.1754,0.0364,0.0281,0.0326,0.0517,0.0331
989,H01151,-74.4909,-0.2047,0.1000,Colombia,9.0221,25.7259,17.0677,43.6834,0.7357,0.5031,0.8684,0.8372,0.1421,0.8293,0.1261,0.7357,0.4972,0.1313,0.5058,0.2834,0.0256,0.0374,0.0051,0.0279,0.1079,0.0185
990,H01386,-74.0409,4.2121,0.1000,Colombia,8.6408,14.2031,95.8328,48.8594,0.7219,0.7729,0.5052,0.7737,0.5264,0.0412,0.0225,0.7219,0.2271,0.4947,0.5057,0.2619,0.0948,0.0019,0.0009,0.0273,0.0493,0.0696
991,H01440,-73.8909,1.1810,0.1000,Colombia,9.8195,19.7492,94.7171,38.2556,0.3251,0.6824,0.8396,0.9702,0.3414,0.0524,0.2347,0.3249,0.3177,0.1601,0.5056,0.3284,0.0615,0.0024,0.0095,0.0123,0.0689,0.0225
992,H03323,-69.2409,5.0781,0.1000,Colombia,7.5023,14.9385,58.3386,8.5217,0.0176,0.8480,0.0672,0.5839,0.5018,0.4163,0.8296,0.0174,0.1520,0.9328,0.5055,0.1977,0.0903,0.0188,0.0337,0.0007,0.0330,0.1313
993,H01259,-74.3409,6.6369,0.1000,Colombia,7.4918,8.9969,18.1218,15.0890,0.7382,0.6884,0.8474,0.5821,0.7000,0.8187,0.6982,0.7382,0.3118,0.1523,0.5055,0.1971,0.1260,0.0369,0.0284,0.0280,0.0677,0.0214
994,H00924,-75.0909,6.0307,0.1000,Colombia,6.5513,2.6336,79.5073,1.1080,0.9418,0.8029,0.5050,0.4253,0.9122,0.2045,0.9780,0.9419,0.1972,0.4948,0.5053,0.1440,0.1642,0.0092,0.0398,0.0357,0.0428,0.0697
995,H02669,-71.1909,4.9915,0.1000,Colombia,5.8938,6.2253,4.1596,2.3177,0.8082,0.6440,0.5341,0.3157,0.7924,0.9584,0.9538,0.8082,0.3561,0.4657,0.5050,0.1069,0.1427,0.0432,0.0388,0.0306,0.0773,0.0656
996,H02387,-71.9409,6.1173,0.1000,Colombia,7.6064,26.1718,93.8750,41.3723,0.6625,0.3595,0.2588,0.6012,0.1272,0.0608,0.1723,0.6625,0.6409,0.7411,0.5047,0.2035,0.0229,0.0027,0.0070,0.0251,0.1391,0.1043
997,H00484,-76.2909,7.7628,0.1000,Colombia,7.5059,0.8356,7.2376,1.3816,0.1376,0.9343,0.7792,0.5845,0.9722,0.9276,0.9725,0.1373,0.0656,0.2205,0.5047,0.1979,0.1750,0.0418,0.0395,0.0052,0.0142,0.0310
998,H01075,-74.7909,9.6680,0.1000,Colombia,6.5666,11.0741,20.1137,41.1514,0.9023,0.5228,0.5374,0.4279,0.6307,0.7988,0.1767,0.9024,0.4775,0.4625,0.5045,0.1449,0.1136,0.0360,0.0072,0.0342,0.1036,0.0651
999,H01485,-73.8909,8.9752,0.1000,Colombia,6.1988,13.4724,84.5226,30.6489,0.5462,0.3514,0.3129,0.3666,0.5507,0.1544,0.3869,0.5462,0.6490,0.6870,0.5042,0.1241,0.0992,0.0070,0.0157,0.0207,0.1409,0.0967
1000,H02937,-70.4409,3.6925,0.1000,Colombia,7.5026,17.5696,34.4562,17.7567,0.6386,0.8256,0.1891,0.5839,0.4141,0.6553,0.6449,0.6386,0.1745,0.8108,0.5042,0.1977,0.0746,0.0295,0.0262,0.0242,0.0379,0.1141
1001,H02594,-71.3409,1.9604,0.1000,Colombia,4.8573,1.5367,49.3987,21.7803,0.5133,0.3768,0.4023,0.1429,0.9488,0.5058,0.5643,0.5132,0.6236,0.5976,0.5039,0.0484,0.1708,0.0228,0.0229,0.0194,0.1353,0.0841
1002,H00910,-75.0909,3.6058,0.1000,Colombia,7.5418,12.8902,12.0271,25.3947,0.1868,0.6521,0.5798,0.5905,0.5702,0.8797,0.4920,0.1866,0.3480,0.4200,0.5039,0.1999,0.1027,0.0397,0.0200,0.0071,0.0755,0.0591
1003,H01200,-74.4909,8.2824,0.1000,Colombia,8.5496,28.0439,19.9082,4.7768,0.3011,0.4498,0.7756,0.7585,0.0648,0.8009,0.9046,0.3009,0.5505,0.2242,0.5038,0.2568,0.0117,0.0361,0.0368,0.0114,0.1195,0.0316
1004,H03212,-69.6909,1.8738,0.1000,Colombia,5.0755,6.4061,85.2984,41.1268,0.7124,0.3950,0.0818,0.1793,0.7864,0.1466,0.1772,0.7124,0.6053,0.9182,0.5037,0.0607,0.1416,0.0066,0.0072,0.0270,0.1314,0.1293
1005,H02808,-70.7409,0.9212,0.1000,Colombia,6.8614,7.8682,56.2712,27.9982,0.3192,0.5014,0.6361,0.4770,0.7376,0.4370,0.4399,0.3191,0.4989,0.3637,0.5034,0.1615,0.1328,0.0197,0.0179,0.0121,0.1083,0.0512
1006,H01353,-74.1909,10.8805,0.1000,Colombia,8.3515,28.7140,22.1527,14.6418,0.7154,0.3690,0.8419,0.7255,0.0424,0.7784,0.7072,0.7153,0.6313,0.1578,0.5034,0.2456,0.0076,0.0351,0.0288,0.0271,0.1370,0.0222
1007,H00567,-75.9909,4.2987,0.1000,Colombia,6.6248,20.4658,16.4525,3.6381,0.6544,0.4881,0.3847,0.4376,0.3175,0.8354,0.9274,0.6544,0.5122,0.6152,0.5032,0.1481,0.0572,0.0377,0.0377,0.0248,0.1112,0.0866
1008,H01666,-73.4409,2.3068,0.1000,Colombia,5.2511,14.5569,32.2081,49.4782,0.8887,0.3737,0.0114,0.2086,0.5146,0.6778,0.0101,0.8888,0.6266,0.9887,0.5031,0.0706,0.0926,0.0306,0.0004,0.0337,0.1360,0.1392
1009,H02836,-70.7409,5.7709,0.1000,Colombia,9.9595,29.9055,68.1209,42.4759,0.8751,0.9927,0.2114,0.9935,0.0027,0.3185,0.1502,0.8751,0.0072,0.7886,0.5030,0.3363,0.0005,0.0144,0.0061,0.0331,0.0016,0.1110
1010,H01104,-74.6409,3.1728,0.1000,Colombia,9.9694,27.6207,78.5808,36.0927,0.2672,0.5433,0.8463,0.9952,0.0789,0.2138,0.2780,0.2670,0.4569,0.1534,0.5029,0.3369,0.0142,0.0096,0.0113,0.0101,0.0992,0.0216
1011,H00815,-75.3909,8.8020,0.1000,Colombia,7.1130,20.3264,10.0753,42.9178,0.4860,0.3061,0.6206,0.5190,0.3222,0.8992,0.1414,0.4859,0.6943,0.3793,0.5025,0.1757,0.0580,0.0405,0.0057,0.0184,0.1507,0.0534
1012,H00313,-76.7409,3.8657,0.1000,Colombia,9.7759,20.6414,98.9217,33.1361,0.5142,0.7362,0.7939,0.9629,0.3117,0.0103,0.3371,0.5141,0.2639,0.2058,0.5020,0.3260,0.0561,0.0005,0.0137,0.0195,0.0573,0.0290
1013,H01793,-73.2909,11.2269,0.1000,Colombia,8.0814,9.6299,30.5576,20.5949,0.2359,0.6539,0.9285,0.6804,0.6789,0.6943,0.5881,0.2357,0.3462,0.0711,0.5019,0.2303,0.1222,0.0313,0.0239,0.0089,0.0751,0.0100
1014,H03467,-68.3409,3.3460,0.1000,Colombia,8.0066,12.9830,47.7891,32.6895,0.0489,0.8600,0.2646,0.6679,0.5671,0.5219,0.3461,0.0487,0.1400,0.7354,0.5016,0.2261,0.1021,0.0235,0.0141,0.0018,0.0304,0.1035
1015,H01757,-73.2909,4.9915,0.1000,Colombia,6.9271,12.9542,94.2610,23.5380,0.7167,0.5438,0.4063,0.4880,0.5680,0.0569,0.5292,0.7166,0.4564,0.5936,0.5013,0.1652,0.1023,0.0026,0.0215,0.0271,0.0990,0.0836
1016,H02647,-71.1909,1.1810,0.1000,Colombia,7.0024,4.6984,37.2245,13.2768,0.9126,0.9576,0.4446,0.5005,0.8433,0.6276,0.7345,0.9126,0.0423,0.5552,0.5013,0.1694,0.1518,0.0283,0.0299,0.0346,0.0092,0.0782
1017,H00133,-77.3409,5.4245,0.1000,Colombia,6.0257,12.0722,84.9600,22.8962,0.5557,0.5503,0.0637,0.3377,0.5974,0.1500,0.5420,0.5556,0.4499,0.9364,0.5012,0.1143,0.1076,0.0068,0.0220,0.0210,0.0976,0.1318
1018,H00156,-77.1909,1.7006,0.1000,Colombia,8.0328,27.0724,9.4739,6.8949,0.2520,0.5900,0.4204,0.6723,0.0972,0.9053,0.8622,0.2518,0.4102,0.5795,0.5011,0.2276,0.0175,0.0408,0.0350,0.0095,0.0890,0.0816
1019,H02245,-72.2409,2.4800,0.1000,Colombia,7.1287,13.6618,81.5180,9.6288,0.0763,0.6081,0.3083,0.5216,0.5444,0.1844,0.8075,0.0760,0.3921,0.6916,0.5011,0.1766,0.0980,0.0083,0.0328,0.0029,0.0851,0.0974
1020,H00993,-74.9409,6.8101,0.1000,Colombia,7.5414,28.6888,89.7796,4.6664,0.5009,0.4105,0.2548,0.5904,0.0433,0.1018,0.9068,0.5008,0.5898,0.7451,0.5010,0.1999,0.0078,0.0046,0.0369,0.0190,0.1280,0.1049
1021,H02547,-71.4909,3.7791,0.1000,Colombia,6.4453,7.4693,99.5159,11.5570,0.3811,0.6039,0.3197,0.4077,0.7509,0.0043,0.7689,0.3810,0.3963,0.6802,0.5009,0.1380,0.1352,0.0002,0.0313,0.0144,0.0860,0.0958
1022,H02607,-71.3409,4.2121,0.1000,Colombia,5.6570,5.7115,24.4954,44.6671,0.9578,0.4782,0.4774,0.2762,0.8096,0.7550,0.1064,0.9579,0.5221,0.5225,0.5008,0.0935,0.1458,0.0340,0.0043,0.0363,0.1133,0.0736
1023,H02380,-71.9409,4.9049,0.1000,Colombia,8.9345,20.5331,69.9713,11.7038,0.9063,0.6228,0.9674,0.8227,0.3153,0.3000,0.7660,0.9063,0.3774,0.0322,0.5007,0.2785,0.0568,0.0135,0.0311,0.0343,0.0819,0.0045
1024,H02348,-71.9409,-0.6377,0.1000,Colombia,7.5620,23.1551,5.0854,28.4409,0.7233,0.5479,0.4852,0.5938,0.2278,0.9492,0.4311,0.7233,0.4523,0.5147,0.5004,0.2010,0.0410,0.0428,0.0175,0.0274,0.0982,0.0725
1025,H01316,-74.1909,4.4719,0.1000,Colombia,7.1584,10.2640,80.3046,31.4091,0.9168,0.7881,0.2967,0.5265,0.6577,0.1966,0.3717,0.9169,0.2119,0.7032,0.5003,0.1782,0.1184,0.0089,0.0151,0.0347,0.0460,0.0990
1026,H02141,-72.5409,7.1566,0.1000,Colombia,7.2448,18.9191,19.1773,47.2438,0.7226,0.7546,0.0672,0.5409,0.3691,0.8082,0.0548,0.7225,0.2455,0.9328,0.5002,0.1831,0.0665,0.0364,0.0022,0.0274,0.0533,0.1313
1027,H01141,-74.6409,9.5814,0.1000,Colombia,6.0869,0.2973,43.7034,13.7843,0.9666,0.8716,0.3974,0.3479,0.9901,0.5628,0.7243,0.9667,0.1284,0.6025,0.5002,0.1178,0.1783,0.0254,0.0295,0.0366,0.0279,0.0848
1028,H01160,-74.4909,1.3542,0.1000,Colombia,8.9549,24.8257,60.6015,46.3985,0.4281,0.4819,0.7139,0.8260,0.1721,0.3937,0.0717,0.4280,0.5184,0.2859,0.5002,0.2796,0.0310,0.0177,0.0029,0.0162,0.1125,0.0403
1029,H03446,-68.4909,4.1255,0.1000,Colombia,8.8265,15.6069,87.5035,0.6321,0.3948,0.9770,0.4645,0.8046,0.4796,0.1245,0.9875,0.3947,0.0229,0.5354,0.4998,0.2724,0.0863,0.0056,0.0401,0.0149,0.0050,0.0754
1030,H03463,-68.3409,2.6532,0.1000,Colombia,7.5958,16.7013,19.3015,10.2223,0.6588,0.4645,0.9489,0.5995,0.4431,0.8069,0.7956,0.6587,0.5358,0.0508,0.4998,0.2029,0.0798,0.0364,0.0323,0.0249,0.1163,0.0072
1031,H01950,-72.8409,-1.3305,0.1000,Colombia,4.5316,0.7393,42.9323,47.6210,0.3224,0.3854,0.1417,0.0886,0.9754,0.5705,0.0473,0.3222,0.6149,0.8583,0.4997,0.0300,0.1756,0.0257,0.0019,0.0122,0.1335,0.1208
1032,H02195,-72.3909,4.8183,0.1000,Colombia,6.6823,4.9962,77.7186,21.3846,0.5114,0.4047,0.8839,0.4472,0.8334,0.2224,0.5723,0.5114,0.5956,0.1158,0.4997,0.1514,0.1500,0.0100,0.0233,0.0194,0.1293,0.0163
1033,H00925,-75.0909,6.2039,0.1000,Colombia,4.1348,5.1549,18.1250,0.4175,0.6556,0.3866,0.2352,0.0225,0.8281,0.8187,0.9918,0.6555,0.6138,0.7647,0.4996,0.0076,0.1491,0.0369,0.0403,0.0248,0.1332,0.1076
1034,H03592,-67.5909,5.6843,0.1000,Colombia,7.4064,12.1991,95.4638,22.1052,0.8232,0.6766,0.4718,0.5679,0.5932,0.0449,0.5578,0.8232,0.3235,0.5281,0.4995,0.1923,0.1068,0.0020,0.0227,0.0312,0.0702,0.0743
1035,H03243,-69.5409,-1.3305,0.1000,Colombia,8.1786,27.2876,13.2212,0.9940,0.7746,0.7596,0.3834,0.6966,0.0900,0.8678,0.9803,0.7746,0.2405,0.6165,0.4993,0.2358,0.0162,0.0391,0.0398,0.0293,0.0522,0.0868
1036,H00327,-76.7409,6.2905,0.1000,Colombia,7.6703,2.5238,50.7897,47.1817,0.5381,0.9861,0.4381,0.6119,0.9159,0.4919,0.0561,0.5381,0.0138,0.5618,0.4990,0.2071,0.1649,0.0222,0.0023,0.0204,0.0030,0.0791
1037,H02530,-71.4909,0.8346,0.1000,Colombia,8.0609,5.0435,92.5265,28.3582,0.0704,0.7017,0.7750,0.6770,0.8318,0.0743,0.4327,0.0702,0.2984,0.2248,0.4990,0.2292,0.1498,0.0034,0.0176,0.0027,0.0648,0.0316
1038,H03531,-68.0409,5.4245,0.1000,Colombia,8.7898,22.6144,40.7860,42.1942,0.8709,0.4897,0.9455,0.7985,0.2459,0.5920,0.1559,0.8710,0.5106,0.0541,0.4990,0.2703,0.0443,0.0267,0.0063,0.0330,0.1108,0.0076
1039,H00713,-75.5409,1.6140,0.1000,Colombia,6.4710,2.5840,16.3920,6.1144,0.3052,0.9891,0.2349,0.4120,0.9139,0.8360,0.8778,0.3050,0.0108,0.7651,0.4990,0.1395,0.1646,0.0377,0.0357,0.0115,0.0023,0.1077
1040,H03399,-68.7909,4.9915,0.1000,Colombia,7.4602,15.1279,52.4688,37.9337,0.5477,0.5519,0.5373,0.5769,0.4955,0.4751,0.2411,0.5476,0.4484,0.4625,0.4989,0.1953,0.0892,0.0214,0.0098,0.0207,0.0973,0.0651
1041,H02471,-71.6409,0.7480,0.1000,Colombia,9.7842,22.7856,21.5005,9.8824,0.3149,0.7879,0.9786,0.9643,0.2402,0.7849,0.8024,0.3148,0.2122,0.0211,0.4986,0.3264,0.0432,0.0354,0.0326,0.0119,0.0461,0.0030
1042,H02917,-70.4409,0.2283,0.1000,Colombia,9.0906,27.7858,51.9280,2.7919,0.4800,0.7627,0.5152,0.8487,0.0734,0.4805,0.9443,0.4799,0.2374,0.4847,0.4985,0.2873,0.0132,0.0217,0.0384,0.0182,0.0515,0.0682
1043,H00158,-77.1909,2.0470,0.1000,Colombia,5.4258,21.9900,28.6259,15.7393,0.7776,0.3191,0.0588,0.2377,0.2667,0.7136,0.6852,0.7776,0.6812,0.9412,0.4983,0.0805,0.0480,0.0322,0.0279,0.0295,0.1478,0.1325
1044,H01057,-74.7909,6.5503,0.1000,Colombia,6.4116,21.7611,1.7958,34.0586,0.3743,0.3782,0.2451,0.4020,0.2743,0.9821,0.3187,0.3742,0.6222,0.7548,0.4982,0.1361,0.0494,0.0443,0.0130,0.0142,0.1350,0.1062
1045,H02579,-71.3409,-0.6377,0.1000,Colombia,7.8869,20.7578,53.3590,43.4880,0.5878,0.7203,0.1900,0.6480,0.3078,0.4662,0.1300,0.5877,0.2798,0.8100,0.4981,0.2194,0.0554,0.0210,0.0053,0.0223,0.0607,0.1140
1046,H00625,-75.8409,5.0781,0.1000,Colombia,6.2135,20.2699,42.1119,2.9295,0.1001,0.3598,0.2353,0.3690,0.3240,0.5787,0.9415,0.0999,0.6406,0.7647,0.4981,0.1249,0.0583,0.0261,0.0383,0.0038,0.1390,0.1076
1047,H00480,-76.2909,7.0700,0.1000,Colombia,7.7764,13.9601,3.3427,15.6868,0.4854,0.9942,0.3076,0.6296,0.5345,0.9666,0.6863,0.4853,0.0057,0.6923,0.4979,0.2131,0.0962,0.0436,0.0279,0.0184,0.0012,0.0975
1048,H01484,-73.8909,8.8020,0.1000,Colombia,5.9475,1.1977,88.9119,9.7315,0.2594,0.3380,0.8312,0.3247,0.9601,0.1104,0.8054,0.2592,0.6624,0.1685,0.4978,0.1099,0.1729,0.0050,0.0327,0.0098,0.1438,0.0237
1049,H02444,-71.7909,6.0307,0.1000,Colombia,6.6426,24.9582,39.8149,11.7203,0.6822,0.4968,0.1143,0.4406,0.1677,0.6017,0.7656,0.6822,0.5035,0.8857,0.4974,0.1492,0.0302,0.0271,0.0311,0.0258,0.1093,0.1247
1050,H03465,-68.3409,2.9996,0.1000,Colombia,8.2308,10.0683,80.9473,11.3277,0.7820,0.7262,0.9300,0.7053,0.6643,0.1901,0.7735,0.7820,0.2739,0.0697,0.4973,0.2388,0.1196,0.0086,0.0314,0.0296,0.0595,0.0098
1051,H01147,-74.6409,10.6207,0.1000,Colombia,7.9507,22.6371,22.6837,48.0006,0.6859,0.7531,0.1906,0.6586,0.2451,0.7731,0.0397,0.6858,0.2470,0.8094,0.4971,0.2230,0.0441,0.0348,0.0016,0.0260,0.0536,0.1139
1052,H02675,-71.1909,6.0307,0.1000,Colombia,5.7245,4.2836,39.1480,20.5673,0.9521,0.8954,0.0402,0.2875,0.8572,0.6084,0.5886,0.9522,0.1046,0.9598,0.4969,0.0973,0.1543,0.0274,0.0239,0.0361,0.0227,0.1351
1053,H02231,-72.2409,0.0551,0.1000,Colombia,4.2889,6.3452,1.9683,40.8484,0.3165,0.3688,0.0210,0.0481,0.7884,0.9804,0.1828,0.3164,0.6316,0.9791,0.4968,0.0163,0.1419,0.0442,0.0074,0.0120,0.1371,0.1378
1054,H03472,-68.3409,4.2121,0.1000,Colombia,7.6582,18.5576,16.5749,2.4421,0.5721,0.8179,0.4013,0.6099,0.3812,0.8342,0.9513,0.5721,0.1821,0.5986,0.4968,0.2065,0.0686,0.0376,0.0387,0.0217,0.0395,0.0843
1055,H00915,-75.0909,4.4719,0.1000,Colombia,6.6168,8.0639,2.2203,34.7137,0.6561,0.3896,0.9759,0.4362,0.7311,0.9778,0.3055,0.6561,0.6107,0.0238,0.4965,0.1477,0.1316,0.0441,0.0124,0.0249,0.1325,0.0034
1056,H01922,-72.9909,6.7235,0.1000,Colombia,7.7175,26.3138,13.4786,46.7625,0.5265,0.3037,0.6319,0.6198,0.1225,0.8652,0.0645,0.5264,0.6967,0.3679,0.4964,0.2098,0.0221,0.0390,0.0026,0.0199,0.1512,0.0518
1057,H00558,-75.9909,2.7398,0.1000,Colombia,8.5308,15.9562,2.4391,21.0596,0.1928,0.7140,0.8616,0.7553,0.4679,0.9756,0.5788,0.1926,0.2861,0.1381,0.4963,0.2557,0.0842,0.0440,0.0235,0.0073,0.0621,0.0194
1058,H00473,-76.2909,5.8575,0.1000,Colombia,9.3469,25.4834,35.5290,17.8089,0.3378,0.8555,0.5219,0.8914,0.1502,0.6446,0.6438,0.3376,0.1445,0.4779,0.4955,0.3018,0.0270,0.0291,0.0262,0.0128,0.0314,0.0673
1059,H01498,-73.8909,11.2269,0.1000,Colombia,6.2787,21.0260,35.5968,33.0959,0.5378,0.4548,0.0662,0.3799,0.2988,0.6439,0.3379,0.5377,0.5455,0.9338,0.4954,0.1286,0.0538,0.0290,0.0137,0.0204,0.1184,0.1315
1060,H00009,-78.5409,1.9604,0.1000,Colombia,8.2484,7.4901,43.4049,14.0295,0.2149,0.8254,0.8608,0.7083,0.7502,0.5658,0.7194,0.2147,0.1746,0.1389,0.4952,0.2398,0.1351,0.0255,0.0293,0.0081,0.0379,0.0196
1061,H03035,-70.1409,-0.6377,0.1000,Colombia,5.6579,2.6632,4.1973,24.2804,0.5150,0.9127,0.0412,0.2764,0.9112,0.9581,0.5143,0.5149,0.0873,0.9589,0.4952,0.0936,0.1641,0.0432,0.0209,0.0195,0.0190,0.1350
1062,H01154,-74.4909,0.3150,0.1000,Colombia,7.7117,10.3674,25.7940,15.8473,0.8716,0.7332,0.8876,0.6188,0.6543,0.7420,0.6831,0.8717,0.2669,0.1121,0.4952,0.2095,0.1178,0.0335,0.0278,0.0330,0.0579,0.0158
1063,H00549,-75.9909,1.1810,0.1000,Colombia,8.6339,18.2141,51.8218,39.3932,0.2032,0.9596,0.1761,0.7725,0.3926,0.4816,0.2119,0.2030,0.0404,0.8238,0.4950,0.2615,0.0707,0.0217,0.0086,0.0077,0.0088,0.1160
1064,H00769,-75.3909,0.8346,0.1000,Colombia,8.9275,26.3410,10.4480,1.2502,0.8927,0.6469,0.9705,0.8215,0.1216,0.8955,0.9751,0.8927,0.3532,0.0292,0.4946,0.2781,0.0219,0.0404,0.0396,0.0338,0.0767,0.0041
1065,H03272,-69.5409,5.7709,0.1000,Colombia,8.3407,10.7466,73.9125,3.1660,0.1804,0.9981,0.4538,0.7236,0.6416,0.2605,0.9368,0.1802,0.0018,0.5460,0.4944,0.2450,0.1155,0.0117,0.0381,0.0068,0.0004,0.0769
1066,H00426,-76.4409,6.2905,0.1000,Colombia,6.6492,8.6832,71.6325,4.4984,0.4374,0.3727,0.8983,0.4416,0.7105,0.2833,0.9101,0.4373,0.6277,0.1014,0.4943,0.1495,0.1279,0.0128,0.0370,0.0166,0.1362,0.0143
1067,H03258,-69.5409,3.3460,0.1000,Colombia,6.3512,10.2067,62.7620,15.1739,0.2429,0.6623,0.1812,0.3920,0.6596,0.3721,0.6965,0.2427,0.3378,0.8188,0.4943,0.1327,0.1188,0.0168,0.0283,0.0092,0.0733,0.1153
1068,H02878,-70.5909,3.4326,0.1000,Colombia,7.5468,6.5310,31.9618,10.9962,0.1999,0.6291,0.9832,0.5913,0.7822,0.6803,0.7801,0.1997,0.3711,0.0164,0.4938,0.2002,0.1408,0.0307,0.0317,0.0076,0.0805,0.0023
1069,H00295,-76.7409,0.7480,0.1000,Colombia,7.1335,1.1781,61.2684,38.3506,0.7719,0.6478,0.9206,0.5224,0.9607,0.3870,0.2328,0.7719,0.3524,0.0791,0.4936,0.1769,0.1730,0.0175,0.0095,0.0292,0.0765,0.0111
1070,H03075,-70.1409,6.2905,0.1000,Colombia,9.1966,23.7039,72.4205,8.6563,0.8954,0.7030,0.8706,0.8663,0.2095,0.2755,0.8269,0.8955,0.2971,0.1291,0.4936,0.2933,0.0377,0.0124,0.0336,0.0339,0.0645,0.0182
1071,H02101,-72.5409,0.2283,0.1000,Colombia,7.1982,5.6491,76.5784,26.3955,0.7632,0.8707,0.4295,0.5332,0.8116,0.2338,0.4720,0.7632,0.1293,0.5704,0.4936,0.1805,0.1461,0.0105,0.0192,0.0289,0.0281,0.0803
1072,H02402,-71.7909,-1.2439,0.1000,Colombia,6.4578,16.4075,10.5725,8.4888,0.2686,0.6063,0.2653,0.4097,0.4529,0.8943,0.8303,0.2684,0.3938,0.7347,0.4934,0.1387,0.0815,0.0403,0.0338,0.0102,0.0855,0.1034
1073,H02613,-71.3409,5.2513,0.1000,Colombia,8.4454,23.4205,71.0243,49.5283,0.3216,0.8302,0.0011,0.7411,0.2190,0.2894,0.0091,0.3214,0.1698,0.9990,0.4934,0.2509,0.0394,0.0131,0.0004,0.0122,0.0369,0.1406
1074,H01961,-72.8409,0.5748,0.1000,Colombia,6.4594,19.5056,1.5643,11.8539,0.2578,0.5796,0.1813,0.4100,0.3495,0.9844,0.7630,0.2576,0.4206,0.8187,0.4934,0.1388,0.0629,0.0444,0.0310,0.0098,0.0913,0.1153
1075,H00345,-76.5909,0.8346,0.1000,Colombia,7.6951,17.2185,16.8599,30.3812,0.5577,0.5713,0.7125,0.6160,0.4258,0.8314,0.3922,0.5576,0.4289,0.2873,0.4933,0.2085,0.0767,0.0375,0.0159,0.0211,0.0931,0.0404
1076,H01196,-74.4909,7.5896,0.1000,Colombia,9.8409,25.6183,11.6879,17.8858,0.3953,0.9914,0.6125,0.9738,0.1457,0.8831,0.6423,0.3952,0.0085,0.3873,0.4932,0.3297,0.0262,0.0398,0.0261,0.0150,0.0018,0.0545
1077,H03477,-68.3409,5.0781,0.1000,Colombia,7.2156,20.6784,53.8080,31.4168,0.4662,0.5689,0.2291,0.5361,0.3104,0.4617,0.3715,0.4661,0.4313,0.7708,0.4931,0.1815,0.0559,0.0208,0.0151,0.0177,0.0936,0.1085
1078,H02048,-72.6909,3.0862,0.1000,Colombia,7.2612,17.3627,2.3716,48.9228,0.2149,0.5557,0.4076,0.5437,0.4210,0.9763,0.0212,0.2147,0.4445,0.5923,0.4927,0.1841,0.0758,0.0440,0.0009,0.0081,0.0965,0.0834
1079,H00620,-75.8409,4.2121,0.1000,Colombia,5.1071,9.4732,30.3220,1.6060,0.6699,0.3978,0.4325,0.1846,0.6841,0.6967,0.9680,0.6699,0.6025,0.5674,0.4924,0.0625,0.1232,0.0314,0.0394,0.0254,0.1308,0.0799
1080,H01044,-74.7909,4.2987,0.1000,Colombia,9.3159,21.6115,52.0655,19.8979,0.6628,0.8428,0.7387,0.8862,0.2793,0.4791,0.6020,0.6628,0.1572,0.2610,0.4923,0.3000,0.0503,0.0216,0.0245,0.0251,0.0341,0.0367
1081,H02093,-72.5409,-1.1573,0.1000,Colombia,7.1400,19.6969,42.8725,8.4941,0.9637,0.4563,0.7218,0.5235,0.3432,0.5711,0.8302,0.9638,0.5440,0.2779,0.4922,0.1772,0.0618,0.0257,0.0338,0.0365,0.1181,0.0391
1082,H02474,-71.6409,1.2676,0.1000,Colombia,7.2003,0.6345,34.6107,28.3195,0.1667,0.9185,0.5435,0.5335,0.9789,0.6538,0.4335,0.1665,0.0815,0.4564,0.4922,0.1806,0.1762,0.0295,0.0176,0.0063,0.0177,0.0643
1083,H02754,-70.8909,1.0078,0.1000,Colombia,9.5049,24.9061,87.0400,46.9612,0.6946,0.9934,0.1829,0.9177,0.1694,0.1292,0.0605,0.6946,0.0065,0.8171,0.4922,0.3107,0.0305,0.0058,0.0025,0.0263,0.0014,0.1150
1084,H00665,-75.6909,2.7398,0.1000,Colombia,4.9172,4.8798,84.8768,2.1022,0.2733,0.5034,0.1070,0.1529,0.8373,0.1508,0.9581,0.2732,0.4968,0.8930,0.4921,0.0518,0.1508,0.0068,0.0389,0.0103,0.1078,0.1257
1085,H00297,-76.7409,1.0944,0.1000,Colombia,5.2949,0.1914,54.7616,10.8094,0.6097,0.6360,0.3921,0.2159,0.9936,0.4521,0.7839,0.6096,0.3642,0.6078,0.4919,0.0731,0.1789,0.0204,0.0319,0.0231,0.0790,0.0856
1086,H02590,-71.3409,1.2676,0.1000,Colombia,8.9352,28.4357,63.6373,47.9964,0.5728,0.8487,0.0696,0.8228,0.0517,0.3633,0.0398,0.5727,0.1513,0.9305,0.4914,0.2785,0.0093,0.0164,0.0016,0.0217,0.0328,0.1310
1087,H00204,-77.0409,1.7872,0.1000,Colombia,7.6386,14.3205,2.3047,8.3419,0.1371,0.7195,0.6603,0.6066,0.5225,0.9770,0.8332,0.1369,0.2806,0.3395,0.4912,0.2054,0.0941,0.0440,0.0339,0.0052,0.0609,0.0478
1088,H02833,-70.7409,5.2513,0.1000,Colombia,5.7333,1.9080,22.9961,22.6568,0.8832,0.4336,0.9229,0.2890,0.9364,0.7700,0.5468,0.8832,0.5667,0.0768,0.4906,0.0978,0.1686,0.0347,0.0222,0.0335,0.1230,0.0108
1089,H03455,-68.4909,5.6843,0.1000,Colombia,5.0041,10.9514,29.7847,7.7701,0.2110,0.3945,0.1899,0.1674,0.6348,0.7020,0.8447,0.2108,0.6059,0.8100,0.4905,0.0567,0.1143,0.0316,0.0343,0.0080,0.1315,0.1140
1090,H02840,-70.7409,6.4637,0.1000,Colombia,6.3547,5.7373,93.6343,8.9677,0.4333,0.6146,0.4621,0.3926,0.8087,0.0632,0.8207,0.4332,0.3855,0.5378,0.4905,0.1329,0.1456,0.0029,0.0334,0.0164,0.0837,0.0757
1091,H03325,-69.2409,5.4245,0.1000,Colombia,8.5105,24.3590,50.9890,38.7086,0.2848,0.5312,0.5865,0.7520,0.1877,0.4899,0.2256,0.2846,0.4691,0.4134,0.4904,0.2546,0.0338,0.0221,0.0092,0.0108,0.1018,0.0582
1092,H00952,-75.0909,10.8805,0.1000,Colombia,5.0522,6.6195,6.8990,23.8398,0.8830,0.6183,0.2112,0.1754,0.7793,0.9310,0.5231,0.8830,0.3818,0.7888,0.4903,0.0594,0.1403,0.0420,0.0213,0.0335,0.0829,0.1110
1093,H00943,-75.0909,9.3216,0.1000,Colombia,8.9785,27.9522,29.8451,21.4928,0.1958,0.4195,0.9365,0.8300,0.0678,0.7014,0.5701,0.1956,0.5808,0.0632,0.4903,0.2810,0.0122,0.0316,0.0232,0.0074,0.1260,0.0089
1094,H02271,-72.2409,6.9833,0.1000,Colombia,6.3071,16.9756,73.6017,16.5454,0.0526,0.3851,0.2396,0.3846,0.4339,0.2636,0.6691,0.0524,0.6152,0.7603,0.4899,0.1302,0.0781,0.0119,0.0272,0.0020,0.1335,0.1070
1095,H00779,-75.3909,2.5666,0.1000,Colombia,7.8469,28.3791,3.9711,5.7778,0.0173,0.3849,0.6481,0.6413,0.0536,0.9603,0.8845,0.0171,0.6155,0.3517,0.4897,0.2171,0.0097,0.0433,0.0360,0.0006,0.1336,0.0495
1096,H03607,-67.2909,2.3934,0.1000,Colombia,5.7142,3.9470,88.9931,23.6608,0.6675,0.6608,0.2091,0.2858,0.8684,0.1096,0.5267,0.6675,0.3393,0.7909,0.4897,0.0968,0.1563,0.0049,0.0214,0.0253,0.0736,0.1113
1097,H00004,-78.6909,1.7006,0.1000,Colombia,4.9361,5.2537,33.8554,2.6814,0.9854,0.6777,0.1994,0.1561,0.8248,0.6613,0.9465,0.9855,0.3225,0.8005,0.4897,0.0528,0.1485,0.0298,0.0385,0.0373,0.0700,0.1127
1098,H03300,-69.3909,5.8575,0.1000,Colombia,6.6008,5.1827,74.8396,31.8174,0.6407,0.6391,0.5369,0.4336,0.8272,0.2512,0.3635,0.6407,0.3610,0.4630,0.4896,0.1468,0.1489,0.0113,0.0148,0.0243,0.0784,0.0652
1099,H02864,-70.5909,1.0078,0.1000,Colombia,6.6197,3.8062,82.7912,39.8290,0.5041,0.6410,0.4944,0.4367,0.8731,0.1717,0.2032,0.5041,0.3592,0.5055,0.4893,0.1478,0.1572,0.0077,0.0083,0.0191,0.0780,0.0712
1100,H00658,-75.6909,1.5274,0.1000,Colombia,7.8755,14.3225,31.6602,17.0458,0.0572,0.9282,0.2820,0.6461,0.5224,0.6833,0.6591,0.0569,0.0718,0.7179,0.4892,0.2187,0.0941,0.0308,0.0268,0.0022,0.0156,0.1011
1101,H02384,-71.9409,5.5977,0.1000,Colombia,5.9132,4.4814,98.2688,13.5235,0.6334,0.4425,0.6302,0.3189,0.8506,0.0168,0.7296,0.6334,0.5578,0.3696,0.4886,0.1080,0.1532,0.0008,0.0297,0.0240,0.1211,0.0520
1102,H02835,-70.7409,5.5977,0.1000,Colombia,9.5172,25.2329,65.3830,47.0610,0.6092,0.7097,0.6832,0.9198,0.1585,0.3459,0.0585,0.6091,0.2904,0.3166,0.4886,0.3114,0.0285,0.0156,0.0024,0.0231,0.0630,0.0446
1103,H02037,-72.6909,1.1810,0.1000,Colombia,4.9075,6.1765,28.0134,27.6488,0.1226,0.4993,0.0740,0.1513,0.7941,0.7198,0.4469,0.1224,0.5009,0.9260,0.4885,0.0512,0.1430,0.0324,0.0182,0.0046,0.1087,0.1303
1104,H01698,-73.4409,7.8494,0.1000,Colombia,9.7787,28.8618,12.3464,10.8865,0.2527,0.9885,0.4876,0.9634,0.0375,0.8765,0.7823,0.2525,0.0114,0.5123,0.4884,0.3261,0.0067,0.0395,0.0318,0.0096,0.0025,0.0721
1105,H02941,-70.4409,4.3853,0.1000,Colombia,7.6093,10.9886,13.9919,35.4562,0.7534,0.6267,0.9267,0.6017,0.6336,0.8601,0.2907,0.7534,0.3734,0.0729,0.4882,0.2037,0.1141,0.0388,0.0118,0.0285,0.0810,0.0103
1106,H02116,-72.5409,2.8264,0.1000,Colombia,6.6419,10.6219,75.2402,1.3815,0.7310,0.6081,0.5798,0.4404,0.6458,0.2472,0.9725,0.7309,0.3920,0.4200,0.4879,0.1491,0.1163,0.0111,0.0395,0.0277,0.0851,0.0591
1107,H02456,-71.6409,-1.8501,0.1000,Colombia,6.6643,9.1530,28.5525,10.6724,0.4506,0.5820,0.7128,0.4442,0.6948,0.7144,0.7866,0.4505,0.4182,0.2870,0.4879,0.1504,0.1251,0.0322,0.0320,0.0171,0.0908,0.0404
1108,H00800,-75.3909,6.2039,0.1000,Colombia,8.2434,14.6893,35.3477,5.0085,0.6690,0.9095,0.6751,0.7074,0.5102,0.6464,0.8999,0.6689,0.0905,0.3247,0.4878,0.2395,0.0919,0.0291,0.0366,0.0253,0.0196,0.0457
1109,H02942,-70.4409,4.5585,0.1000,Colombia,5.7794,1.5881,51.3142,4.2380,0.0658,0.6852,0.3844,0.2966,0.9471,0.4866,0.9154,0.0655,0.3150,0.6155,0.4876,0.1004,0.1705,0.0219,0.0372,0.0025,0.0684,0.0866
1110,H03109,-69.9909,1.8738,0.1000,Colombia,7.6798,17.8819,85.8814,48.1601,0.7809,0.3064,0.8638,0.6135,0.4037,0.1408,0.0365,0.7809,0.6940,0.1359,0.4875,0.2077,0.0727,0.0063,0.0015,0.0296,0.1506,0.0191
1111,H01589,-73.5909,1.8738,0.1000,Colombia,8.3056,29.2985,34.2266,12.6049,0.7644,0.6011,0.5406,0.7178,0.0230,0.6576,0.7479,0.7644,0.3991,0.4592,0.4874,0.2430,0.0041,0.0296,0.0304,0.0290,0.0866,0.0646
1112,H00084,-77.4909,0.6614,0.1000,Colombia,5.8659,7.9649,6.6405,43.6474,0.4166,0.7798,0.0121,0.3111,0.7344,0.9336,0.1268,0.4165,0.2202,0.9879,0.4874,0.1053,0.1322,0.0421,0.0052,0.0158,0.0478,0.1391
1113,H01802,-73.1409,-0.6377,0.1000,Colombia,6.1195,9.4690,36.3899,10.2037,0.9235,0.3664,0.9230,0.3533,0.6842,0.6360,0.7960,0.9235,0.6340,0.0767,0.4872,0.1196,0.1232,0.0287,0.0324,0.0350,0.1376,0.0108
1114,H00978,-74.9409,4.2121,0.1000,Colombia,6.9782,9.3657,30.5413,39.4956,0.7007,0.9435,0.1715,0.4965,0.6877,0.6945,0.2099,0.7006,0.0564,0.8285,0.4872,0.1681,0.1238,0.0313,0.0085,0.0265,0.0122,0.1166
1115,H00041,-77.9409,0.9212,0.1000,Colombia,6.9711,10.2123,96.3916,2.7742,0.9022,0.4239,0.9894,0.4953,0.6595,0.0356,0.9446,0.9023,0.5764,0.0103,0.4871,0.1677,0.1187,0.0016,0.0384,0.0342,0.1251,0.0014
1116,H00547,-75.9909,0.8346,0.1000,Colombia,8.0294,16.4662,80.3305,32.6263,0.5654,0.4391,0.9120,0.6718,0.4509,0.1963,0.3473,0.5653,0.5612,0.0877,0.4871,0.2274,0.0812,0.0089,0.0141,0.0214,0.1218,0.0123
1117,H02018,-72.6909,-2.1099,0.1000,Colombia,4.1309,5.6470,19.9381,20.0350,0.4244,0.4096,0.0857,0.0218,0.8117,0.8006,0.5993,0.4243,0.5908,0.9143,0.4870,0.0074,0.1462,0.0361,0.0244,0.0161,0.1282,0.1287
1118,H02809,-70.7409,1.0944,0.1000,Colombia,8.3100,13.0821,9.9731,29.5328,0.4242,0.8821,0.6925,0.7185,0.5638,0.9003,0.4092,0.4241,0.1179,0.3073,0.4869,0.2432,0.1015,0.0406,0.0166,0.0161,0.0256,0.0433
1119,H02597,-71.3409,2.4800,0.1000,Colombia,6.9802,12.0291,53.6623,45.6448,0.9329,0.5940,0.5577,0.4968,0.5989,0.4631,0.0868,0.9330,0.4062,0.4421,0.4862,0.1682,0.1078,0.0209,0.0035,0.0353,0.0882,0.0622
1120,H00894,-75.0909,0.8346,0.1000,Colombia,8.0085,28.2442,28.3297,14.6306,0.3813,0.4816,0.5632,0.6683,0.0581,0.7166,0.7074,0.3812,0.5187,0.4366,0.4862,0.2262,0.0105,0.0323,0.0288,0.0144,0.1126,0.0615
1121,H02489,-71.6409,3.8657,0.1000,Colombia,6.2520,3.7991,71.8460,20.8335,0.3490,0.6104,0.5188,0.3754,0.8733,0.2812,0.5833,0.3489,0.3898,0.4810,0.4862,0.1271,0.1572,0.0127,0.0237,0.0132,0.0846,0.0677
1122,H03566,-67.7409,2.4800,0.1000,Colombia,7.4457,12.2868,40.8487,39.9915,0.4530,0.5973,0.6729,0.5744,0.5903,0.5913,0.1999,0.4529,0.4029,0.3269,0.4861,0.1945,0.1063,0.0267,0.0081,0.0172,0.0874,0.0460
1123,H02792,-70.7409,-1.8501,0.1000,Colombia,7.4172,9.4376,90.9304,22.4845,0.4266,0.8967,0.2570,0.5697,0.6853,0.0903,0.5503,0.4265,0.1033,0.7430,0.4859,0.1929,0.1234,0.0041,0.0224,0.0162,0.0224,0.1046
1124,H01582,-73.5909,0.6614,0.1000,Colombia,7.5669,1.9138,84.5745,29.6803,0.0355,0.8630,0.5634,0.5946,0.9362,0.1538,0.4063,0.0352,0.1370,0.4364,0.4858,0.2013,0.1686,0.0069,0.0165,0.0013,0.0297,0.0614
1125,H02490,-71.6409,4.0389,0.1000,Colombia,5.7147,5.3556,77.0089,37.1933,0.9583,0.5750,0.3475,0.2859,0.8214,0.2295,0.2559,0.9583,0.4252,0.6524,0.4858,0.0968,0.1479,0.0103,0.0104,0.0363,0.0923,0.0918
1126,H02688,-71.0409,-1.1573,0.1000,Colombia,6.9572,23.3373,2.9542,15.1378,0.3713,0.7521,0.0154,0.4930,0.2218,0.9705,0.6973,0.3711,0.2480,0.9847,0.4854,0.1669,0.0399,0.0437,0.0284,0.0141,0.0538,0.1386
1127,H00399,-76.4409,1.6140,0.1000,Colombia,8.5273,19.2451,75.0669,9.3587,0.8424,0.9054,0.5118,0.7548,0.3582,0.2490,0.8129,0.8424,0.0946,0.4881,0.4854,0.2555,0.0645,0.0112,0.0331,0.0319,0.0205,0.0687
1128,H02742,-70.8909,-1.0707,0.1000,Colombia,5.1750,13.7461,95.6992,8.4857,0.4185,0.3018,0.1587,0.1959,0.5416,0.0425,0.8304,0.4184,0.6986,0.8413,0.4854,0.0663,0.0975,0.0019,0.0338,0.0158,0.1516,0.1184
1129,H01791,-73.2909,10.8805,0.1000,Colombia,8.4246,28.9987,87.1546,36.0955,0.4118,0.3611,0.5859,0.7376,0.0330,0.1280,0.2779,0.4116,0.6393,0.4139,0.4853,0.2497,0.0059,0.0058,0.0113,0.0156,0.1388,0.0583
1130,H02426,-71.7909,2.9130,0.1000,Colombia,4.6968,3.8133,94.4947,16.3410,0.9727,0.4885,0.2109,0.1162,0.8729,0.0546,0.6732,0.9728,0.5118,0.7891,0.4853,0.0393,0.1572,0.0025,0.0274,0.0369,0.1111,0.1111
1131,H03371,-68.9409,4.5585,0.1000,Colombia,7.5718,12.8834,20.8384,4.0222,0.1837,0.9047,0.4295,0.5955,0.5704,0.7916,0.9197,0.1835,0.0953,0.5703,0.4853,0.2016,0.1027,0.0357,0.0374,0.0069,0.0207,0.0803
1132,H01492,-73.8909,10.1876,0.1000,Colombia,5.3636,2.9848,22.0066,25.0247,0.3347,0.7244,0.1620,0.2273,0.9005,0.7799,0.4994,0.3345,0.2757,0.8380,0.4850,0.0770,0.1621,0.0352,0.0203,0.0127,0.0598,0.1180
1133,H02610,-71.3409,4.7317,0.1000,Colombia,9.0360,18.8462,85.8986,41.6422,0.3540,0.5230,0.9727,0.8396,0.3715,0.1406,0.1669,0.3539,0.4772,0.0270,0.4850,0.2842,0.0669,0.0063,0.0068,0.0134,0.1036,0.0038
1134,H03427,-68.6409,5.4245,0.1000,Colombia,7.7477,19.3814,53.8819,8.5917,0.5264,0.8267,0.3069,0.6248,0.3537,0.4609,0.8282,0.5263,0.1733,0.6930,0.4847,0.2115,0.0637,0.0208,0.0337,0.0199,0.0376,0.0975
1135,H00840,-75.2409,2.4800,0.1000,Colombia,4.0786,1.7885,43.5589,23.1933,0.9895,0.4915,0.1782,0.0131,0.9404,0.5642,0.5361,0.9896,0.5088,0.8218,0.4846,0.0044,0.1693,0.0254,0.0218,0.0375,0.1104,0.1157
1136,H03123,-69.9909,4.2987,0.1000,Colombia,6.7536,7.1437,82.1111,38.1116,0.7322,0.7227,0.3867,0.4591,0.7618,0.1785,0.2376,0.7322,0.2774,0.6132,0.4845,0.1554,0.1372,0.0080,0.0097,0.0277,0.0602,0.0863
1137,H00969,-74.9409,2.6532,0.1000,Colombia,6.8563,20.7497,6.5892,12.0268,0.2854,0.5051,0.4569,0.4762,0.3080,0.9341,0.7595,0.2853,0.4952,0.5430,0.4844,0.1612,0.0555,0.0421,0.0309,0.0108,0.1075,0.0764
1138,H02415,-71.7909,1.0078,0.1000,Colombia,9.7841,18.6941,67.2263,37.3385,0.6213,0.9729,0.7474,0.9643,0.3766,0.3274,0.2530,0.6213,0.0270,0.2523,0.4842,0.3264,0.0678,0.0148,0.0103,0.0235,0.0059,0.0355
1139,H00323,-76.7409,5.5977,0.1000,Colombia,5.6796,5.1281,46.4855,24.2910,0.5800,0.8270,0.0375,0.2800,0.8290,0.5349,0.5141,0.5800,0.1730,0.9625,0.4841,0.0948,0.1493,0.0241,0.0209,0.0220,0.0376,0.1355
1140,H01206,-74.4909,9.3216,0.1000,Colombia,8.0998,8.6691,45.0095,16.4908,0.5442,0.9655,0.6840,0.6835,0.7109,0.5497,0.6702,0.5442,0.0344,0.3158,0.4839,0.2314,0.1280,0.0248,0.0272,0.0206,0.0075,0.0445
1141,H02333,-72.0909,7.0700,0.1000,Colombia,8.1195,20.4075,53.4028,14.8650,0.7059,0.7064,0.6184,0.6868,0.3195,0.4657,0.7027,0.7058,0.2937,0.3814,0.4838,0.2325,0.0575,0.0210,0.0286,0.0267,0.0637,0.0537
1142,H00184,-77.1909,6.7235,0.1000,Colombia,5.5476,17.0392,48.5256,0.7741,0.7870,0.3058,0.4686,0.2580,0.4318,0.5145,0.9847,0.7870,0.6946,0.5312,0.4837,0.0873,0.0777,0.0232,0.0400,0.0298,0.1507,0.0748
1143,H03252,-69.5409,2.3068,0.1000,Colombia,7.6338,5.3895,76.9485,48.7305,0.8650,0.9031,0.5331,0.6058,0.8203,0.2301,0.0251,0.8650,0.0968,0.4668,0.4837,0.2051,0.1477,0.0104,0.0010,0.0328,0.0210,0.0657
1144,H00303,-76.7409,2.1336,0.1000,Colombia,7.8246,20.1328,50.0198,43.1202,0.4052,0.6624,0.3480,0.6376,0.3286,0.4996,0.1373,0.4051,0.3378,0.6519,0.4835,0.2158,0.0592,0.0225,0.0056,0.0153,0.0733,0.0918
1145,H02945,-70.4409,5.0781,0.1000,Colombia,4.6151,7.2045,6.4834,12.5402,0.6718,0.3410,0.4980,0.1025,0.7598,0.9352,0.7492,0.6717,0.6593,0.5018,0.4833,0.0347,0.1368,0.0422,0.0305,0.0254,0.1431,0.0706
1146,H01699,-73.4409,8.0226,0.1000,Colombia,7.2972,15.2688,98.0052,12.8371,0.1979,0.7100,0.2382,0.5497,0.4908,0.0195,0.7433,0.1977,0.2901,0.7617,0.4832,0.1861,0.0884,0.0009,0.0302,0.0075,0.0630,0.1072
1147,H00260,-76.8909,3.0862,0.1000,Colombia,7.6900,12.5755,10.9356,5.2038,0.6135,0.9600,0.5614,0.6152,0.5806,0.8906,0.8960,0.6134,0.0399,0.4385,0.4830,0.2083,0.1045,0.0401,0.0364,0.0232,0.0087,0.0617
1148,H00408,-76.4409,3.1728,0.1000,Colombia,9.4323,24.7819,5.6333,45.0871,0.1241,0.7496,0.7188,0.9056,0.1736,0.9437,0.0980,0.1239,0.2505,0.2809,0.4830,0.3066,0.0313,0.0425,0.0040,0.0047,0.0544,0.0395
1149,H02689,-71.0409,-0.9841,0.1000,Colombia,6.4257,11.4709,43.3935,23.0332,0.1473,0.3603,0.6947,0.4044,0.6175,0.5659,0.5393,0.1471,0.6401,0.3051,0.4830,0.1369,0.1112,0.0255,0.0219,0.0056,0.1389,0.0430
1150,H02176,-72.3909,1.5274,0.1000,Colombia,5.6757,19.8858,23.2273,43.3437,0.8269,0.3816,0.1350,0.2793,0.3369,0.7677,0.1329,0.8269,0.6187,0.8650,0.4826,0.0945,0.0607,0.0346,0.0054,0.0313,0.1343,0.1218
1151,H01673,-73.4409,3.5192,0.1000,Colombia,8.8356,2.9008,75.5437,21.2654,0.0570,0.9710,0.9718,0.8062,0.9033,0.2442,0.5746,0.0567,0.0289,0.0278,0.4823,0.2729,0.1626,0.0110,0.0234,0.0022,0.0063,0.0039
1152,H02828,-70.7409,4.3853,0.1000,Colombia,6.5722,0.9746,52.6769,14.3274,0.7187,0.7112,0.8398,0.4288,0.9675,0.4730,0.7135,0.7187,0.2889,0.1599,0.4821,0.1452,0.1742,0.0213,0.0290,0.0272,0.0627,0.0225
1153,H00371,-76.5909,5.3379,0.1000,Colombia,4.1093,2.8608,17.6682,21.6114,0.5191,0.3290,0.3784,0.0182,0.9046,0.8233,0.5677,0.5190,0.6714,0.6215,0.4821,0.0062,0.1629,0.0371,0.0231,0.0197,0.1457,0.0875
1154,H01605,-73.5909,4.6451,0.1000,Colombia,7.1144,8.9979,4.1880,43.8429,0.6885,0.8448,0.4858,0.5192,0.7000,0.9581,0.1229,0.6885,0.1552,0.5140,0.4821,0.1758,0.1260,0.0432,0.0050,0.0261,0.0337,0.0724
1155,H00511,-76.1409,3.6925,0.1000,Colombia,6.5095,20.3890,16.3932,5.5271,0.4930,0.7192,0.0818,0.4184,0.3201,0.8360,0.8896,0.4929,0.2809,0.9182,0.4820,0.1416,0.0576,0.0377,0.0362,0.0187,0.0610,0.1293
1156,H01817,-73.1409,1.9604,0.1000,Colombia,8.6153,20.3062,57.1320,33.4450,0.5320,0.6902,0.6932,0.7694,0.3228,0.4284,0.3309,0.5320,0.3099,0.3066,0.4819,0.2605,0.0581,0.0193,0.0135,0.0202,0.0673,0.0432
1157,H01432,-73.8909,-0.2047,0.1000,Colombia,6.9331,15.8597,3.5612,30.0736,0.8544,0.8893,0.1794,0.4890,0.4711,0.9644,0.3984,0.8545,0.1106,0.8205,0.4819,0.1655,0.0848,0.0435,0.0162,0.0324,0.0240,0.1155
1158,H01930,-72.9909,8.1092,0.1000,Colombia,7.4799,2.2584,90.8981,20.9695,0.2514,0.7386,0.8246,0.5801,0.9247,0.0906,0.5806,0.2512,0.2615,0.1751,0.4815,0.1964,0.1665,0.0041,0.0236,0.0095,0.0568,0.0246
1159,H01503,-73.7409,-0.4645,0.1000,Colombia,6.0475,22.7333,45.4167,3.2118,0.2653,0.3481,0.2320,0.3413,0.2419,0.5456,0.9359,0.2651,0.6523,0.7680,0.4815,0.1155,0.0435,0.0246,0.0381,0.0100,0.1416,0.1081
1160,H03565,-67.7409,2.3068,0.1000,Colombia,8.3500,7.0087,34.0877,27.7290,0.8869,0.9702,0.9280,0.7252,0.7663,0.6590,0.4453,0.8870,0.0298,0.0717,0.4814,0.2455,0.1380,0.0297,0.0181,0.0336,0.0065,0.0101
1161,H01263,-74.3409,7.3298,0.1000,Colombia,6.7313,10.8751,93.8578,21.3276,0.0713,0.5763,0.3478,0.4553,0.6374,0.0610,0.5734,0.0710,0.4239,0.6521,0.4814,0.1541,0.1148,0.0027,0.0233,0.0027,0.0920,0.0918
1162,H02601,-71.3409,3.1728,0.1000,Colombia,4.3260,4.6024,89.5413,19.3791,0.6737,0.3671,0.1621,0.0543,0.8465,0.1041,0.6124,0.6736,0.6332,0.8379,0.4813,0.0184,0.1524,0.0047,0.0249,0.0255,0.1374,0.1179
1163,H01837,-73.1409,5.4245,0.1000,Colombia,6.0296,6.4063,50.5028,19.8727,0.9084,0.7098,0.4259,0.3384,0.7864,0.4947,0.6025,0.9084,0.2903,0.5740,0.4812,0.1146,0.1416,0.0223,0.0245,0.0344,0.0630,0.0808
1164,H02699,-71.0409,0.7480,0.1000,Colombia,8.6375,8.3257,89.3459,10.9592,0.2944,0.8426,0.9469,0.7731,0.7224,0.1061,0.7809,0.2943,0.1574,0.0528,0.4811,0.2617,0.1301,0.0048,0.0318,0.0112,0.0342,0.0074
1165,H01927,-72.9909,7.5896,0.1000,Colombia,6.8858,26.0400,60.4950,8.9266,0.6723,0.3466,0.4611,0.4811,0.1316,0.3948,0.8215,0.6722,0.6537,0.5388,0.4809,0.1629,0.0237,0.0178,0.0334,0.0255,0.1419,0.0759
1166,H03337,-69.0909,3.0862,0.1000,Colombia,8.5523,13.4032,43.4071,43.7594,0.6108,0.7328,0.9106,0.7589,0.5530,0.5657,0.1245,0.6107,0.2673,0.0891,0.4807,0.2569,0.0996,0.0255,0.0051,0.0231,0.0580,0.0125
1167,H02107,-72.5409,1.2676,0.1000,Colombia,9.4369,23.8674,97.6014,30.7922,0.6080,0.9120,0.4440,0.9064,0.2041,0.0235,0.3840,0.6079,0.0879,0.5559,0.4806,0.3068,0.0367,0.0011,0.0156,0.0230,0.0191,0.0783
1168,H02121,-72.5409,3.6925,0.1000,Colombia,7.0312,18.8620,34.7738,21.3050,0.5429,0.5336,0.5160,0.5053,0.3710,0.6521,0.5739,0.5429,0.4666,0.4839,0.4805,0.1711,0.0668,0.0294,0.0233,0.0206,0.1013,0.0681
1169,H01497,-73.8909,11.0537,0.1000,Colombia,6.7810,18.0238,21.4745,17.0601,0.4844,0.8462,0.0208,0.4636,0.3990,0.7852,0.6588,0.4843,0.1538,0.9792,0.4805,0.1569,0.0718,0.0354,0.0268,0.0183,0.0334,0.1378
1170,H02225,-72.2409,-0.9841,0.1000,Colombia,6.8126,12.5215,25.6255,20.1867,0.2438,0.8437,0.1768,0.4689,0.5825,0.7437,0.5962,0.2436,0.1563,0.8232,0.4804,0.1587,0.1049,0.0335,0.0242,0.0092,0.0339,0.1159
1171,H01643,-73.5909,11.2269,0.1000,Colombia,7.7415,12.5149,0.4360,11.3135,0.0173,0.9162,0.5102,0.6238,0.5827,0.9957,0.7738,0.0171,0.0837,0.4896,0.4802,0.2112,0.1049,0.0449,0.0315,0.0006,0.0182,0.0689
1172,H03345,-69.0909,4.4719,0.1000,Colombia,8.2984,15.9402,90.0963,21.0031,0.4586,0.7906,0.5571,0.7166,0.4684,0.0986,0.5799,0.4585,0.2095,0.4428,0.4801,0.2426,0.0843,0.0044,0.0236,0.0174,0.0455,0.0623
1173,H00056,-77.7909,1.5274,0.1000,Colombia,4.5310,1.4884,54.4882,29.4380,0.4949,0.4319,0.2917,0.0885,0.9504,0.4549,0.4111,0.4948,0.5684,0.7082,0.4801,0.0300,0.1711,0.0205,0.0167,0.0187,0.1234,0.0997
1174,H02350,-71.9409,-0.2913,0.1000,Colombia,7.8166,26.9260,27.4262,42.4988,0.6818,0.5360,0.4268,0.6363,0.1021,0.7256,0.1498,0.6818,0.4642,0.5731,0.4798,0.2154,0.0184,0.0327,0.0061,0.0258,0.1008,0.0807
1175,H02299,-72.0909,1.1810,0.1000,Colombia,6.0332,15.5182,94.9069,5.6136,0.5059,0.4319,0.3091,0.3389,0.4825,0.0505,0.8878,0.5058,0.5684,0.6909,0.4798,0.1147,0.0869,0.0023,0.0361,0.0192,0.1234,0.0973
1176,H03354,-69.0909,6.0307,0.1000,Colombia,5.1275,14.1245,52.9775,28.2509,0.6069,0.4103,0.0721,0.1880,0.5290,0.4700,0.4349,0.6069,0.5900,0.9279,0.4794,0.0636,0.0953,0.0212,0.0177,0.0230,0.1280,0.1306
1177,H03170,-69.8409,2.6532,0.1000,Colombia,7.9310,26.2424,17.1789,10.4371,0.7463,0.9490,0.1037,0.6554,0.1249,0.8282,0.7913,0.7463,0.0509,0.8963,0.4794,0.2219,0.0225,0.0373,0.0322,0.0283,0.0111,0.1262
1178,H01746,-73.2909,3.0862,0.1000,Colombia,4.1152,6.8178,32.8746,31.9350,0.9364,0.3966,0.1334,0.0192,0.7727,0.6711,0.3611,0.9365,0.6038,0.8666,0.4791,0.0065,0.1391,0.0303,0.0147,0.0355,0.1310,0.1220
1179,H03440,-68.4909,3.0862,0.1000,Colombia,6.0514,3.5924,90.8887,34.4669,0.0570,0.4823,0.4791,0.3420,0.8802,0.0907,0.3105,0.0568,0.5180,0.5208,0.4789,0.1158,0.1585,0.0041,0.0126,0.0022,0.1124,0.0733
1180,H02430,-71.7909,3.6058,0.1000,Colombia,7.6177,22.7660,56.0241,15.8537,0.6114,0.7125,0.3033,0.6031,0.2408,0.4395,0.6829,0.6113,0.2876,0.6966,0.4787,0.2042,0.0434,0.0198,0.0278,0.0232,0.0624,0.0981
1181,H00141,-77.3409,6.9833,0.1000,Colombia,5.5107,5.5390,63.3269,1.8891,0.2535,0.6136,0.3084,0.2518,0.8153,0.3664,0.9624,0.2534,0.3866,0.6915,0.4785,0.0852,0.1468,0.0165,0.0391,0.0096,0.0839,0.0973
1182,H00648,-75.8409,9.0618,0.1000,Colombia,8.7350,11.6182,64.7222,39.3478,0.5830,0.8065,0.9145,0.7894,0.6126,0.3525,0.2128,0.5829,0.1935,0.0852,0.4781,0.2672,0.1103,0.0159,0.0086,0.0221,0.0420,0.0120
1183,H02566,-71.4909,11.7465,0.1000,Colombia,5.3943,6.3035,92.5752,10.7496,0.8538,0.3510,0.6545,0.2324,0.7898,0.0738,0.7851,0.8538,0.6494,0.3453,0.4780,0.0787,0.1422,0.0033,0.0319,0.0323,0.1409,0.0486
1184,H00767,-75.3909,0.4882,0.1000,Colombia,9.2606,17.2160,45.5329,10.3257,0.3489,0.8821,0.9380,0.8770,0.4259,0.5445,0.7935,0.3487,0.1178,0.0617,0.4778,0.2969,0.0767,0.0245,0.0323,0.0132,0.0256,0.0087
1185,H01949,-72.8409,-1.5037,0.1000,Colombia,6.6041,27.9202,0.5771,20.6822,0.9003,0.5308,0.1917,0.4341,0.0689,0.9943,0.5863,0.9003,0.4694,0.8083,0.4778,0.1469,0.0124,0.0448,0.0238,0.0341,0.1019,0.1138
1186,H02144,-72.5409,7.6762,0.1000,Colombia,6.8270,9.3111,7.5554,1.2328,0.2151,0.9763,0.2943,0.4713,0.6895,0.9245,0.9755,0.2149,0.0236,0.7057,0.4776,0.1595,0.1241,0.0417,0.0397,0.0081,0.0051,0.0993
1187,H02988,-70.2909,2.0470,0.1000,Colombia,8.3107,24.2132,54.1880,49.6452,0.3212,0.3798,0.7735,0.7187,0.1925,0.4579,0.0068,0.3210,0.6206,0.2262,0.4776,0.2433,0.0347,0.0206,0.0003,0.0122,0.1347,0.0318
1188,H01279,-74.3409,10.1010,0.1000,Colombia,6.9933,11.6042,28.7934,16.3774,0.4281,0.8216,0.4048,0.4990,0.6130,0.7120,0.6725,0.4280,0.1784,0.5951,0.4774,0.1689,0.1104,0.0321,0.0273,0.0162,0.0387,0.0838
1189,H03597,-67.4409,2.1336,0.1000,Colombia,7.3160,8.0163,92.4747,7.2784,0.4255,0.6687,0.7710,0.5528,0.7327,0.0748,0.8545,0.4254,0.3315,0.2288,0.4774,0.1871,0.1319,0.0034,0.0347,0.0161,0.0720,0.0322
1190,H02867,-70.5909,1.5274,0.1000,Colombia,8.5527,18.6773,72.0816,39.2666,0.2696,0.8170,0.4245,0.7590,0.3772,0.2788,0.2144,0.2695,0.1830,0.5754,0.4771,0.2569,0.0679,0.0126,0.0087,0.0102,0.0397,0.0810
1191,H00865,-75.2409,6.8101,0.1000,Colombia,7.3578,4.8437,90.5322,42.8134,0.5534,0.6792,0.7452,0.5598,0.8385,0.0942,0.1435,0.5533,0.3210,0.2545,0.4770,0.1895,0.1510,0.0043,0.0058,0.0210,0.0697,0.0358
1192,H01398,-74.0409,6.2905,0.1000,Colombia,7.7029,19.0597,28.3461,46.3632,0.0240,0.3409,0.8352,0.6173,0.3644,0.7164,0.0724,0.0238,0.6595,0.1645,0.4770,0.2090,0.0656,0.0323,0.0029,0.0009,0.1431,0.0232
1193,H02626,-71.3409,12.1795,0.1000,Colombia,4.5357,2.8455,7.8527,29.7971,0.7944,0.3291,0.6462,0.0893,0.9051,0.9215,0.4039,0.7944,0.6713,0.3536,0.4767,0.0302,0.1630,0.0415,0.0164,0.0301,0.1457,0.0498
1194,H00508,-76.1409,3.1728,0.1000,Colombia,9.6988,27.0079,66.5273,29.8814,0.4113,0.8291,0.6251,0.9501,0.0993,0.3344,0.4022,0.4112,0.1710,0.3747,0.4764,0.3216,0.0179,0.0151,0.0163,0.0156,0.0371,0.0527
1195,H03425,-68.6409,5.0781,0.1000,Colombia,7.7172,23.5192,93.4558,25.0074,0.5335,0.3127,0.7531,0.6197,0.2157,0.0650,0.4998,0.5334,0.6877,0.2467,0.4761,0.2098,0.0388,0.0029,0.0203,0.0202,0.1492,0.0347
1196,H03104,-69.9909,1.0078,0.1000,Colombia,5.5523,8.7359,16.6414,44.9347,0.7295,0.3072,0.7086,0.2588,0.7087,0.8335,0.1010,0.7295,0.6932,0.2911,0.4760,0.0876,0.1276,0.0376,0.0041,0.0276,0.1505,0.0410
1197,H01126,-74.6409,6.9833,0.1000,Colombia,4.5219,3.3181,28.1930,16.0382,0.2079,0.3370,0.4711,0.0870,0.8894,0.7180,0.6792,0.2077,0.6634,0.5288,0.4759,0.0295,0.1601,0.0324,0.0276,0.0079,0.1440,0.0744
1198,H02869,-70.5909,1.8738,0.1000,Colombia,6.1183,5.8452,16.8141,9.4667,0.2697,0.7353,0.4797,0.3531,0.8051,0.8318,0.8107,0.2696,0.2647,0.5202,0.4758,0.1195,0.1450,0.0375,0.0330,0.0102,0.0575,0.0732
1199,H02464,-71.6409,-0.4645,0.1000,Colombia,7.7240,10.6968,42.6905,25.6362,0.4251,0.7495,0.7613,0.6208,0.6433,0.5729,0.4872,0.4250,0.2506,0.2384,0.4757,0.2102,0.1158,0.0258,0.0198,0.0161,0.0544,0.0336
1200,H03164,-69.8409,1.6140,0.1000,Colombia,4.3371,1.6423,5.1206,49.0805,0.4842,0.3988,0.3320,0.0562,0.9453,0.9488,0.0181,0.4841,0.6015,0.6679,0.4756,0.0190,0.1702,0.0428,0.0007,0.0183,0.1305,0.0940
1201,H02123,-72.5409,4.0389,0.1000,Colombia,6.5066,1.1702,20.1655,31.2168,0.8179,0.7971,0.7545,0.4179,0.9610,0.7983,0.3755,0.8179,0.2029,0.2452,0.4753,0.1415,0.1730,0.0360,0.0153,0.0310,0.0440,0.0345
1202,H01494,-73.8909,10.5341,0.1000,Colombia,7.6207,28.9882,86.5727,7.5077,0.1512,0.5911,0.0776,0.6036,0.0333,0.1339,0.8499,0.1510,0.4091,0.9224,0.4753,0.2043,0.0060,0.0060,0.0345,0.0057,0.0888,0.1298
1203,H00335,-76.7409,7.6762,0.1000,Colombia,4.2444,0.7112,89.4100,36.1901,0.8369,0.4896,0.0968,0.0407,0.9763,0.1055,0.2760,0.8370,0.5107,0.9032,0.4752,0.0138,0.1758,0.0048,0.0112,0.0317,0.1108,0.1271
1204,H00189,-77.1909,7.5896,0.1000,Colombia,5.4511,7.7901,71.4119,39.9386,0.5463,0.5485,0.1488,0.2419,0.7402,0.2855,0.2010,0.5462,0.4517,0.8512,0.4748,0.0819,0.1333,0.0129,0.0082,0.0207,0.0980,0.1198
1205,H00659,-75.6909,1.7006,0.1000,Colombia,7.4247,18.0542,40.0155,27.1767,0.5970,0.5001,0.7645,0.5709,0.3979,0.5997,0.4564,0.5969,0.5002,0.2352,0.4748,0.1933,0.0716,0.0270,0.0186,0.0226,0.1086,0.0331
1206,H03260,-69.5409,3.6925,0.1000,Colombia,5.2259,13.0403,24.6478,14.8353,0.9004,0.6590,0.0562,0.2044,0.5651,0.7534,0.7033,0.9004,0.3412,0.9438,0.4745,0.0692,0.1017,0.0340,0.0286,0.0341,0.0741,0.1329
1207,H00895,-75.0909,1.0078,0.1000,Colombia,5.2299,5.2323,0.0243,16.1167,0.7652,0.5015,0.6691,0.2050,0.8255,0.9998,0.6777,0.7652,0.4988,0.3307,0.4745,0.0694,0.1486,0.0451,0.0276,0.0290,0.1083,0.0466
1208,H03187,-69.8409,5.5977,0.1000,Colombia,6.1227,6.5817,8.2233,44.4089,0.7198,0.9320,0.1053,0.3539,0.7805,0.9178,0.1115,0.7198,0.0680,0.8947,0.4742,0.1198,0.1405,0.0414,0.0045,0.0273,0.0148,0.1260
1209,H03290,-69.3909,4.1255,0.1000,Colombia,4.4018,1.5704,53.4190,15.4422,0.7386,0.3370,0.5745,0.0670,0.9477,0.4656,0.6912,0.7385,0.6633,0.4253,0.4742,0.0227,0.1706,0.0210,0.0281,0.0280,0.1440,0.0599
1210,H02374,-71.9409,3.8657,0.1000,Colombia,8.0378,24.6797,65.3699,18.0189,0.7223,0.9219,0.0880,0.6732,0.1770,0.3460,0.6396,0.7223,0.0781,0.9120,0.4741,0.2279,0.0319,0.0156,0.0260,0.0274,0.0169,0.1284
1211,H03383,-68.7909,2.2202,0.1000,Colombia,5.5575,10.3686,34.8275,0.0862,0.3414,0.6626,0.2027,0.2596,0.6542,0.6516,0.9984,0.3413,0.3375,0.7973,0.4741,0.0879,0.1178,0.0294,0.0406,0.0129,0.0732,0.1122
1212,H00816,-75.3909,8.9752,0.1000,Colombia,7.5477,16.4079,70.7523,49.9306,0.4071,0.4633,0.6660,0.5914,0.4528,0.2921,0.0011,0.4070,0.5370,0.3338,0.4739,0.2002,0.0815,0.0132,0.0000,0.0154,0.1166,0.0470
1213,H02575,-71.3409,-1.3305,0.1000,Colombia,7.8429,20.9229,78.9674,46.6736,0.8327,0.6203,0.4576,0.6407,0.3023,0.2099,0.0662,0.8327,0.3799,0.5423,0.4738,0.2169,0.0544,0.0095,0.0027,0.0315,0.0824,0.0763
1214,H03266,-69.5409,4.7317,0.1000,Colombia,6.8455,6.1766,52.8630,30.1365,0.1655,0.6325,0.6675,0.4744,0.7940,0.4711,0.3971,0.1653,0.3676,0.3323,0.4738,0.1606,0.1430,0.0212,0.0161,0.0063,0.0798,0.0468
1215,H02909,-70.4409,-1.1573,0.1000,Colombia,5.8237,1.9998,55.3430,9.6377,0.2175,0.9130,0.1280,0.3040,0.9333,0.4463,0.8073,0.2173,0.0869,0.8720,0.4737,0.1029,0.1680,0.0201,0.0328,0.0082,0.0189,0.1227
1216,H00872,-75.2409,8.0226,0.1000,Colombia,7.8640,10.6450,38.8851,34.7704,0.5863,0.7178,0.8856,0.6442,0.6450,0.6110,0.3044,0.5862,0.2823,0.1141,0.4737,0.2181,0.1161,0.0276,0.0124,0.0222,0.0613,0.0161
1217,H03237,-69.6909,6.2039,0.1000,Colombia,9.7592,27.2523,36.0533,48.6078,0.7966,0.9894,0.5036,0.9601,0.0912,0.6393,0.0275,0.7966,0.0105,0.4963,0.4737,0.3250,0.0164,0.0288,0.0011,0.0302,0.0023,0.0699
1218,H02202,-72.3909,6.0307,0.1000,Colombia,6.5353,17.4231,70.1141,28.0261,0.8690,0.3359,0.6686,0.4227,0.4190,0.2985,0.4394,0.8691,0.6645,0.3312,0.4736,0.1431,0.0754,0.0135,0.0179,0.0329,0.1442,0.0466
1219,H01557,-73.7409,8.8886,0.1000,Colombia,6.4662,0.6303,73.2238,20.5614,0.7920,0.9112,0.4832,0.4111,0.9790,0.2674,0.5887,0.7920,0.0888,0.5166,0.4734,0.1392,0.1763,0.0121,0.0239,0.0300,0.0193,0.0727
1220,H00232,-77.0409,6.6369,0.1000,Colombia,7.4614,16.8657,91.3815,13.6921,0.8072,0.7274,0.4607,0.5771,0.4376,0.0857,0.7262,0.8072,0.2727,0.5392,0.4732,0.1954,0.0788,0.0039,0.0295,0.0306,0.0592,0.0759
1221,H03413,-68.6409,2.9996,0.1000,Colombia,6.1626,11.5044,94.5118,7.5833,0.2794,0.7409,0.0318,0.3605,0.6164,0.0544,0.8484,0.2792,0.2592,0.9683,0.4731,0.1220,0.1110,0.0024,0.0345,0.0106,0.0563,0.1363
1222,H02042,-72.6909,2.0470,0.1000,Colombia,7.1403,25.7580,66.3704,15.5423,0.6120,0.4621,0.3792,0.5235,0.1410,0.3360,0.6892,0.6120,0.5382,0.6207,0.4731,0.1772,0.0254,0.0152,0.0280,0.0232,0.1168,0.0874
1223,H00580,-75.9909,6.5503,0.1000,Colombia,6.7548,5.5992,22.3090,18.2523,0.5347,0.6237,0.9400,0.4593,0.8133,0.7768,0.6349,0.5346,0.3764,0.0597,0.4731,0.1555,0.1464,0.0350,0.0258,0.0203,0.0817,0.0084
1224,H00622,-75.8409,4.5585,0.1000,Colombia,6.2228,22.9958,79.0260,34.3186,0.3837,0.3309,0.1227,0.3706,0.2331,0.2094,0.3135,0.3836,0.6695,0.8773,0.4729,0.1255,0.0420,0.0094,0.0127,0.0145,0.1453,0.1235
1225,H01014,-74.9409,10.4474,0.1000,Colombia,8.2335,15.3171,33.2950,37.9065,0.5086,0.7509,0.7689,0.7058,0.4892,0.6669,0.2417,0.5085,0.2492,0.2309,0.4728,0.2389,0.0881,0.0301,0.0098,0.0193,0.0541,0.0325
1226,H00955,-74.9409,0.2283,0.1000,Colombia,6.2988,15.0017,14.9268,8.8568,0.7529,0.9315,0.0200,0.3832,0.4997,0.8507,0.8229,0.7529,0.0684,0.9800,0.4728,0.1297,0.0900,0.0384,0.0335,0.0285,0.0149,0.1380
1227,H01614,-73.5909,6.2039,0.1000,Colombia,5.9980,17.9342,1.9043,14.4444,0.8759,0.3806,0.6686,0.3331,0.4019,0.9810,0.7111,0.8760,0.6197,0.3312,0.4726,0.1128,0.0724,0.0442,0.0289,0.0332,0.1345,0.0466
1228,H01596,-73.5909,3.0862,0.1000,Colombia,5.6450,6.5632,65.0297,30.7205,0.3540,0.6739,0.1233,0.2742,0.7812,0.3494,0.3854,0.3539,0.3262,0.8767,0.4725,0.0928,0.1406,0.0158,0.0157,0.0134,0.0708,0.1234
1229,H03184,-69.8409,5.0781,0.1000,Colombia,7.0900,15.8045,93.7988,4.9831,0.9583,0.9792,0.0577,0.5151,0.4730,0.0616,0.9004,0.9584,0.0207,0.9423,0.4724,0.1744,0.0852,0.0028,0.0366,0.0363,0.0045,0.1326
1230,H02614,-71.3409,5.4245,0.1000,Colombia,5.8976,11.7072,11.5400,14.0197,0.5702,0.5456,0.5302,0.3164,0.6096,0.8846,0.7196,0.5702,0.4546,0.4696,0.4724,0.1071,0.1098,0.0399,0.0293,0.0216,0.0987,0.0661
1231,H02064,-72.6909,5.8575,0.1000,Colombia,4.3117,5.2767,94.8705,44.5053,0.5545,0.3217,0.0672,0.0520,0.8241,0.0508,0.1096,0.5544,0.6787,0.9329,0.4724,0.0176,0.1484,0.0023,0.0045,0.0210,0.1473,0.1313
1232,H01287,-74.1909,-0.5511,0.1000,Colombia,6.1038,3.6974,92.3300,13.7087,0.0606,0.7304,0.2762,0.3507,0.8767,0.0762,0.7259,0.0604,0.2697,0.7237,0.4722,0.1187,0.1578,0.0034,0.0295,0.0023,0.0585,0.1019
1233,H00347,-76.5909,1.1810,0.1000,Colombia,4.2718,0.8596,71.4388,10.3373,0.8281,0.5974,0.1615,0.0453,0.9714,0.2853,0.7933,0.8281,0.4028,0.8385,0.4722,0.0153,0.1749,0.0129,0.0323,0.0314,0.0874,0.1180
1234,H00067,-77.6409,1.0944,0.1000,Colombia,8.8132,23.1831,48.7468,10.1231,0.3608,0.7268,0.7800,0.8024,0.2269,0.5123,0.7976,0.3607,0.2733,0.2198,0.4719,0.2716,0.0408,0.0231,0.0324,0.0137,0.0593,0.0309
1235,H03221,-69.6909,3.4326,0.1000,Colombia,4.9682,10.9991,95.2491,48.2073,0.7733,0.3303,0.1154,0.1614,0.6332,0.0470,0.0355,0.7733,0.6701,0.8846,0.4715,0.0546,0.1140,0.0021,0.0014,0.0293,0.1454,0.1245
1236,H01822,-73.1409,2.8264,0.1000,Colombia,7.6901,25.2487,4.0785,37.9223,0.8081,0.6286,0.4989,0.6152,0.1580,0.9592,0.2413,0.8081,0.3715,0.5009,0.4715,0.2083,0.0284,0.0432,0.0098,0.0306,0.0806,0.0705
1237,H01229,-74.3409,1.4408,0.1000,Colombia,6.4560,5.3728,32.9975,20.2156,0.9037,0.7355,0.7236,0.4094,0.8209,0.6699,0.5956,0.9038,0.2646,0.2762,0.4714,0.1386,0.1478,0.0302,0.0242,0.0342,0.0574,0.0389
1238,H00198,-77.0409,0.7480,0.1000,Colombia,9.3225,18.4191,66.3734,35.6197,0.2172,0.7822,0.8631,0.8873,0.3858,0.3360,0.2874,0.2170,0.2178,0.1366,0.4714,0.3004,0.0695,0.0152,0.0117,0.0082,0.0473,0.0192
1239,H00802,-75.3909,6.5503,0.1000,Colombia,7.4577,0.7202,24.5632,20.1486,0.5738,0.9907,0.8698,0.5764,0.9760,0.7543,0.5970,0.5738,0.0092,0.1299,0.4712,0.1951,0.1757,0.0340,0.0243,0.0217,0.0020,0.0183
1240,H01762,-73.2909,5.8575,0.1000,Colombia,4.5885,10.2621,34.0385,44.7760,0.3249,0.3878,0.0038,0.0981,0.6578,0.6595,0.1042,0.3247,0.6125,0.9963,0.4711,0.0332,0.1184,0.0297,0.0042,0.0123,0.1329,0.1403
1241,H03004,-70.2909,4.8183,0.1000,Colombia,7.4305,21.7640,79.9579,7.3188,0.4647,0.4367,0.6842,0.5719,0.2742,0.2000,0.8537,0.4646,0.5636,0.3156,0.4710,0.1936,0.0494,0.0090,0.0347,0.0176,0.1223,0.0444
1242,H03549,-67.8909,3.9523,0.1000,Colombia,7.3805,21.3337,20.2468,25.2037,0.1790,0.6336,0.3903,0.5636,0.2886,0.7975,0.4958,0.1788,0.3665,0.6096,0.4710,0.1908,0.0520,0.0360,0.0202,0.0068,0.0795,0.0858
1243,H00765,-75.3909,0.1417,0.1000,Colombia,7.4193,1.8612,27.3160,45.1780,0.0477,0.9415,0.5890,0.5700,0.9380,0.7267,0.0962,0.0475,0.0584,0.4108,0.4708,0.1930,0.1689,0.0328,0.0039,0.0018,0.0127,0.0578
1244,H03047,-70.1409,1.4408,0.1000,Colombia,6.0791,10.4016,83.0183,14.6088,0.6942,0.5142,0.5211,0.3466,0.6531,0.1694,0.7078,0.6942,0.4860,0.4787,0.4705,0.1173,0.1176,0.0076,0.0288,0.0263,0.1055,0.0674
1245,H02990,-70.2909,2.3934,0.1000,Colombia,5.0755,3.5024,67.8945,31.2279,0.9825,0.5802,0.3416,0.1793,0.8832,0.3207,0.3753,0.9826,0.4200,0.6583,0.4705,0.0607,0.1590,0.0145,0.0153,0.0372,0.0911,0.0927
1246,H00906,-75.0909,2.9130,0.1000,Colombia,8.9047,17.3135,39.6247,42.8998,0.8617,0.8224,0.9048,0.8177,0.4226,0.6036,0.1417,0.8617,0.1776,0.0949,0.4704,0.2768,0.0761,0.0272,0.0058,0.0326,0.0386,0.0134
1247,H02473,-71.6409,1.0944,0.1000,Colombia,8.3329,21.2789,80.0054,44.3794,0.0401,0.9064,0.0201,0.7223,0.2904,0.1996,0.1121,0.0399,0.0936,0.9800,0.4701,0.2445,0.0523,0.0090,0.0046,0.0015,0.0203,0.1380
1248,H01208,-74.4909,9.6680,0.1000,Colombia,5.6418,11.7996,64.0710,37.8497,0.6189,0.6357,0.0090,0.2737,0.6065,0.3590,0.2428,0.6189,0.3645,0.9911,0.4700,0.0926,0.1092,0.0162,0.0099,0.0234,0.0791,0.1395
1249,H00331,-76.7409,6.9833,0.1000,Colombia,8.5471,19.8516,66.3792,30.0109,0.3633,0.8832,0.4190,0.7581,0.3380,0.3359,0.3996,0.3632,0.1168,0.5809,0.4698,0.2566,0.0609,0.0151,0.0163,0.0138,0.0254,0.0818
1250,H03267,-69.5409,4.9049,0.1000,Colombia,7.3641,9.6506,59.0116,9.3455,0.1443,0.5522,0.9748,0.5608,0.6782,0.4096,0.8132,0.1440,0.4480,0.0249,0.4697,0.1898,0.1221,0.0185,0.0331,0.0054,0.0972,0.0035
1251,H02166,-72.3909,-0.2047,0.1000,Colombia,7.8049,12.1559,0.9253,31.8652,0.4918,0.7929,0.8243,0.6343,0.5946,0.9908,0.3625,0.4917,0.2072,0.1755,0.4695,0.2147,0.1071,0.0447,0.0147,0.0186,0.0450,0.0247
1252,H02868,-70.5909,1.7006,0.1000,Colombia,5.6950,0.3014,24.1207,6.1027,0.7862,0.6659,0.8340,0.2826,0.9900,0.7587,0.8780,0.7862,0.3343,0.1657,0.4695,0.0957,0.1782,0.0342,0.0357,0.0298,0.0726,0.0233
1253,H02880,-70.5909,3.7791,0.1000,Colombia,5.9894,3.9190,26.2881,47.7077,0.7324,0.9706,0.0664,0.3317,0.8693,0.7370,0.0455,0.7324,0.0293,0.9336,0.4694,0.1123,0.1565,0.0332,0.0019,0.0277,0.0064,0.1314
1254,H00457,-76.2909,3.0862,0.1000,Colombia,6.8120,17.8273,31.1703,27.4242,0.3638,0.4557,0.6015,0.4688,0.4055,0.6882,0.4514,0.3637,0.5446,0.3983,0.4691,0.1587,0.0730,0.0310,0.0184,0.0138,0.1182,0.0561
1255,H01783,-73.2909,9.4948,0.1000,Colombia,7.8232,11.8344,5.2276,28.7556,0.2004,0.9548,0.5246,0.6374,0.6054,0.9477,0.4248,0.2002,0.0452,0.4752,0.4691,0.2158,0.1090,0.0427,0.0173,0.0076,0.0098,0.0669
1256,H03524,-68.0409,4.2121,0.1000,Colombia,5.0049,3.7885,15.4076,38.9817,0.7385,0.7723,0.0724,0.1675,0.8737,0.8459,0.2201,0.7385,0.2277,0.9276,0.4691,0.0567,0.1573,0.0381,0.0089,0.0280,0.0494,0.1306
1257,H01143,-74.6409,9.9278,0.1000,Colombia,7.3944,13.8220,74.3544,38.7361,0.8012,0.6260,0.6578,0.5659,0.5391,0.2561,0.2251,0.8012,0.3741,0.3420,0.4690,0.1916,0.0971,0.0115,0.0092,0.0303,0.0812,0.0481
1258,H00358,-76.5909,3.0862,0.1000,Colombia,9.6414,21.2832,52.1862,37.7669,0.0169,0.7656,0.8909,0.9405,0.2903,0.4779,0.2445,0.0167,0.2345,0.1088,0.4690,0.3184,0.0523,0.0215,0.0099,0.0006,0.0509,0.0153
1259,H03303,-69.2409,0.9212,0.1000,Colombia,5.9270,18.4604,5.4134,7.0372,0.5953,0.6463,0.1895,0.3212,0.3844,0.9459,0.8593,0.5953,0.3539,0.8105,0.4690,0.1087,0.0692,0.0426,0.0349,0.0226,0.0768,0.1141
1260,H01245,-74.3409,4.2121,0.1000,Colombia,7.7573,18.7630,70.4911,13.6514,0.4325,0.4766,0.8814,0.6264,0.3743,0.2948,0.7270,0.4324,0.5237,0.1183,0.4690,0.2120,0.0674,0.0133,0.0296,0.0164,0.1137,0.0167
1261,H00845,-75.2409,3.3460,0.1000,Colombia,6.4877,12.0822,24.9959,13.9797,0.0761,0.4571,0.7364,0.4147,0.5971,0.7500,0.7204,0.0759,0.5432,0.2633,0.4688,0.1404,0.1075,0.0338,0.0293,0.0029,0.1179,0.0371
1262,H00391,-76.5909,8.8020,0.1000,Colombia,6.4757,10.8322,56.5863,26.4552,0.7299,0.5684,0.6169,0.4127,0.6388,0.4339,0.4708,0.7299,0.4319,0.3829,0.4687,0.1397,0.1150,0.0196,0.0191,0.0277,0.0937,0.0539
1263,H02193,-72.3909,4.4719,0.1000,Colombia,7.3626,18.8905,40.1653,31.7220,0.9410,0.4642,0.8691,0.5606,0.3700,0.5982,0.3654,0.9411,0.5361,0.1306,0.4686,0.1898,0.0666,0.0270,0.0149,0.0357,0.1163,0.0184
1264,H01511,-73.7409,0.9212,0.1000,Colombia,8.3087,16.3922,41.8759,40.5578,0.0052,0.8332,0.4771,0.7183,0.4534,0.5811,0.1886,0.0050,0.1668,0.5228,0.4686,0.2432,0.0816,0.0262,0.0077,0.0002,0.0362,0.0736
1265,H02095,-72.5409,-0.8109,0.1000,Colombia,8.7571,5.0625,94.2301,14.1313,0.3361,0.9888,0.9750,0.7931,0.8312,0.0572,0.7174,0.3360,0.0111,0.0247,0.4685,0.2685,0.1497,0.0026,0.0292,0.0127,0.0024,0.0035
1266,H01407,-74.0409,7.8494,0.1000,Colombia,8.8340,28.5936,45.7024,38.8070,0.9253,0.6457,0.7044,0.8059,0.0465,0.5428,0.2236,0.9254,0.3545,0.2953,0.4683,0.2728,0.0084,0.0245,0.0091,0.0350,0.0769,0.0416
1267,H00960,-74.9409,1.0944,0.1000,Colombia,4.4968,9.3779,87.3391,5.7393,0.3221,0.4007,0.0597,0.0828,0.6873,0.1262,0.8853,0.3220,0.5997,0.9404,0.4682,0.0280,0.1237,0.0057,0.0360,0.0122,0.1302,0.1324
1268,H00570,-75.9909,4.8183,0.1000,Colombia,7.0839,18.9719,3.7820,15.2691,0.6454,0.4902,0.8492,0.5141,0.3673,0.9622,0.6946,0.6454,0.5101,0.1506,0.4681,0.1740,0.0661,0.0434,0.0282,0.0244,0.1107,0.0212
1269,H02588,-71.3409,0.9212,0.1000,Colombia,5.4516,19.5077,36.4410,26.0311,0.5262,0.3100,0.2519,0.2420,0.3495,0.6354,0.4793,0.5261,0.6904,0.7480,0.4680,0.0819,0.0629,0.0286,0.0195,0.0199,0.1498,0.1053
1270,H00548,-75.9909,1.0078,0.1000,Colombia,7.1218,11.3994,89.7298,30.6040,0.5040,0.4866,0.7932,0.5204,0.6199,0.1023,0.3878,0.5039,0.5137,0.2065,0.4678,0.1762,0.1116,0.0046,0.0158,0.0191,0.1115,0.0291
1271,H02890,-70.5909,5.5111,0.1000,Colombia,5.9931,24.2288,2.0511,9.2982,0.7810,0.3368,0.5040,0.3323,0.1920,0.9795,0.8141,0.7810,0.6636,0.4958,0.4677,0.1125,0.0346,0.0442,0.0331,0.0296,0.1440,0.0698
1272,H02501,-71.6409,5.9441,0.1000,Colombia,8.5872,19.7671,74.8162,26.9974,0.7662,0.7829,0.7076,0.7647,0.3408,0.2515,0.4599,0.7662,0.2171,0.2922,0.4675,0.2589,0.0614,0.0113,0.0187,0.0290,0.0471,0.0411
1273,H03330,-69.0909,1.8738,0.1000,Colombia,7.7228,22.8988,11.7860,43.8148,0.8982,0.9726,0.0759,0.6206,0.2364,0.8821,0.1234,0.8983,0.0273,0.9242,0.4675,0.2101,0.0426,0.0398,0.0050,0.0340,0.0059,0.1301
1274,H00618,-75.8409,3.8657,0.1000,Colombia,8.8372,27.3402,11.8462,16.8184,0.0768,0.5155,0.9747,0.8064,0.0883,0.8815,0.6636,0.0766,0.4847,0.0249,0.4672,0.2730,0.0159,0.0397,0.0270,0.0029,0.1052,0.0035
1275,H02831,-70.7409,4.9049,0.1000,Colombia,7.9746,29.0644,3.7747,18.6631,0.8098,0.7846,0.3548,0.6626,0.0308,0.9623,0.6267,0.8098,0.2154,0.6452,0.4670,0.2243,0.0056,0.0434,0.0255,0.0307,0.0467,0.0908
1276,H03501,-68.1909,4.6451,0.1000,Colombia,8.8158,24.1312,85.2365,7.5173,0.0091,0.4704,0.9763,0.8029,0.1953,0.1472,0.8497,0.0088,0.5299,0.0234,0.4668,0.2718,0.0352,0.0066,0.0345,0.0003,0.1150,0.0033
1277,H02452,-71.7909,12.0929,0.1000,Colombia,7.3463,10.0214,31.3025,36.3621,0.9417,0.9855,0.4522,0.5579,0.6658,0.6869,0.2726,0.9417,0.0144,0.5477,0.4667,0.1889,0.1199,0.0310,0.0111,0.0357,0.0031,0.0771
1278,H03261,-69.5409,3.8657,0.1000,Colombia,7.0468,5.7852,0.9006,28.1385,0.3071,0.6861,0.9482,0.5079,0.8071,0.9910,0.4371,0.3069,0.3140,0.0515,0.4667,0.1719,0.1453,0.0447,0.0178,0.0116,0.0682,0.0073
1279,H03610,-67.1409,1.7872,0.1000,Colombia,7.4276,29.1616,85.4608,18.5787,0.8308,0.3421,0.5611,0.5714,0.0275,0.1450,0.6284,0.8308,0.6583,0.4387,0.4666,0.1934,0.0050,0.0065,0.0255,0.0315,0.1429,0.0618
1280,H00758,-75.5409,9.4082,0.1000,Colombia,9.3634,11.9338,79.2190,40.2818,0.2404,0.8801,0.9770,0.8941,0.6020,0.2074,0.1941,0.2403,0.1199,0.0227,0.4666,0.3027,0.1084,0.0094,0.0079,0.0091,0.0260,0.0032
1281,H01888,-72.9909,0.8346,0.1000,Colombia,8.3588,14.7601,93.7765,8.6328,0.5624,0.9030,0.6433,0.7267,0.5078,0.0618,0.8274,0.5624,0.0970,0.3565,0.4664,0.2460,0.0914,0.0028,0.0336,0.0213,0.0210,0.0502
1282,H02526,-71.4909,0.1417,0.1000,Colombia,5.2642,10.8500,24.2715,12.3573,0.2967,0.3156,0.6064,0.2108,0.6382,0.7572,0.7529,0.2965,0.6848,0.3934,0.4663,0.0714,0.1149,0.0341,0.0306,0.0112,0.1486,0.0554
1283,H00577,-75.9909,6.0307,0.1000,Colombia,9.5595,14.9988,85.4569,47.0952,0.4718,0.9565,0.8132,0.9268,0.4998,0.1450,0.0578,0.4717,0.0434,0.1865,0.4662,0.3137,0.0900,0.0065,0.0024,0.0179,0.0094,0.0262
1284,H02346,-71.9409,-0.9841,0.1000,Colombia,8.0720,28.4146,71.7937,18.1913,0.4391,0.8084,0.0775,0.6789,0.0524,0.2817,0.6362,0.4390,0.1916,0.9225,0.4659,0.2298,0.0094,0.0127,0.0259,0.0166,0.0416,0.1299
1285,H01506,-73.7409,0.0551,0.1000,Colombia,7.4810,27.7393,39.1092,42.7463,0.5449,0.4901,0.3526,0.5803,0.0750,0.6087,0.1448,0.5448,0.5102,0.6473,0.4658,0.1965,0.0135,0.0274,0.0059,0.0206,0.1107,0.0911
1286,H01851,-73.1409,7.8494,0.1000,Colombia,8.8957,23.3318,46.9845,7.5396,0.9145,0.9528,0.6723,0.8162,0.2219,0.5299,0.8493,0.9146,0.0471,0.3275,0.4656,0.2763,0.0399,0.0239,0.0345,0.0346,0.0102,0.0461
1287,H01840,-73.1409,5.9441,0.1000,Colombia,6.2330,6.5236,88.6590,46.0699,0.4155,0.8425,0.0021,0.3723,0.7825,0.1130,0.0783,0.4154,0.1575,0.9980,0.4656,0.1260,0.1409,0.0051,0.0032,0.0157,0.0342,0.1405
1288,H01674,-73.4409,3.6925,0.1000,Colombia,8.7402,21.6137,60.6720,30.2036,0.2057,0.6357,0.8086,0.7903,0.2792,0.3930,0.3958,0.2055,0.3644,0.1911,0.4654,0.2675,0.0503,0.0177,0.0161,0.0078,0.0791,0.0269
1289,H02577,-71.3409,-0.9841,0.1000,Colombia,7.6210,23.4824,62.5212,41.8185,0.1410,0.3744,0.5928,0.6037,0.2169,0.3745,0.1634,0.1408,0.6260,0.4070,0.4654,0.2044,0.0391,0.0169,0.0066,0.0053,0.1359,0.0573
1290,H01418,-74.0409,9.7546,0.1000,Colombia,6.7132,18.0175,71.8604,4.9882,0.0733,0.3148,0.7217,0.4523,0.3992,0.2811,0.9003,0.0731,0.6856,0.2781,0.4650,0.1531,0.0719,0.0127,0.0366,0.0028,0.1488,0.0391
1291,H01479,-73.8909,7.9360,0.1000,Colombia,6.6135,1.3545,72.3581,10.0487,0.8776,0.9316,0.6267,0.4357,0.9549,0.2761,0.7991,0.8776,0.0684,0.3731,0.4650,0.1475,0.1719,0.0124,0.0325,0.0332,0.0149,0.0525
1292,H00114,-77.3409,1.6140,0.1000,Colombia,7.8004,17.8564,51.2576,42.6478,0.3421,0.9139,0.1611,0.6336,0.4045,0.4872,0.1468,0.3420,0.0860,0.8389,0.4650,0.2145,0.0728,0.0220,0.0060,0.0129,0.0187,0.1181
1293,H00049,-77.9409,2.3068,0.1000,Colombia,5.1091,16.5348,60.6014,30.6105,0.6306,0.3654,0.1049,0.1849,0.4486,0.3937,0.3877,0.6306,0.6349,0.8951,0.4646,0.0626,0.0808,0.0177,0.0158,0.0239,0.1378,0.1260
1294,H02305,-72.0909,2.2202,0.1000,Colombia,6.3821,3.2845,44.0855,13.1407,0.2155,0.5659,0.9133,0.3971,0.8905,0.5590,0.7372,0.2153,0.4343,0.0864,0.4645,0.1344,0.1603,0.0252,0.0300,0.0082,0.0943,0.0122
1295,H02082,-72.6909,11.0537,0.1000,Colombia,6.7836,12.1642,70.8324,25.9726,0.7586,0.6136,0.6094,0.4641,0.5944,0.2913,0.4805,0.7586,0.3866,0.3905,0.4644,0.1571,0.1070,0.0131,0.0195,0.0287,0.0839,0.0550
1296,H00617,-75.8409,3.6925,0.1000,Colombia,5.6613,10.7586,49.4012,31.3569,0.3425,0.6847,0.0353,0.2769,0.6412,0.5058,0.3727,0.3424,0.3154,0.9647,0.4644,0.0937,0.1154,0.0228,0.0152,0.0130,0.0684,0.1358
1297,H00962,-74.9409,1.4408,0.1000,Colombia,5.4721,6.2907,33.5009,2.5873,0.2159,0.5658,0.5168,0.2454,0.7902,0.6649,0.9484,0.2157,0.4344,0.4831,0.4643,0.0831,0.1423,0.0300,0.0386,0.0082,0.0943,0.0680
1298,H03163,-69.8409,1.4408,0.1000,Colombia,7.0158,29.6784,54.5363,25.0348,0.9897,0.3051,0.5532,0.5028,0.0103,0.4544,0.4992,0.9898,0.6953,0.4466,0.4641,0.1702,0.0019,0.0205,0.0203,0.0375,0.1509,0.0629
1299,H02660,-71.1909,3.4326,0.1000,Colombia,6.8337,19.5818,71.7048,46.4992,0.2212,0.5337,0.1727,0.4724,0.3470,0.2826,0.0697,0.2211,0.4665,0.8272,0.4640,0.1599,0.0625,0.0127,0.0028,0.0084,0.1013,0.1164
1300,H02935,-70.4409,3.3460,0.1000,Colombia,5.0039,10.0231,12.5613,49.7760,0.9818,0.6412,0.0569,0.1674,0.6658,0.8744,0.0042,0.9819,0.3590,0.9431,0.4640,0.0567,0.1199,0.0394,0.0002,0.0372,0.0779,0.1328
1301,H01792,-73.2909,11.0537,0.1000,Colombia,7.0733,13.3032,48.4992,40.5333,0.0969,0.5458,0.5945,0.5124,0.5564,0.5148,0.1891,0.0967,0.4544,0.4054,0.4639,0.1735,0.1002,0.0232,0.0077,0.0037,0.0986,0.0571
1302,H02021,-72.6909,-1.5903,0.1000,Colombia,7.3610,17.6340,63.3535,17.0054,0.7899,0.4216,0.9936,0.5603,0.4120,0.3662,0.6599,0.7899,0.5788,0.0061,0.4636,0.1897,0.0742,0.0165,0.0268,0.0299,0.1256,0.0009
1303,H03235,-69.6909,5.8575,0.1000,Colombia,5.4052,6.8028,36.8883,9.3589,0.6006,0.5524,0.5499,0.2343,0.7732,0.6310,0.8129,0.6005,0.4478,0.4499,0.4633,0.0793,0.1392,0.0284,0.0331,0.0227,0.0972,0.0633
1304,H02339,-71.9409,-2.1965,0.1000,Colombia,6.5137,1.3458,82.4723,25.2088,0.9022,0.6240,0.9625,0.4191,0.9551,0.1749,0.4957,0.9022,0.3761,0.0371,0.4629,0.1419,0.1720,0.0079,0.0202,0.0342,0.0816,0.0052
1305,H01880,-72.9909,-0.5511,0.1000,Colombia,8.1333,10.0133,94.3298,46.3094,0.0014,0.9965,0.2663,0.6891,0.6661,0.0562,0.0735,0.0012,0.0034,0.7336,0.4628,0.2333,0.1199,0.0025,0.0030,0.0001,0.0007,0.1033
1306,H00172,-77.1909,4.6451,0.1000,Colombia,7.0726,13.9195,57.2408,46.5633,0.1907,0.5607,0.5156,0.5122,0.5358,0.4273,0.0684,0.1906,0.4396,0.4842,0.4627,0.1734,0.0965,0.0193,0.0028,0.0072,0.0954,0.0682
1307,H00572,-75.9909,5.1647,0.1000,Colombia,6.3793,17.3548,98.6350,18.7853,0.0413,0.5073,0.1612,0.3966,0.4213,0.0132,0.6243,0.0410,0.4929,0.8387,0.4627,0.1343,0.0759,0.0006,0.0254,0.0015,0.1070,0.1181
1308,H02816,-70.7409,2.3068,0.1000,Colombia,6.9934,28.2384,23.2134,12.4841,0.5157,0.6717,0.0966,0.4990,0.0583,0.7678,0.7504,0.5157,0.3285,0.9034,0.4625,0.1689,0.0105,0.0346,0.0305,0.0195,0.0713,0.1272
1309,H02423,-71.7909,2.3934,0.1000,Colombia,6.7511,3.8041,22.4887,47.9393,0.5910,0.6029,0.9657,0.4586,0.8732,0.7750,0.0409,0.5909,0.3973,0.0339,0.4625,0.1552,0.1572,0.0349,0.0017,0.0224,0.0862,0.0048
1310,H00561,-75.9909,3.2594,0.1000,Colombia,5.2778,17.4814,21.9320,9.5938,0.8321,0.6274,0.0433,0.2130,0.4170,0.7806,0.8082,0.8321,0.3728,0.9567,0.4623,0.0721,0.0751,0.0352,0.0329,0.0315,0.0809,0.1347
1311,H02753,-70.8909,0.8346,0.1000,Colombia,6.0712,15.1116,90.9824,2.6092,0.0803,0.5889,0.1390,0.3453,0.4961,0.0897,0.9479,0.0801,0.4113,0.8610,0.4623,0.1169,0.0893,0.0040,0.0385,0.0030,0.0893,0.1212
1312,H02199,-72.3909,5.5111,0.1000,Colombia,6.2824,2.1021,82.8667,21.3000,0.0248,0.7869,0.3760,0.3805,0.9299,0.1709,0.5740,0.0245,0.2132,0.6239,0.4623,0.1288,0.1674,0.0077,0.0233,0.0009,0.0463,0.0878
1313,H03138,-69.8409,-3.9286,0.1000,Colombia,7.1287,2.5937,60.1549,14.2349,0.8384,0.8099,0.9925,0.5216,0.9135,0.3982,0.7153,0.8384,0.1901,0.0071,0.4621,0.1766,0.1645,0.0180,0.0291,0.0318,0.0413,0.0010
1314,H01784,-73.2909,9.6680,0.1000,Colombia,7.9561,26.0118,25.3457,36.9096,0.5426,0.7161,0.3735,0.6595,0.1326,0.7465,0.2616,0.5425,0.2840,0.6264,0.4618,0.2233,0.0239,0.0337,0.0106,0.0205,0.0616,0.0882
1315,H00582,-75.9909,6.8967,0.1000,Colombia,6.9557,8.5362,10.3395,33.6856,0.1586,0.7592,0.6153,0.4928,0.7154,0.8966,0.3261,0.1584,0.2409,0.3845,0.4617,0.1668,0.1288,0.0404,0.0133,0.0060,0.0523,0.0541
1316,H00059,-77.7909,2.0470,0.1000,Colombia,5.9520,18.2496,84.2464,30.4379,0.4337,0.3669,0.2606,0.3254,0.3914,0.1571,0.3911,0.4336,0.6335,0.7393,0.4616,0.1102,0.0705,0.0071,0.0159,0.0164,0.1375,0.1041
1317,H01993,-72.8409,6.1173,0.1000,Colombia,4.8121,13.4711,26.6378,9.6172,0.7849,0.4157,0.3315,0.1354,0.5508,0.7335,0.8077,0.7849,0.5846,0.6684,0.4616,0.0458,0.0992,0.0331,0.0328,0.0297,0.1269,0.0941
1318,H00058,-77.7909,1.8738,0.1000,Colombia,4.2714,3.3478,94.8425,32.8120,0.9563,0.5046,0.1033,0.0452,0.8884,0.0511,0.3436,0.9563,0.4956,0.8967,0.4615,0.0153,0.1600,0.0023,0.0140,0.0362,0.1076,0.1262
1319,H02992,-70.2909,2.7398,0.1000,Colombia,7.3162,16.1058,96.5032,41.5767,0.5408,0.3518,0.8487,0.5529,0.4629,0.0345,0.1682,0.5407,0.6485,0.1511,0.4614,0.1872,0.0833,0.0016,0.0068,0.0205,0.1407,0.0213
1320,H01894,-72.9909,1.8738,0.1000,Colombia,7.3305,13.9196,39.2951,37.4045,0.5153,0.6958,0.6182,0.5552,0.5358,0.6069,0.2517,0.5152,0.3044,0.3816,0.4613,0.1880,0.0965,0.0274,0.0102,0.0195,0.0661,0.0537
1321,H03533,-68.0409,5.7709,0.1000,Colombia,5.7963,13.2912,22.6871,15.2290,0.5453,0.3129,0.8100,0.2995,0.5568,0.7731,0.6954,0.5452,0.6875,0.1897,0.4613,0.1014,0.1003,0.0348,0.0283,0.0207,0.1492,0.0267
1322,H03207,-69.6909,-0.7243,0.1000,Colombia,8.4901,29.2573,50.0735,33.6324,0.5292,0.6063,0.5589,0.7486,0.0243,0.4990,0.3272,0.5291,0.3939,0.4409,0.4612,0.2534,0.0044,0.0225,0.0133,0.0200,0.0855,0.0621
1323,H00525,-76.1409,6.1173,0.1000,Colombia,6.8122,10.2819,74.8375,46.6481,0.4527,0.3341,0.9442,0.4688,0.6571,0.2513,0.0667,0.4526,0.6663,0.0555,0.4606,0.1587,0.1183,0.0113,0.0027,0.0171,0.1446,0.0078
1324,H03165,-69.8409,1.7872,0.1000,Colombia,6.9466,10.6505,74.5503,41.5542,0.4681,0.8352,0.2437,0.4912,0.6448,0.2541,0.1687,0.4680,0.1648,0.7562,0.4606,0.1663,0.1161,0.0115,0.0069,0.0177,0.0358,0.1065
1325,H02562,-71.4909,6.3771,0.1000,Colombia,4.3014,5.1244,1.4961,44.1406,0.4689,0.3511,0.3853,0.0502,0.8291,0.9851,0.1169,0.4688,0.6492,0.6146,0.4606,0.0170,0.1493,0.0444,0.0047,0.0178,0.1409,0.0865
1326,H03238,-69.6909,6.3771,0.1000,Colombia,7.6978,23.4387,79.8496,10.7380,0.6417,0.6106,0.5587,0.6165,0.2184,0.2011,0.7853,0.6417,0.3895,0.4411,0.4600,0.2087,0.0393,0.0091,0.0319,0.0243,0.0845,0.0621
1327,H00263,-76.8909,3.6058,0.1000,Colombia,7.1100,16.7112,56.9482,14.6145,0.2511,0.3842,0.9078,0.5185,0.4427,0.4303,0.7077,0.2509,0.6161,0.0919,0.4596,0.1755,0.0797,0.0194,0.0288,0.0095,0.1337,0.0129
1328,H00420,-76.4409,5.2513,0.1000,Colombia,8.7495,29.6526,7.2229,44.7455,0.8188,0.8892,0.3716,0.7918,0.0111,0.9278,0.1048,0.8188,0.1108,0.6283,0.4596,0.2681,0.0020,0.0418,0.0043,0.0310,0.0240,0.0885
1329,H00749,-75.5409,7.8494,0.1000,Colombia,7.7454,6.8032,70.9181,43.6398,0.0885,0.6773,0.8785,0.6244,0.7732,0.2905,0.1269,0.0883,0.3228,0.1212,0.4593,0.2114,0.1392,0.0131,0.0052,0.0033,0.0701,0.0171
1330,H02841,-70.7409,6.6369,0.1000,Colombia,8.5256,18.4629,80.7371,28.6611,0.5474,0.6897,0.8550,0.7545,0.3843,0.1922,0.4267,0.5473,0.3104,0.1447,0.4591,0.2554,0.0692,0.0087,0.0174,0.0207,0.0674,0.0204
1331,H01376,-74.0409,2.4800,0.1000,Colombia,6.6718,17.2069,68.7465,3.6680,0.9016,0.6233,0.5463,0.4454,0.4262,0.3122,0.9268,0.9016,0.3769,0.4536,0.4591,0.1508,0.0767,0.0141,0.0377,0.0341,0.0818,0.0639
1332,H01421,-74.0409,10.2742,0.1000,Colombia,7.0434,18.5158,41.2758,1.9695,0.5028,0.8908,0.2168,0.5074,0.3825,0.5871,0.9607,0.5028,0.1092,0.7831,0.4591,0.1718,0.0689,0.0265,0.0391,0.0191,0.0237,0.1102
1333,H01955,-72.8409,-0.4645,0.1000,Colombia,9.5987,29.2681,72.0893,27.9362,0.4025,0.7854,0.6701,0.9334,0.0240,0.2788,0.4412,0.4023,0.2146,0.3297,0.4590,0.3160,0.0043,0.0126,0.0179,0.0152,0.0466,0.0464
1334,H00325,-76.7409,5.9441,0.1000,Colombia,8.4274,22.7185,44.9599,42.1666,0.7748,0.7979,0.5654,0.7381,0.2424,0.5502,0.1564,0.7749,0.2021,0.4344,0.4590,0.2499,0.0436,0.0248,0.0064,0.0294,0.0439,0.0612
1335,H02234,-72.2409,0.5748,0.1000,Colombia,8.0068,15.1813,81.3182,47.2244,0.7826,0.8332,0.5203,0.6680,0.4937,0.1864,0.0552,0.7826,0.1668,0.4795,0.4590,0.2261,0.0889,0.0084,0.0022,0.0296,0.0362,0.0675
1336,H02814,-70.7409,1.9604,0.1000,Colombia,7.3905,17.7241,76.4093,3.5267,0.2477,0.4009,0.9565,0.5652,0.4089,0.2355,0.9296,0.2476,0.5995,0.0432,0.4589,0.1913,0.0736,0.0106,0.0378,0.0094,0.1301,0.0061
1337,H02787,-70.8909,6.7235,0.1000,Colombia,5.1816,6.1053,24.0127,7.1789,0.7802,0.4290,0.8141,0.1970,0.7964,0.7598,0.8565,0.7802,0.5713,0.1856,0.4588,0.0667,0.1434,0.0343,0.0348,0.0295,0.1240,0.0261
1338,H01948,-72.8409,-1.6769,0.1000,Colombia,5.9692,8.3739,56.3127,47.7707,0.4962,0.6730,0.2425,0.3283,0.7208,0.4366,0.0443,0.4961,0.3272,0.7575,0.4588,0.1111,0.1298,0.0197,0.0018,0.0188,0.0710,0.1066
1339,H01394,-74.0409,5.5977,0.1000,Colombia,6.0220,12.9104,2.0402,49.6019,0.2306,0.4054,0.5771,0.3371,0.5695,0.9796,0.0076,0.2305,0.5950,0.4227,0.4585,0.1141,0.1025,0.0442,0.0003,0.0087,0.1291,0.0595
1340,H02328,-72.0909,6.2039,0.1000,Colombia,7.8184,26.3818,69.7091,42.0846,0.8782,0.7093,0.2551,0.6366,0.1202,0.3026,0.1581,0.8783,0.2908,0.7449,0.4585,0.2155,0.0216,0.0136,0.0064,0.0333,0.0631,0.1049
1341,H02330,-72.0909,6.5503,0.1000,Colombia,5.5456,10.2471,83.2779,36.7109,0.5836,0.4265,0.3780,0.2577,0.6583,0.1668,0.2656,0.5836,0.5738,0.6219,0.4583,0.0872,0.1185,0.0075,0.0108,0.0221,0.1245,0.0876
1342,H01841,-73.1409,6.1173,0.1000,Colombia,6.5925,11.0004,75.1680,31.9808,0.6310,0.3382,0.9681,0.4322,0.6332,0.2480,0.3602,0.6310,0.6622,0.0316,0.4582,0.1463,0.1140,0.0112,0.0146,0.0239,0.1437,0.0044
1343,H00236,-77.0409,7.3298,0.1000,Colombia,5.6846,3.4908,83.6620,16.4771,0.1318,0.8591,0.0489,0.2808,0.8836,0.1630,0.6705,0.1316,0.1409,0.9511,0.4582,0.0951,0.1591,0.0073,0.0273,0.0050,0.0306,0.1339
1344,H01053,-74.7909,5.8575,0.1000,Colombia,8.7927,20.1304,32.9378,34.5909,0.7245,0.9833,0.6116,0.7990,0.3287,0.6705,0.3080,0.7244,0.0166,0.3882,0.4581,0.2705,0.0592,0.0302,0.0125,0.0274,0.0036,0.0546
1345,H01919,-72.9909,6.2039,0.1000,Colombia,6.4757,4.9006,54.4180,38.0837,0.9489,0.9010,0.4312,0.4127,0.8366,0.4556,0.2381,0.9490,0.0989,0.5686,0.4580,0.1397,0.1506,0.0205,0.0097,0.0360,0.0215,0.0800
1346,H00739,-75.5409,6.1173,0.1000,Colombia,6.2617,16.2334,89.5100,31.9777,0.5429,0.4924,0.3068,0.3770,0.4587,0.1045,0.3603,0.5429,0.5078,0.6932,0.4579,0.1276,0.0826,0.0047,0.0146,0.0206,0.1102,0.0976
1347,H03246,-69.5409,-0.8109,0.1000,Colombia,7.0007,27.2702,29.4649,19.5638,0.7357,0.3149,0.7250,0.5002,0.0906,0.7052,0.6087,0.7357,0.6855,0.2748,0.4575,0.1693,0.0163,0.0318,0.0248,0.0279,0.1488,0.0387
1348,H02896,-70.5909,6.5503,0.1000,Colombia,7.2346,23.4855,49.3035,4.0435,0.2799,0.6921,0.3024,0.5392,0.2168,0.5067,0.9192,0.2798,0.3080,0.6976,0.4574,0.1825,0.0390,0.0228,0.0374,0.0106,0.0669,0.0982
1349,H02993,-70.2909,2.9130,0.1000,Colombia,6.3793,28.0971,26.0397,23.1776,0.0989,0.3158,0.2600,0.3967,0.0630,0.7395,0.5364,0.0987,0.6846,0.7399,0.4573,0.1343,0.0113,0.0333,0.0218,0.0037,0.1486,0.1042
1350,H02667,-71.1909,4.6451,0.1000,Colombia,7.9098,22.8656,67.9818,37.3787,0.3246,0.7637,0.2505,0.6518,0.2375,0.3199,0.2522,0.3244,0.2364,0.7495,0.4572,0.2207,0.0428,0.0144,0.0103,0.0123,0.0513,0.1055
1351,H03375,-68.9409,5.2513,0.1000,Colombia,8.6682,28.4071,20.7749,35.0749,0.2339,0.8806,0.2787,0.7782,0.0527,0.7922,0.2983,0.2337,0.1194,0.7213,0.4571,0.2634,0.0095,0.0357,0.0121,0.0089,0.0259,0.1015
1352,H01846,-73.1409,6.9833,0.1000,Colombia,4.7290,7.2498,78.4187,36.7032,0.2935,0.3548,0.2349,0.1215,0.7583,0.2154,0.2657,0.2934,0.6456,0.7651,0.4571,0.0411,0.1365,0.0097,0.0108,0.0111,0.1401,0.1077
1353,H02441,-71.7909,5.5111,0.1000,Colombia,7.2502,14.1571,69.8074,43.9531,0.1571,0.3126,0.9656,0.5419,0.5279,0.3016,0.1207,0.1569,0.6878,0.0341,0.4570,0.1835,0.0950,0.0136,0.0049,0.0059,0.1493,0.0048
1354,H02071,-72.6909,7.0700,0.1000,Colombia,7.1163,15.0186,49.5056,19.3783,0.6312,0.9248,0.2657,0.5195,0.4992,0.5047,0.6124,0.6311,0.0751,0.7343,0.4570,0.1759,0.0899,0.0227,0.0249,0.0239,0.0163,0.1034
1355,H02883,-70.5909,4.2987,0.1000,Colombia,4.4269,6.6534,49.2117,9.4092,0.2567,0.3166,0.4410,0.0712,0.7781,0.5077,0.8119,0.2565,0.6838,0.5589,0.4569,0.0241,0.1401,0.0229,0.0330,0.0097,0.1484,0.0787
1356,H02973,-70.2909,-0.5511,0.1000,Colombia,8.4067,5.7319,32.1462,32.6345,0.0332,0.9567,0.9490,0.7346,0.8089,0.6784,0.3472,0.0330,0.0433,0.0506,0.4568,0.2487,0.1456,0.0306,0.0141,0.0013,0.0094,0.0071
1357,H01177,-74.4909,4.2987,0.1000,Colombia,4.6419,1.8068,24.1506,42.7458,0.0961,0.3197,0.5755,0.1070,0.9398,0.7584,0.1448,0.0959,0.6807,0.4244,0.4566,0.0362,0.1692,0.0342,0.0059,0.0036,0.1477,0.0597
1358,H02309,-72.0909,2.9130,0.1000,Colombia,6.0713,7.3636,59.3156,12.0732,0.5643,0.6227,0.6358,0.3453,0.7545,0.4066,0.7586,0.5643,0.3775,0.3640,0.4565,0.1169,0.1358,0.0183,0.0308,0.0214,0.0819,0.0512
1359,H01505,-73.7409,-0.1181,0.1000,Colombia,6.3929,9.5412,98.2077,32.8075,0.3615,0.7189,0.2250,0.3989,0.6818,0.0174,0.3437,0.3614,0.2812,0.7750,0.4564,0.1350,0.1228,0.0008,0.0140,0.0137,0.0610,0.1091
1360,H03596,-67.4409,1.9604,0.1000,Colombia,5.3790,5.1230,2.5632,21.2217,0.8891,0.6046,0.7001,0.2299,0.8292,0.9744,0.5755,0.8891,0.3956,0.2997,0.4562,0.0778,0.1493,0.0439,0.0234,0.0337,0.0859,0.0422
1361,H00438,-76.4409,8.3690,0.1000,Colombia,8.2375,16.6857,87.0968,0.4118,0.0077,0.9065,0.5007,0.7064,0.4436,0.1286,0.9919,0.0075,0.0934,0.4992,0.4560,0.2391,0.0799,0.0058,0.0403,0.0003,0.0203,0.0703
1362,H01942,-72.9909,11.0537,0.1000,Colombia,8.7094,22.0776,3.1885,49.2009,0.4304,0.9722,0.4612,0.7851,0.2638,0.9682,0.0157,0.4303,0.0277,0.5387,0.4557,0.2658,0.0475,0.0437,0.0006,0.0163,0.0060,0.0758
1363,H01354,-74.1909,11.0537,0.1000,Colombia,6.9200,12.8132,46.3548,33.9754,0.3728,0.6698,0.5398,0.4868,0.5727,0.5363,0.3203,0.3727,0.3303,0.4600,0.4557,0.1648,0.1031,0.0242,0.0130,0.0141,0.0717,0.0648
1364,H01566,-73.7409,10.4474,0.1000,Colombia,8.0053,24.8870,13.6967,44.0053,0.7027,0.8925,0.2519,0.6677,0.1701,0.8630,0.1196,0.7027,0.1075,0.7480,0.4557,0.2260,0.0306,0.0389,0.0049,0.0266,0.0233,0.1053
1365,H03484,-68.1909,1.7006,0.1000,Colombia,7.4991,26.6925,97.2514,7.6203,0.3942,0.3811,0.6231,0.5834,0.1099,0.0270,0.8477,0.3941,0.6193,0.3767,0.4553,0.1975,0.0198,0.0012,0.0345,0.0149,0.1344,0.0530
1366,H01431,-73.8909,-0.3779,0.1000,Colombia,7.0936,14.6936,41.2094,37.0405,0.5003,0.8043,0.3595,0.5157,0.5100,0.5877,0.2590,0.5002,0.1957,0.6404,0.4550,0.1746,0.0918,0.0265,0.0105,0.0190,0.0425,0.0901
1367,H01495,-73.8909,10.7073,0.1000,Colombia,8.0093,29.1022,72.4422,32.9866,0.8103,0.4819,0.6181,0.6684,0.0295,0.2752,0.3401,0.8103,0.5184,0.3817,0.4548,0.2263,0.0053,0.0124,0.0138,0.0307,0.1125,0.0537
1368,H03499,-68.1909,4.2987,0.1000,Colombia,8.4246,15.5135,63.4001,49.3405,0.9612,0.9799,0.5713,0.7376,0.4827,0.3657,0.0129,0.9613,0.0200,0.4285,0.4547,0.2497,0.0869,0.0165,0.0005,0.0364,0.0043,0.0603
1369,H00780,-75.3909,2.7398,0.1000,Colombia,8.1637,25.2650,83.9408,3.5684,0.9940,0.7827,0.5622,0.6941,0.1575,0.1602,0.9288,0.9941,0.2173,0.4376,0.4547,0.2350,0.0284,0.0072,0.0378,0.0377,0.0472,0.0616
1370,H01036,-74.7909,2.9130,0.1000,Colombia,6.0392,21.5239,65.7119,10.8343,0.4076,0.3837,0.3463,0.3400,0.2822,0.3426,0.7834,0.4075,0.6166,0.6536,0.4545,0.1151,0.0508,0.0155,0.0319,0.0154,0.1338,0.0920
1371,H03014,-70.2909,6.5503,0.1000,Colombia,7.7278,20.9858,26.6703,20.4133,0.3425,0.6664,0.6622,0.6215,0.3002,0.7332,0.5917,0.3424,0.3338,0.3376,0.4545,0.2104,0.0541,0.0331,0.0241,0.0130,0.0725,0.0475
1372,H01325,-74.1909,6.0307,0.1000,Colombia,6.0214,10.2555,67.9552,18.2526,0.4365,0.7241,0.2520,0.3370,0.6580,0.3201,0.6349,0.4364,0.2760,0.7479,0.4545,0.1141,0.1185,0.0144,0.0258,0.0165,0.0599,0.1053
1373,H01085,-74.6409,-0.1181,0.1000,Colombia,6.8044,7.4992,29.8672,34.4921,0.6707,0.6423,0.9029,0.4675,0.7499,0.7012,0.3100,0.6707,0.3578,0.0968,0.4542,0.1583,0.1350,0.0316,0.0126,0.0254,0.0776,0.0136
1374,H00861,-75.2409,6.1173,0.1000,Colombia,6.7197,12.5517,44.3320,47.4748,0.7462,0.7210,0.4316,0.4534,0.5814,0.5565,0.0502,0.7461,0.2791,0.5683,0.4541,0.1535,0.1047,0.0251,0.0020,0.0283,0.0606,0.0800
1375,H03326,-69.2409,5.5977,0.1000,Colombia,8.8180,26.0146,10.4823,1.5211,0.1119,0.7306,0.8873,0.8032,0.1325,0.8952,0.9697,0.1116,0.2695,0.1124,0.4541,0.2719,0.0239,0.0404,0.0394,0.0042,0.0585,0.0158
1376,H00086,-77.4909,1.0078,0.1000,Colombia,8.3776,20.3550,3.9292,18.5760,0.5249,0.7317,0.9839,0.7298,0.3212,0.9607,0.6285,0.5248,0.2684,0.0157,0.4541,0.2471,0.0578,0.0433,0.0255,0.0199,0.0583,0.0022
1377,H00103,-77.4909,7.0700,0.1000,Colombia,7.0514,13.2839,51.8493,11.1261,0.8277,0.6602,0.8360,0.5087,0.5570,0.4813,0.7775,0.8277,0.3400,0.1637,0.4540,0.1722,0.1003,0.0217,0.0316,0.0314,0.0738,0.0230
1378,H02944,-70.4409,4.9049,0.1000,Colombia,8.5540,28.6553,18.4331,34.6713,0.7747,0.9438,0.3029,0.7592,0.0444,0.8156,0.3064,0.7747,0.0561,0.6970,0.4539,0.2570,0.0080,0.0368,0.0125,0.0293,0.0122,0.0981
1379,H02099,-72.5409,-0.1181,0.1000,Colombia,6.3758,20.3046,80.9674,13.2671,0.6274,0.3844,0.5332,0.3961,0.3229,0.1899,0.7347,0.6274,0.6160,0.4666,0.4538,0.1341,0.0581,0.0086,0.0299,0.0238,0.1337,0.0657
1380,H02679,-71.1909,6.7235,0.1000,Colombia,7.0952,26.0429,3.0424,27.9138,0.7210,0.5058,0.5798,0.5160,0.1315,0.9696,0.4416,0.7210,0.4944,0.4201,0.4538,0.1747,0.0237,0.0437,0.0180,0.0273,0.1073,0.0591
1381,H01985,-72.8409,4.7317,0.1000,Colombia,4.4836,8.0443,32.9417,17.6238,0.9378,0.4380,0.4272,0.0806,0.7318,0.6705,0.6475,0.9378,0.5623,0.5727,0.4538,0.0273,0.1318,0.0302,0.0263,0.0355,0.1220,0.0806
1382,H01439,-73.8909,1.0078,0.1000,Colombia,8.0406,13.0874,81.0730,14.5912,0.0715,0.6812,0.8945,0.6736,0.5636,0.1889,0.7082,0.0713,0.3190,0.1052,0.4536,0.2280,0.1015,0.0085,0.0288,0.0027,0.0692,0.0148
1383,H02912,-70.4409,-0.6377,0.1000,Colombia,8.3761,25.0573,92.4623,41.0173,0.0071,0.5474,0.5179,0.7295,0.1644,0.0749,0.1794,0.0069,0.4528,0.4819,0.4536,0.2470,0.0296,0.0034,0.0073,0.0003,0.0983,0.0678
1384,H01931,-72.9909,8.2824,0.1000,Colombia,7.3689,3.3719,63.7930,8.9137,0.3093,0.9612,0.7593,0.5616,0.8876,0.3618,0.8218,0.3092,0.0387,0.2405,0.4536,0.1901,0.1598,0.0163,0.0334,0.0117,0.0084,0.0339
1385,H01858,-73.1409,9.0618,0.1000,Colombia,9.0520,21.0470,22.5881,36.0815,0.2424,0.7376,0.9826,0.8422,0.2981,0.7740,0.2782,0.2422,0.2625,0.0171,0.4535,0.2851,0.0537,0.0349,0.0113,0.0092,0.0570,0.0024
1386,H00852,-75.2409,4.5585,0.1000,Colombia,5.2594,4.7621,21.3801,46.3587,0.1623,0.4942,0.4559,0.2100,0.8412,0.7861,0.0725,0.1621,0.5060,0.5439,0.4535,0.0711,0.1515,0.0354,0.0029,0.0061,0.1098,0.0766
1387,H01914,-72.9909,5.3379,0.1000,Colombia,6.6917,8.7797,73.3920,16.2695,0.0883,0.9488,0.1451,0.4487,0.7072,0.2657,0.6746,0.0881,0.0511,0.8549,0.4534,0.1519,0.1273,0.0120,0.0274,0.0033,0.0111,0.1203
1388,H01170,-74.4909,3.0862,0.1000,Colombia,7.7016,11.3060,49.9036,31.2145,0.4284,0.9961,0.4505,0.6171,0.6230,0.5007,0.3756,0.4282,0.0038,0.5494,0.4533,0.2089,0.1122,0.0226,0.0153,0.0162,0.0008,0.0773
1389,H03090,-69.9909,-2.2831,0.1000,Colombia,6.7015,24.5389,55.2842,9.1732,0.4117,0.3247,0.6298,0.4504,0.1817,0.4469,0.8166,0.4115,0.6757,0.3700,0.4529,0.1525,0.0327,0.0202,0.0332,0.0156,0.1467,0.0521
1390,H01531,-73.7409,4.3853,0.1000,Colombia,7.6620,19.4605,67.1368,3.1962,0.3935,0.8964,0.3417,0.6105,0.3510,0.3283,0.9362,0.3934,0.1036,0.6582,0.4528,0.2067,0.0632,0.0148,0.0381,0.0149,0.0225,0.0927
1391,H03420,-68.6409,4.2121,0.1000,Colombia,8.5861,25.0836,93.6688,10.4714,0.2912,0.6932,0.6309,0.7646,0.1635,0.0629,0.7906,0.2911,0.3069,0.3689,0.4528,0.2588,0.0294,0.0028,0.0321,0.0110,0.0666,0.0519
1392,H03335,-69.0909,2.7398,0.1000,Colombia,8.4999,22.5818,70.5113,4.7111,0.0250,0.9009,0.4186,0.7502,0.2469,0.2946,0.9059,0.0248,0.0991,0.5813,0.4528,0.2540,0.0445,0.0133,0.0368,0.0009,0.0215,0.0818
1393,H01134,-74.6409,8.3690,0.1000,Colombia,8.0996,24.0721,51.7121,13.7520,0.1143,0.9504,0.1506,0.6834,0.1972,0.4826,0.7250,0.1141,0.0496,0.8494,0.4527,0.2314,0.0355,0.0218,0.0295,0.0043,0.0108,0.1196
1394,H00817,-75.3909,9.1484,0.1000,Colombia,6.3940,14.2527,3.1175,31.4821,0.6506,0.4980,0.7818,0.3991,0.5247,0.9689,0.3702,0.6505,0.5023,0.2179,0.4526,0.1351,0.0945,0.0437,0.0150,0.0246,0.1090,0.0307
1395,H03417,-68.6409,3.6925,0.1000,Colombia,7.9261,17.5733,84.7681,23.6711,0.2622,0.7259,0.5825,0.6545,0.4140,0.1519,0.5265,0.2620,0.2742,0.4174,0.4526,0.2216,0.0745,0.0069,0.0214,0.0099,0.0595,0.0588
1396,H02143,-72.5409,7.5030,0.1000,Colombia,5.8861,13.1330,87.3634,23.2068,0.9634,0.7849,0.0464,0.3144,0.5621,0.1259,0.5358,0.9635,0.2152,0.9536,0.4525,0.1064,0.1012,0.0057,0.0218,0.0365,0.0467,0.1342
1397,H01131,-74.6409,7.8494,0.1000,Colombia,6.9753,5.6963,13.2604,22.3771,0.6102,0.9532,0.6898,0.4960,0.8101,0.8674,0.5524,0.6102,0.0468,0.3100,0.4522,0.1679,0.1459,0.0391,0.0225,0.0231,0.0102,0.0436
1398,H02211,-72.3909,8.1092,0.1000,Colombia,8.8294,19.1191,10.4482,13.7286,0.3108,0.8938,0.9315,0.8051,0.3624,0.8955,0.7255,0.3106,0.1062,0.0682,0.4521,0.2726,0.0653,0.0404,0.0295,0.0118,0.0231,0.0096
1399,H00981,-74.9409,4.7317,0.1000,Colombia,8.6255,22.3564,76.0759,16.9857,0.1576,0.6737,0.7808,0.7711,0.2545,0.2389,0.6603,0.1574,0.3265,0.2190,0.4521,0.2610,0.0458,0.0108,0.0268,0.0060,0.0709,0.0308
1400,H00258,-76.8909,2.7398,0.1000,Colombia,7.4204,24.8191,59.9278,18.1089,0.1900,0.4320,0.6203,0.5702,0.1723,0.4004,0.6378,0.1898,0.5683,0.3795,0.4520,0.1930,0.0310,0.0181,0.0259,0.0072,0.1233,0.0534
1401,H00010,-78.5409,2.1336,0.1000,Colombia,4.1235,7.8974,81.9428,27.8399,0.8891,0.4506,0.0539,0.0206,0.7367,0.1802,0.4431,0.8891,0.5497,0.9461,0.4519,0.0070,0.1326,0.0081,0.0180,0.0337,0.1193,0.1332
1402,H00833,-75.2409,1.2676,0.1000,Colombia,5.0583,10.0258,16.9758,26.7051,0.6914,0.5134,0.4023,0.1764,0.6657,0.8302,0.4658,0.6914,0.4869,0.5976,0.4519,0.0597,0.1199,0.0374,0.0189,0.0262,0.1057,0.0841
1403,H00362,-76.5909,3.7791,0.1000,Colombia,6.7495,16.4961,72.4913,11.4165,0.3079,0.6067,0.4684,0.4584,0.4499,0.2747,0.7717,0.3078,0.3934,0.5314,0.4518,0.1552,0.0810,0.0124,0.0314,0.0117,0.0854,0.0748
1404,H03118,-69.9909,3.4326,0.1000,Colombia,5.4903,10.3379,52.0991,1.7491,0.0672,0.5617,0.3548,0.2484,0.6553,0.4788,0.9652,0.0669,0.4385,0.6452,0.4514,0.0841,0.1180,0.0216,0.0392,0.0025,0.0952,0.0908
1405,H02264,-72.2409,5.7709,0.1000,Colombia,7.6425,14.6370,64.7070,8.6820,0.7356,0.9695,0.5070,0.6073,0.5119,0.3526,0.8264,0.7355,0.0304,0.4928,0.4511,0.2056,0.0922,0.0159,0.0336,0.0279,0.0066,0.0694
1406,H01928,-72.9909,7.7628,0.1000,Colombia,7.8540,24.8456,65.9490,18.8074,0.3452,0.6633,0.4611,0.6425,0.1715,0.3402,0.6238,0.3450,0.3369,0.5388,0.4511,0.2175,0.0309,0.0153,0.0254,0.0131,0.0731,0.0759
1407,H01733,-73.2909,0.8346,0.1000,Colombia,6.5565,13.4983,1.1645,19.3923,0.6279,0.6084,0.7906,0.4262,0.5499,0.9884,0.6121,0.6279,0.3918,0.2091,0.4510,0.1443,0.0990,0.0446,0.0249,0.0238,0.0850,0.0294
1408,H02900,-70.4409,-3.5822,0.1000,Colombia,4.7672,6.9871,99.3502,15.9426,0.5655,0.3716,0.4095,0.1279,0.7670,0.0060,0.6812,0.5654,0.6287,0.5904,0.4503,0.0433,0.1381,0.0003,0.0277,0.0214,0.1364,0.0831
1409,H02965,-70.2909,-1.9367,0.1000,Colombia,8.2070,26.4513,92.9281,40.2882,0.0226,0.7070,0.1760,0.7014,0.1179,0.0703,0.1940,0.0223,0.2931,0.8240,0.4502,0.2374,0.0212,0.0032,0.0079,0.0008,0.0636,0.1160
1410,H02287,-72.0909,-0.8975,0.1000,Colombia,5.9881,3.8814,72.0323,30.6729,0.1111,0.3237,0.9882,0.3314,0.8706,0.2793,0.3864,0.1109,0.6767,0.0114,0.4499,0.1122,0.1568,0.0126,0.0157,0.0042,0.1469,0.0016
1411,H02512,-71.4909,-2.2831,0.1000,Colombia,6.6899,9.0020,85.1888,49.8691,0.6967,0.3745,0.9816,0.4484,0.6998,0.1477,0.0023,0.6967,0.6259,0.0180,0.4493,0.1518,0.1260,0.0067,0.0001,0.0264,0.1358,0.0025
1412,H00553,-75.9909,1.8738,0.1000,Colombia,7.3656,9.4476,1.3010,16.1407,0.4685,0.9756,0.7091,0.5611,0.6850,0.9870,0.6772,0.4684,0.0243,0.2907,0.4492,0.1900,0.1233,0.0445,0.0275,0.0177,0.0053,0.0409
1413,H02194,-72.3909,4.6451,0.1000,Colombia,4.6659,12.4848,94.9080,41.3840,0.8714,0.3281,0.1623,0.1110,0.5837,0.0505,0.1721,0.8714,0.6723,0.8377,0.4488,0.0376,0.1051,0.0023,0.0070,0.0330,0.1459,0.1179
1414,H03240,-69.5409,-1.8501,0.1000,Colombia,6.4947,9.8102,57.2100,22.7468,0.7848,0.7544,0.5569,0.4159,0.6729,0.4276,0.5450,0.7848,0.2456,0.4430,0.4488,0.1408,0.1212,0.0193,0.0222,0.0297,0.0533,0.0624
1415,H01658,-73.4409,0.9212,0.1000,Colombia,6.3819,23.4014,31.0973,32.7453,0.2971,0.4370,0.3159,0.3971,0.2196,0.6889,0.3449,0.2969,0.5633,0.6840,0.4488,0.1344,0.0395,0.0311,0.0140,0.0112,0.1223,0.0963
1416,H00268,-76.8909,4.4719,0.1000,Colombia,6.1569,6.6134,21.2850,21.6811,0.9307,0.7676,0.6992,0.3596,0.7795,0.7871,0.5663,0.9308,0.2325,0.3005,0.4486,0.1217,0.1404,0.0355,0.0230,0.0353,0.0505,0.0423
1417,H00505,-76.1409,2.6532,0.1000,Colombia,4.9757,8.8006,63.3850,19.6380,0.7761,0.3201,0.6585,0.1627,0.7065,0.3659,0.6072,0.7761,0.6803,0.3413,0.4486,0.0551,0.1272,0.0165,0.0247,0.0294,0.1477,0.0481
1418,H02405,-71.7909,-0.7243,0.1000,Colombia,7.6347,12.5395,19.8917,36.4417,0.6333,0.8452,0.7620,0.6059,0.5818,0.8010,0.2710,0.6333,0.1548,0.2377,0.4480,0.2051,0.1047,0.0361,0.0110,0.0240,0.0336,0.0335
1419,H00501,-76.1409,1.9604,0.1000,Colombia,7.2166,27.5180,14.1126,47.3154,0.7687,0.6923,0.1850,0.5362,0.0823,0.8588,0.0534,0.7687,0.3079,0.8150,0.4479,0.1815,0.0148,0.0387,0.0022,0.0291,0.0668,0.1147
1420,H02513,-71.4909,-2.1099,0.1000,Colombia,7.0626,4.5379,68.4025,43.6318,0.9373,0.8604,0.7369,0.5106,0.8487,0.3157,0.1271,0.9374,0.1396,0.2629,0.4479,0.1729,0.1528,0.0142,0.0052,0.0355,0.0303,0.0370
1421,H02004,-72.8409,8.0226,0.1000,Colombia,5.6317,5.7748,73.4487,25.8327,0.2245,0.4129,0.6951,0.2720,0.8074,0.2652,0.4833,0.2243,0.5875,0.3046,0.4479,0.0921,0.1454,0.0120,0.0197,0.0085,0.1275,0.0429
1422,H01307,-74.1909,2.9130,0.1000,Colombia,8.8104,17.9229,88.7563,6.9014,0.6158,0.9016,0.8641,0.8020,0.4023,0.1120,0.8621,0.6157,0.0983,0.1356,0.4478,0.2715,0.0724,0.0050,0.0350,0.0233,0.0213,0.0191
1423,H02308,-72.0909,2.7398,0.1000,Colombia,4.6830,19.4409,3.3789,17.5325,0.7597,0.3611,0.2313,0.1139,0.3517,0.9662,0.6493,0.7597,0.6392,0.7686,0.4475,0.0386,0.0633,0.0436,0.0264,0.0288,0.1387,0.1082
1424,H03285,-69.3909,3.2594,0.1000,Colombia,4.4542,6.8915,49.4126,1.4401,0.0460,0.5577,0.1255,0.0757,0.7702,0.5057,0.9713,0.0458,0.4425,0.8745,0.4475,0.0256,0.1387,0.0228,0.0395,0.0017,0.0960,0.1231
1425,H01877,-72.9909,-1.0707,0.1000,Colombia,7.0502,17.0481,81.1231,45.1873,0.3499,0.6039,0.3903,0.5085,0.4315,0.1884,0.0960,0.3498,0.3963,0.6096,0.4473,0.1721,0.0777,0.0085,0.0039,0.0132,0.0860,0.0858
1426,H00200,-77.0409,1.0944,0.1000,Colombia,7.8522,17.3290,28.6224,35.6514,0.8417,0.6715,0.9515,0.6422,0.4221,0.7137,0.2868,0.8417,0.3286,0.0481,0.4472,0.2174,0.0760,0.0322,0.0117,0.0319,0.0713,0.0068
1427,H00301,-76.7409,1.7872,0.1000,Colombia,7.1881,21.8511,11.9272,23.4641,0.8842,0.8310,0.3823,0.5315,0.2713,0.8807,0.5306,0.8842,0.1691,0.6176,0.4472,0.1799,0.0488,0.0397,0.0216,0.0335,0.0367,0.0869
1428,H00691,-75.6909,7.2432,0.1000,Colombia,6.5526,14.3052,71.2072,45.3127,0.8508,0.6259,0.4400,0.4255,0.5230,0.2876,0.0935,0.8508,0.3743,0.5598,0.4472,0.1440,0.0942,0.0130,0.0038,0.0322,0.0812,0.0788
1429,H01278,-74.3409,9.9278,0.1000,Colombia,4.8550,7.2241,91.5943,48.6970,0.3397,0.3984,0.1910,0.1425,0.7591,0.0836,0.0257,0.3395,0.6020,0.8090,0.4471,0.0482,0.1367,0.0038,0.0010,0.0129,0.1306,0.1139
1430,H00277,-76.8909,6.0307,0.1000,Colombia,7.8998,20.3231,32.6942,18.5532,0.8881,0.7722,0.7862,0.6501,0.3223,0.6729,0.6289,0.8881,0.2278,0.2135,0.4471,0.2201,0.0580,0.0303,0.0256,0.0336,0.0494,0.0301
1431,H00950,-75.0909,10.5341,0.1000,Colombia,7.6031,26.9216,0.6788,43.6015,0.7479,0.6771,0.4549,0.6007,0.1022,0.9933,0.1277,0.7479,0.3230,0.5450,0.4469,0.2034,0.0184,0.0448,0.0052,0.0283,0.0701,0.0767
1432,H00564,-75.9909,3.7791,0.1000,Colombia,6.1035,9.1723,72.7131,19.9321,0.0999,0.8329,0.1073,0.3507,0.6941,0.2725,0.6013,0.0997,0.1672,0.8927,0.4462,0.1187,0.1250,0.0123,0.0244,0.0038,0.0363,0.1257
1433,H00690,-75.6909,7.0700,0.1000,Colombia,5.9421,2.4056,64.7837,42.5719,0.7048,0.7877,0.4581,0.3238,0.9198,0.3519,0.1483,0.7048,0.2123,0.5418,0.4462,0.1096,0.1656,0.0159,0.0060,0.0267,0.0461,0.0763
1434,H02556,-71.4909,5.3379,0.1000,Colombia,7.1355,18.7752,8.9207,32.9417,0.3194,0.6846,0.5280,0.5227,0.3739,0.9108,0.3410,0.3193,0.3155,0.4718,0.4462,0.1769,0.0673,0.0411,0.0139,0.0121,0.0685,0.0664
1435,H01624,-73.5909,7.9360,0.1000,Colombia,5.0518,11.0475,48.1837,30.2700,0.7568,0.6006,0.1597,0.1753,0.6316,0.5180,0.3945,0.7568,0.3996,0.8403,0.4461,0.0593,0.1137,0.0233,0.0160,0.0287,0.0867,0.1183
1436,H01588,-73.5909,1.7006,0.1000,Colombia,6.5692,21.5303,57.7053,28.1141,0.5670,0.3807,0.5917,0.4283,0.2820,0.4227,0.4376,0.5669,0.6197,0.4081,0.4460,0.1450,0.0508,0.0191,0.0178,0.0215,0.1345,0.0575
1437,H02908,-70.4409,-1.3305,0.1000,Colombia,5.8252,5.6072,56.7163,11.7272,0.6511,0.7693,0.4945,0.3043,0.8130,0.4326,0.7655,0.6510,0.2307,0.5053,0.4459,0.1030,0.1464,0.0195,0.0311,0.0247,0.0501,0.0711
1438,H01266,-74.3409,7.8494,0.1000,Colombia,6.3550,14.0712,99.4288,36.1381,0.4793,0.6445,0.2149,0.3926,0.5308,0.0052,0.2770,0.4792,0.3556,0.7851,0.4458,0.1329,0.0956,0.0002,0.0113,0.0181,0.0772,0.1105
1439,H01460,-73.8909,4.6451,0.1000,Colombia,6.3632,15.5403,42.8019,13.6995,0.8900,0.5123,0.7811,0.3940,0.4818,0.5718,0.7260,0.8900,0.4879,0.2186,0.4458,0.1334,0.0867,0.0258,0.0295,0.0337,0.1059,0.0308
1440,H00045,-77.9409,1.6140,0.1000,Colombia,7.9751,15.2956,87.5009,42.7743,0.4684,0.8719,0.4596,0.6627,0.4899,0.1246,0.1443,0.4683,0.1281,0.5403,0.4456,0.2243,0.0882,0.0056,0.0059,0.0177,0.0278,0.0761
1441,H01065,-74.7909,7.9360,0.1000,Colombia,8.4255,8.1168,84.1440,46.3279,0.1304,0.9708,0.6971,0.7378,0.7293,0.1582,0.0732,0.1302,0.0291,0.3026,0.4450,0.2498,0.1313,0.0071,0.0030,0.0049,0.0063,0.0426
1442,H00066,-77.6409,0.9212,0.1000,Colombia,4.8455,3.7646,15.8520,32.5660,0.3999,0.3093,0.8395,0.1410,0.8745,0.8414,0.3485,0.3997,0.6911,0.1602,0.4450,0.0477,0.1575,0.0379,0.0142,0.0151,0.1500,0.0226
1443,H02875,-70.5909,2.9130,0.1000,Colombia,6.8580,18.1138,22.2604,23.2269,0.9896,0.9753,0.2026,0.4765,0.3960,0.7773,0.5354,0.9897,0.0246,0.7974,0.4445,0.1613,0.0713,0.0350,0.0218,0.0375,0.0053,0.1123
1444,H01711,-73.4409,10.1010,0.1000,Colombia,4.3681,2.4772,39.0066,34.1482,0.6533,0.4266,0.5108,0.0614,0.9174,0.6098,0.3169,0.6533,0.5737,0.4891,0.4444,0.0208,0.1652,0.0275,0.0129,0.0248,0.1245,0.0688
1445,H00293,-76.7409,0.4016,0.1000,Colombia,6.1611,17.1913,72.8615,34.4087,0.5372,0.3340,0.6038,0.3603,0.4267,0.2710,0.3116,0.5371,0.6664,0.3960,0.4444,0.1220,0.0768,0.0122,0.0127,0.0203,0.1446,0.0558
1446,H03527,-68.0409,4.7317,0.1000,Colombia,8.5558,23.2402,75.0524,38.0251,0.8514,0.7276,0.7558,0.7595,0.2250,0.2491,0.2393,0.8515,0.2725,0.2440,0.4443,0.2571,0.0405,0.0112,0.0097,0.0323,0.0591,0.0343
1447,H01520,-73.7409,2.4800,0.1000,Colombia,4.3616,11.3096,60.9708,7.6326,0.6575,0.4735,0.1459,0.0603,0.6229,0.3900,0.8474,0.6574,0.5268,0.8541,0.4441,0.0204,0.1121,0.0176,0.0345,0.0249,0.1143,0.1202
1448,H02368,-71.9409,2.8264,0.1000,Colombia,6.0590,1.3376,24.1906,46.3250,0.1067,0.6705,0.6931,0.3433,0.9554,0.7580,0.0732,0.1065,0.3296,0.3067,0.4441,0.1162,0.1720,0.0342,0.0030,0.0040,0.0715,0.0432
1449,H01005,-74.9409,8.8886,0.1000,Colombia,7.9527,25.7169,54.8021,14.3969,0.6385,0.5064,0.8954,0.6590,0.1424,0.4517,0.7121,0.6385,0.4939,0.1043,0.4441,0.2231,0.0256,0.0204,0.0290,0.0242,0.1072,0.0147
1450,H00702,-75.6909,9.1484,0.1000,Colombia,6.0196,1.2086,59.6723,47.2525,0.4494,0.7795,0.4881,0.3367,0.9597,0.4030,0.0546,0.4493,0.2206,0.5118,0.4441,0.1140,0.1728,0.0182,0.0022,0.0170,0.0479,0.0721
1451,H03186,-69.8409,5.4245,0.1000,Colombia,6.1413,3.3163,69.7797,40.7398,0.0785,0.3727,0.9813,0.3570,0.8894,0.3019,0.1850,0.0783,0.6276,0.0184,0.4439,0.1208,0.1601,0.0136,0.0075,0.0030,0.1362,0.0026
1452,H01114,-74.6409,4.9049,0.1000,Colombia,7.5576,5.0344,96.8073,45.6907,0.1670,0.6770,0.9147,0.5931,0.8321,0.0314,0.0859,0.1668,0.3231,0.0850,0.4439,0.2008,0.1498,0.0014,0.0035,0.0063,0.0701,0.0120
1453,H01870,-72.9909,-2.2831,0.1000,Colombia,8.9067,29.6211,57.6406,5.6349,0.1869,0.5366,0.9874,0.8180,0.0122,0.4233,0.8874,0.1867,0.4636,0.0123,0.4437,0.2769,0.0022,0.0191,0.0361,0.0071,0.1006,0.0017
1454,H02983,-70.2909,1.1810,0.1000,Colombia,8.9028,27.6227,57.0387,1.7371,0.1469,0.8462,0.6070,0.8174,0.0788,0.4294,0.9654,0.1467,0.1538,0.3928,0.4437,0.2767,0.0142,0.0194,0.0393,0.0056,0.0334,0.0553
1455,H03028,-70.1409,-1.8501,0.1000,Colombia,8.0289,26.8424,87.3384,44.1106,0.8505,0.5838,0.5427,0.6717,0.1049,0.1262,0.1175,0.8505,0.4164,0.4571,0.4437,0.2274,0.0189,0.0057,0.0048,0.0322,0.0904,0.0644
1456,H02269,-72.2409,6.6369,0.1000,Colombia,7.0742,14.4055,21.4735,29.0896,0.5331,0.8733,0.4566,0.5125,0.5196,0.7852,0.4181,0.5330,0.1266,0.5433,0.4436,0.1735,0.0935,0.0354,0.0170,0.0202,0.0275,0.0765
1457,H02453,-71.7909,12.2661,0.1000,Colombia,6.0837,3.2046,81.9868,17.4827,0.1997,0.9367,0.2253,0.3474,0.8932,0.1797,0.6503,0.1995,0.0632,0.7747,0.4433,0.1176,0.1608,0.0081,0.0264,0.0076,0.0137,0.1091
1458,H00020,-78.3909,2.5666,0.1000,Colombia,7.6711,14.5839,85.3396,48.4763,0.0805,0.5329,0.7786,0.6120,0.5137,0.1462,0.0302,0.0803,0.4673,0.2212,0.4431,0.2072,0.0925,0.0066,0.0012,0.0030,0.1014,0.0311
1459,H00714,-75.5409,1.7872,0.1000,Colombia,6.0932,24.4316,38.1409,42.4294,0.9515,0.4334,0.3012,0.3490,0.1853,0.6184,0.1512,0.9516,0.5669,0.6988,0.4430,0.1182,0.0334,0.0279,0.0062,0.0360,0.1230,0.0984
1460,H01404,-74.0409,7.3298,0.1000,Colombia,7.9828,25.7380,28.9193,48.5038,0.5637,0.8667,0.2243,0.6640,0.1417,0.7107,0.0296,0.5636,0.1333,0.7756,0.4430,0.2248,0.0255,0.0320,0.0012,0.0214,0.0289,0.1092
1461,H01302,-74.1909,2.0470,0.1000,Colombia,4.3118,11.1625,55.7048,0.7455,0.5518,0.5810,0.0036,0.0520,0.6278,0.4427,0.9852,0.5517,0.4192,0.9964,0.4428,0.0176,0.1130,0.0200,0.0401,0.0209,0.0910,0.1403
1462,H01060,-74.7909,7.0700,0.1000,Colombia,9.2421,26.5914,96.9439,37.8166,0.0065,0.6179,0.7712,0.8739,0.1132,0.0301,0.2435,0.0062,0.3823,0.2285,0.4428,0.2958,0.0204,0.0014,0.0099,0.0002,0.0830,0.0322
1463,H02769,-70.8909,3.6058,0.1000,Colombia,8.0777,13.7884,21.7140,24.4636,0.0911,0.9542,0.6739,0.6798,0.5402,0.7828,0.5106,0.0908,0.0457,0.3259,0.4427,0.2301,0.0973,0.0353,0.0208,0.0034,0.0099,0.0459
1464,H00079,-77.6409,6.9833,0.1000,Colombia,4.6952,10.3525,3.1214,37.5075,0.3271,0.3189,0.4944,0.1159,0.6548,0.9688,0.2496,0.3270,0.6815,0.5054,0.4424,0.0392,0.1179,0.0437,0.0101,0.0124,0.1479,0.0712
1465,H00986,-74.9409,5.5977,0.1000,Colombia,8.1304,23.5016,56.2830,40.0605,0.4678,0.8432,0.3552,0.6886,0.2163,0.4369,0.1986,0.4677,0.1568,0.6447,0.4423,0.2331,0.0389,0.0197,0.0081,0.0177,0.0340,0.0908
1466,H01385,-74.0409,4.0389,0.1000,Colombia,5.9511,11.8091,95.0380,30.7467,0.5892,0.3363,0.7257,0.3253,0.6062,0.0492,0.3849,0.5891,0.6640,0.2741,0.4421,0.1101,0.1091,0.0022,0.0157,0.0223,0.1441,0.0386
1467,H03598,-67.4409,2.3068,0.1000,Colombia,6.2330,15.2734,85.1837,41.5569,0.4135,0.5542,0.2802,0.3723,0.4907,0.1477,0.1686,0.4134,0.4460,0.7197,0.4417,0.1260,0.0883,0.0067,0.0069,0.0157,0.0968,0.1013
1468,H03025,-70.1409,-2.3697,0.1000,Colombia,6.2435,22.6907,1.1765,39.1221,0.3015,0.6868,0.0174,0.3740,0.2433,0.9883,0.2173,0.3014,0.3134,0.9826,0.4416,0.1266,0.0438,0.0446,0.0088,0.0114,0.0680,0.1383
1469,H01346,-74.1909,9.6680,0.1000,Colombia,6.0756,6.1219,67.7611,11.6698,0.1410,0.5387,0.7877,0.3460,0.7959,0.3221,0.7666,0.1408,0.4616,0.2120,0.4415,0.1171,0.1433,0.0145,0.0312,0.0053,0.1002,0.0298
1470,H02969,-70.2909,-1.2439,0.1000,Colombia,6.9776,20.0746,23.4194,29.4519,0.2789,0.8695,0.1206,0.4964,0.3306,0.7657,0.4108,0.2787,0.1305,0.8794,0.4415,0.1680,0.0595,0.0345,0.0167,0.0106,0.0283,0.1238
1471,H01139,-74.6409,9.2350,0.1000,Colombia,7.5544,25.8434,11.3100,19.5864,0.2015,0.5073,0.7394,0.5926,0.1382,0.8869,0.6082,0.2013,0.4929,0.2603,0.4414,0.2006,0.0249,0.0400,0.0247,0.0076,0.1070,0.0366
1472,H00826,-75.2409,0.0551,0.1000,Colombia,6.0781,24.9187,33.6313,7.2238,0.6961,0.4910,0.3477,0.3464,0.1690,0.6636,0.8556,0.6961,0.5092,0.6523,0.4411,0.1173,0.0304,0.0299,0.0348,0.0264,0.1105,0.0918
1473,H02760,-70.8909,2.0470,0.1000,Colombia,4.8838,1.1825,45.0383,7.3977,0.0307,0.4056,0.7980,0.1473,0.9606,0.5494,0.8521,0.0305,0.5947,0.2017,0.4409,0.0499,0.1730,0.0248,0.0346,0.0012,0.1291,0.0284
1474,H03072,-70.1409,5.7709,0.1000,Colombia,5.8774,10.5513,12.7950,36.8247,0.4682,0.7739,0.2805,0.3130,0.6482,0.8720,0.2633,0.4681,0.2262,0.7194,0.4408,0.1060,0.1167,0.0393,0.0107,0.0177,0.0491,0.1013
1475,H00687,-75.6909,6.5503,0.1000,Colombia,5.6799,22.6540,12.1265,45.0612,0.7617,0.4310,0.2471,0.2800,0.2445,0.8787,0.0985,0.7617,0.5693,0.7529,0.4408,0.0948,0.0440,0.0396,0.0040,0.0289,0.1236,0.1060
1476,H03083,-69.9909,-3.4956,0.1000,Colombia,7.5255,24.2658,5.3545,41.5785,0.9935,0.9968,0.1507,0.5877,0.1908,0.9465,0.1682,0.9936,0.0031,0.8493,0.4407,0.1989,0.0343,0.0427,0.0068,0.0376,0.0007,0.1196
1477,H03433,-68.4909,1.8738,0.1000,Colombia,6.6538,6.1556,44.4394,39.8966,0.6257,0.6662,0.8737,0.4424,0.7947,0.5554,0.2018,0.6256,0.3340,0.1260,0.4400,0.1498,0.1431,0.0250,0.0082,0.0237,0.0725,0.0177
1478,H00997,-74.9409,7.5030,0.1000,Colombia,4.8209,14.5852,12.5802,44.3367,0.0218,0.3402,0.1971,0.1368,0.5136,0.8742,0.1130,0.0216,0.6602,0.8029,0.4399,0.0463,0.0925,0.0394,0.0046,0.0008,0.1433,0.1130
1479,H03362,-68.9409,2.9996,0.1000,Colombia,8.1542,24.8377,40.9144,43.2339,0.6768,0.8050,0.4720,0.6926,0.1717,0.5907,0.1351,0.6767,0.1951,0.5279,0.4398,0.2345,0.0309,0.0266,0.0055,0.0256,0.0423,0.0743
1480,H02919,-70.4409,0.5748,0.1000,Colombia,5.8176,2.2624,39.1378,39.5296,0.2422,0.4553,0.9504,0.3030,0.9246,0.6085,0.2092,0.2420,0.5450,0.0493,0.4394,0.1026,0.1665,0.0274,0.0085,0.0092,0.1183,0.0069
1481,H02628,-71.1909,-2.1099,0.1000,Colombia,6.9629,22.2153,33.2074,16.6921,0.5292,0.9063,0.0926,0.4939,0.2592,0.6678,0.6662,0.5291,0.0937,0.9074,0.4392,0.1672,0.0467,0.0301,0.0271,0.0200,0.0203,0.1277
1482,H01957,-72.8409,-0.1181,0.1000,Colombia,6.5275,24.6552,0.0053,34.8132,0.6113,0.7242,0.1190,0.4214,0.1778,1.0000,0.3036,0.6113,0.2759,0.8810,0.4391,0.1427,0.0320,0.0451,0.0123,0.0232,0.0599,0.1240
1483,H03019,-70.1409,-3.5822,0.1000,Colombia,8.7026,19.1812,1.9901,36.1898,0.1454,0.9116,0.7963,0.7840,0.3604,0.9801,0.2760,0.1452,0.0884,0.2035,0.4390,0.2654,0.0649,0.0442,0.0112,0.0055,0.0192,0.0286
1484,H01004,-74.9409,8.7154,0.1000,Colombia,8.8394,25.7609,9.6917,48.6763,0.8281,0.8528,0.7478,0.8068,0.1409,0.9031,0.0262,0.8281,0.1472,0.2519,0.4390,0.2731,0.0254,0.0407,0.0011,0.0314,0.0319,0.0355
1485,H03379,-68.9409,5.9441,0.1000,Colombia,8.1937,27.8552,86.8757,26.0908,0.7153,0.6822,0.5160,0.6991,0.0711,0.1308,0.4781,0.7153,0.3180,0.4838,0.4390,0.2367,0.0128,0.0059,0.0194,0.0271,0.0690,0.0681
1486,H00667,-75.6909,3.0862,0.1000,Colombia,4.9641,6.2649,49.0454,42.7410,0.4683,0.6628,0.1314,0.1607,0.7911,0.5093,0.1449,0.4682,0.3373,0.8686,0.4389,0.0544,0.1424,0.0230,0.0059,0.0177,0.0732,0.1223
1487,H00271,-76.8909,4.9915,0.1000,Colombia,8.8607,27.4926,83.2894,46.4108,0.1254,0.7511,0.4286,0.8103,0.0832,0.1667,0.0715,0.1252,0.2490,0.5713,0.4389,0.2743,0.0150,0.0075,0.0029,0.0047,0.0540,0.0804
1488,H00016,-78.3909,1.8738,0.1000,Colombia,5.8255,4.5615,66.8547,16.9764,0.9148,0.5739,0.9013,0.3043,0.8479,0.3311,0.6605,0.9149,0.4263,0.0984,0.4385,0.1030,0.1527,0.0149,0.0268,0.0347,0.0925,0.0138
1489,H01538,-73.7409,5.5977,0.1000,Colombia,5.0886,22.8120,39.8559,24.4780,0.7451,0.3708,0.1388,0.1815,0.2393,0.6013,0.5104,0.7451,0.6295,0.8612,0.4385,0.0614,0.0431,0.0271,0.0208,0.0282,0.1366,0.1212
1490,H02619,-71.3409,6.2905,0.1000,Colombia,5.8801,11.3611,50.3773,32.8889,0.9162,0.6922,0.4123,0.3134,0.6211,0.4960,0.3421,0.9162,0.3079,0.5876,0.4384,0.1061,0.1118,0.0224,0.0139,0.0347,0.0668,0.0827
1491,H01545,-73.7409,6.8101,0.1000,Colombia,6.9013,18.4987,12.6370,34.1372,0.2221,0.7754,0.3205,0.4837,0.3831,0.8736,0.3171,0.2219,0.2246,0.6794,0.4378,0.1638,0.0690,0.0394,0.0129,0.0084,0.0488,0.0956
1492,H00545,-75.9909,0.4882,0.1000,Colombia,6.1490,15.4338,2.5742,0.5482,0.2193,0.6081,0.6357,0.3583,0.4853,0.9743,0.9892,0.2191,0.3921,0.3641,0.4375,0.1213,0.0874,0.0439,0.0402,0.0083,0.0851,0.0512
1493,H02534,-71.4909,1.5274,0.1000,Colombia,8.4272,28.3856,88.4572,38.2028,0.3775,0.6456,0.4889,0.7381,0.0534,0.1150,0.2357,0.3774,0.3546,0.5110,0.4374,0.2499,0.0096,0.0052,0.0096,0.0143,0.0770,0.0719
1494,H02784,-70.8909,6.2039,0.1000,Colombia,9.1227,25.7085,50.3209,49.9152,0.5058,0.6886,0.9043,0.8540,0.1427,0.4966,0.0014,0.5057,0.3115,0.0954,0.4374,0.2891,0.0257,0.0224,0.0001,0.0192,0.0676,0.0134
1495,H00365,-76.5909,4.2987,0.1000,Colombia,6.3166,24.9709,99.0223,7.0774,0.1319,0.4255,0.2101,0.3862,0.1673,0.0093,0.8585,0.1316,0.5749,0.7898,0.4371,0.1307,0.0301,0.0004,0.0349,0.0050,0.1248,0.1112
1496,H03563,-67.7409,1.9604,0.1000,Colombia,6.5116,6.3159,13.0698,40.3056,0.9571,0.8805,0.6880,0.4187,0.7894,0.8693,0.1937,0.9572,0.1195,0.3118,0.4370,0.1417,0.1421,0.0392,0.0079,0.0363,0.0259,0.0439
1497,H00179,-77.1909,5.8575,0.1000,Colombia,4.8251,0.9733,59.7117,23.0163,0.6387,0.8311,0.1823,0.1375,0.9676,0.4026,0.5396,0.6387,0.1690,0.8176,0.4368,0.0466,0.1742,0.0181,0.0219,0.0242,0.0367,0.1151
1498,H02645,-71.1909,0.8346,0.1000,Colombia,6.1603,3.6145,8.8930,42.8048,0.7531,0.8420,0.6680,0.3601,0.8795,0.9111,0.1436,0.7531,0.1580,0.3318,0.4367,0.1219,0.1583,0.0411,0.0058,0.0285,0.0343,0.0467
1499,H01129,-74.6409,7.5030,0.1000,Colombia,5.5585,6.9819,15.8536,7.9066,0.0318,0.4289,0.9068,0.2598,0.7672,0.8414,0.8419,0.0316,0.5714,0.0929,0.4365,0.0880,0.1381,0.0379,0.0342,0.0012,0.1240,0.0131
1500,H00676,-75.6909,4.6451,0.1000,Colombia,4.6722,2.3784,13.0352,0.8939,0.0275,0.5535,0.6054,0.1121,0.9207,0.8696,0.9823,0.0272,0.4467,0.3944,0.4364,0.0379,0.1658,0.0392,0.0399,0.0010,0.0969,0.0555
1501,H00838,-75.2409,2.1336,0.1000,Colombia,7.4835,24.1250,44.9123,13.5589,0.6255,0.6442,0.6539,0.5807,0.1955,0.5507,0.7288,0.6254,0.3560,0.3459,0.4359,0.1966,0.0352,0.0248,0.0296,0.0237,0.0773,0.0487
1502,H00889,-75.0909,-0.0315,0.1000,Colombia,5.4590,14.8872,52.9834,22.4676,0.6222,0.4119,0.5177,0.2432,0.5036,0.4699,0.5506,0.6221,0.5884,0.4822,0.4357,0.0823,0.0907,0.0212,0.0224,0.0236,0.1277,0.0679
1503,H01239,-74.3409,3.1728,0.1000,Colombia,5.1132,18.8301,1.5265,3.7165,0.4960,0.3815,0.4974,0.1856,0.3721,0.9848,0.9258,0.4959,0.6188,0.5025,0.4357,0.0628,0.0670,0.0444,0.0376,0.0188,0.1343,0.0707
1504,H00772,-75.3909,1.3542,0.1000,Colombia,4.7649,1.4608,9.5754,1.8744,0.9174,0.6301,0.8131,0.1275,0.9513,0.9042,0.9627,0.9174,0.3701,0.1866,0.4357,0.0432,0.1713,0.0408,0.0391,0.0348,0.0803,0.0263
1505,H02565,-71.4909,6.8967,0.1000,Colombia,5.7717,17.8049,57.3149,6.0778,0.3171,0.3342,0.6377,0.2954,0.4063,0.4266,0.8785,0.3169,0.6662,0.3621,0.4357,0.1000,0.0732,0.0192,0.0357,0.0120,0.1446,0.0510
1506,H03008,-70.2909,5.5111,0.1000,Colombia,8.0441,16.2248,83.1417,4.8125,0.9855,0.9248,0.8102,0.6742,0.4589,0.1682,0.9039,0.9856,0.0751,0.1895,0.4355,0.2282,0.0826,0.0076,0.0367,0.0373,0.0163,0.0267
1507,H03219,-69.6909,3.0862,0.1000,Colombia,8.3944,27.1234,99.3773,37.7727,0.2808,0.8069,0.2365,0.7326,0.0955,0.0057,0.2443,0.2806,0.1932,0.7635,0.4354,0.2480,0.0172,0.0003,0.0099,0.0106,0.0419,0.1075
1508,H00146,-77.3409,8.1958,0.1000,Colombia,7.6574,22.0478,52.7311,30.7321,0.7789,0.6713,0.6931,0.6097,0.2648,0.4725,0.3852,0.7789,0.3288,0.3067,0.4351,0.2064,0.0477,0.0213,0.0157,0.0295,0.0714,0.0432
1509,H03273,-69.5409,5.9441,0.1000,Colombia,7.2139,4.4820,31.8010,49.2981,0.4796,0.8384,0.8858,0.5358,0.8506,0.6819,0.0137,0.4795,0.1616,0.1139,0.4351,0.1814,0.1532,0.0307,0.0006,0.0182,0.0351,0.0160
1510,H03199,-69.6909,-2.1099,0.1000,Colombia,6.3564,14.3144,83.7729,9.4848,0.9142,0.6519,0.5921,0.3928,0.5227,0.1619,0.8104,0.9143,0.3482,0.4077,0.4349,0.1330,0.0941,0.0073,0.0330,0.0346,0.0756,0.0574
1511,H02174,-72.3909,1.1810,0.1000,Colombia,5.3631,6.3429,16.7134,48.8591,0.3956,0.3870,0.7911,0.2272,0.7885,0.8328,0.0225,0.3955,0.6134,0.2086,0.4348,0.0769,0.1420,0.0376,0.0009,0.0150,0.1331,0.0294
1512,H03363,-68.9409,3.1728,0.1000,Colombia,5.5844,23.1373,25.4021,46.3004,0.4307,0.3108,0.2777,0.2641,0.2284,0.7459,0.0737,0.4306,0.6896,0.7222,0.4348,0.0894,0.0411,0.0336,0.0030,0.0163,0.1497,0.1017
1513,H00762,-75.5409,10.1010,0.1000,Colombia,5.4909,25.1744,27.4012,8.3550,0.9927,0.3975,0.3843,0.2486,0.1605,0.7259,0.8330,0.9928,0.6028,0.6156,0.4347,0.0842,0.0289,0.0327,0.0339,0.0376,0.1308,0.0867
1514,H02693,-71.0409,-0.2913,0.1000,Colombia,6.7846,15.7784,61.4091,41.7128,0.6112,0.6383,0.5306,0.4642,0.4738,0.3856,0.1655,0.6112,0.3619,0.4692,0.4343,0.1571,0.0853,0.0174,0.0067,0.0232,0.0785,0.0660
1515,H02443,-71.7909,5.8575,0.1000,Colombia,9.0019,25.4036,15.9913,14.5757,0.3558,0.9690,0.7325,0.8339,0.1528,0.8401,0.7085,0.3557,0.0309,0.2673,0.4343,0.2823,0.0275,0.0379,0.0288,0.0135,0.0067,0.0376
1516,H02582,-71.3409,-0.1181,0.1000,Colombia,7.0185,25.2658,25.1853,38.7199,0.2153,0.4868,0.4803,0.5032,0.1574,0.7481,0.2254,0.2151,0.5134,0.5195,0.4343,0.1704,0.0283,0.0337,0.0092,0.0081,0.1114,0.0731
1517,H00127,-77.3409,4.2121,0.1000,Colombia,9.1644,22.7114,94.5775,12.3309,0.1808,0.9902,0.5950,0.8610,0.2426,0.0538,0.7534,0.1806,0.0097,0.4048,0.4341,0.2915,0.0437,0.0024,0.0306,0.0068,0.0021,0.0570
1518,H01767,-73.2909,6.7235,0.1000,Colombia,6.8561,7.8255,97.7713,13.0533,0.9030,0.7747,0.8179,0.4761,0.7391,0.0218,0.7390,0.9031,0.2254,0.1819,0.4340,0.1612,0.1331,0.0010,0.0300,0.0342,0.0489,0.0256
1519,H01885,-72.9909,0.3150,0.1000,Colombia,6.7693,15.5624,47.5655,10.8900,0.5223,0.5221,0.9144,0.4617,0.4810,0.5241,0.7823,0.5222,0.4782,0.0853,0.4339,0.1563,0.0866,0.0236,0.0318,0.0198,0.1038,0.0120
1520,H00418,-76.4409,4.9049,0.1000,Colombia,8.0351,29.7775,31.9589,21.9166,0.6862,0.6470,0.6531,0.6727,0.0070,0.6803,0.5616,0.6862,0.3532,0.3467,0.4339,0.2277,0.0013,0.0307,0.0228,0.0260,0.0767,0.0488
1521,H02994,-70.2909,3.0862,0.1000,Colombia,4.7903,9.2506,1.8456,36.8745,0.3185,0.6116,0.1951,0.1317,0.6915,0.9816,0.2623,0.3183,0.3886,0.8049,0.4337,0.0446,0.1245,0.0442,0.0107,0.0121,0.0843,0.1133
1522,H00278,-76.8909,6.2039,0.1000,Colombia,8.2118,12.8537,60.6689,31.7114,0.8689,0.9265,0.9171,0.7022,0.5714,0.3930,0.3656,0.8689,0.0734,0.0826,0.4336,0.2377,0.1029,0.0177,0.0149,0.0329,0.0159,0.0116
1523,H02336,-72.0909,11.7465,0.1000,Colombia,6.7374,4.7900,62.0833,2.2965,0.1434,0.7236,0.9540,0.4564,0.8403,0.3789,0.9542,0.1432,0.2765,0.0457,0.4335,0.1545,0.1513,0.0171,0.0388,0.0054,0.0600,0.0064
1524,H03169,-69.8409,2.4800,0.1000,Colombia,6.4580,21.8772,49.1811,13.2737,0.8740,0.4989,0.6344,0.4098,0.2704,0.5080,0.7346,0.8740,0.5013,0.3654,0.4335,0.1387,0.0487,0.0229,0.0299,0.0331,0.1088,0.0514
1525,H01438,-73.8909,0.8346,0.1000,Colombia,5.2111,2.5490,25.2223,20.8928,0.0411,0.5898,0.6282,0.2019,0.9150,0.7477,0.5821,0.0408,0.4104,0.3716,0.4334,0.0683,0.1647,0.0337,0.0237,0.0015,0.0891,0.0523
1526,H01765,-73.2909,6.3771,0.1000,Colombia,5.9481,6.7315,51.4929,13.5002,0.9454,0.9907,0.3285,0.3248,0.7755,0.4848,0.7300,0.9454,0.0092,0.6714,0.4334,0.1100,0.1396,0.0219,0.0297,0.0358,0.0020,0.0945
1527,H02723,-71.0409,4.9049,0.1000,Colombia,6.7480,13.8214,25.1308,47.6627,0.3053,0.6860,0.5340,0.4581,0.5391,0.7486,0.0464,0.3051,0.3141,0.4659,0.4331,0.1551,0.0971,0.0338,0.0019,0.0116,0.0682,0.0656
1528,H03416,-68.6409,3.5192,0.1000,Colombia,5.8767,8.5286,89.1454,41.4161,0.2375,0.7794,0.0792,0.3129,0.7156,0.1081,0.1714,0.2373,0.2207,0.9209,0.4331,0.1059,0.1288,0.0049,0.0070,0.0090,0.0479,0.1296
1529,H00350,-76.5909,1.7006,0.1000,Colombia,7.0188,23.6212,67.1779,13.2590,0.2548,0.3941,0.7252,0.5033,0.2123,0.3279,0.7348,0.2546,0.6062,0.2746,0.4331,0.1704,0.0382,0.0148,0.0299,0.0096,0.1316,0.0387
1530,H01221,-74.3409,0.0551,0.1000,Colombia,4.9063,11.3209,11.5011,16.5697,0.0095,0.4977,0.3373,0.1511,0.6225,0.8850,0.6686,0.0092,0.5025,0.6626,0.4330,0.0512,0.1121,0.0399,0.0272,0.0003,0.1091,0.0933
1531,H02163,-72.3909,-0.7243,0.1000,Colombia,9.0487,24.6901,72.6980,8.0469,0.9033,0.8366,0.9988,0.8417,0.1766,0.2727,0.8391,0.9034,0.1635,0.0009,0.4330,0.2849,0.0318,0.0123,0.0341,0.0342,0.0355,0.0001
1532,H00019,-78.3909,2.3934,0.1000,Colombia,5.7474,2.8133,81.2414,4.2905,0.2129,0.5470,0.8650,0.2913,0.9062,0.1872,0.9143,0.2127,0.4532,0.1347,0.4328,0.0986,0.1632,0.0084,0.0372,0.0081,0.0984,0.0190
1533,H00771,-75.3909,1.1810,0.1000,Colombia,9.0787,28.7937,68.7283,16.0685,0.6197,0.7759,0.8212,0.8467,0.0398,0.3124,0.6786,0.6196,0.2242,0.1785,0.4327,0.2866,0.0072,0.0141,0.0276,0.0235,0.0487,0.0251
1534,H02970,-70.2909,-1.0707,0.1000,Colombia,6.2831,12.3091,52.1268,12.7126,0.9235,0.7600,0.5839,0.3806,0.5895,0.4785,0.7458,0.9236,0.2401,0.4159,0.4325,0.1288,0.1061,0.0216,0.0303,0.0350,0.0521,0.0585
1535,H02712,-71.0409,2.9996,0.1000,Colombia,6.0886,12.2610,1.2180,37.9493,0.0042,0.7808,0.2489,0.3482,0.5911,0.9879,0.2408,0.0039,0.2192,0.7510,0.4321,0.1179,0.1064,0.0445,0.0098,0.0001,0.0476,0.1057
1536,H02502,-71.6409,6.1173,0.1000,Colombia,7.4412,29.6738,46.9654,9.8792,0.7399,0.6728,0.4293,0.5737,0.0104,0.5301,0.8025,0.7399,0.3273,0.5705,0.4320,0.1942,0.0019,0.0239,0.0326,0.0280,0.0710,0.0803
1537,H01631,-73.5909,9.1484,0.1000,Colombia,6.0854,23.9341,81.7102,10.6312,0.5953,0.3917,0.4101,0.3477,0.2018,0.1825,0.7874,0.5953,0.6086,0.5897,0.4319,0.1177,0.0363,0.0082,0.0320,0.0226,0.1321,0.0830
1538,H02684,-71.0409,-1.8501,0.1000,Colombia,6.0241,9.3454,45.1496,4.1609,0.8493,0.5868,0.9297,0.3374,0.6884,0.5483,0.9169,0.8493,0.4134,0.0700,0.4319,0.1142,0.1240,0.0247,0.0373,0.0322,0.0897,0.0098
1539,H00032,-78.0909,1.1810,0.1000,Colombia,4.3903,12.8996,66.9953,27.1881,0.2190,0.3133,0.1752,0.0651,0.5698,0.3297,0.4561,0.2189,0.6871,0.8248,0.4316,0.0220,0.1026,0.0149,0.0185,0.0083,0.1491,0.1161
1540,H00147,-77.3409,8.3690,0.1000,Colombia,7.0161,15.9436,40.2786,42.4610,0.6311,0.8317,0.4063,0.5028,0.4683,0.5970,0.1505,0.6310,0.1683,0.5936,0.4316,0.1702,0.0843,0.0269,0.0061,0.0239,0.0365,0.0836
1541,H02876,-70.5909,3.0862,0.1000,Colombia,6.9852,8.9678,26.1200,37.4055,0.0073,0.9883,0.3565,0.4977,0.7010,0.7387,0.2517,0.0071,0.0116,0.6434,0.4316,0.1685,0.1262,0.0333,0.0102,0.0003,0.0025,0.0906
1542,H01601,-73.5909,3.9523,0.1000,Colombia,5.9402,13.3372,41.0700,25.3931,0.1278,0.6959,0.2564,0.3235,0.5552,0.5891,0.4920,0.1276,0.3042,0.7435,0.4316,0.1095,0.1000,0.0266,0.0200,0.0048,0.0660,0.1047
1543,H02373,-71.9409,3.6925,0.1000,Colombia,6.5796,19.9784,4.3905,41.9815,0.8385,0.5088,0.7322,0.4300,0.3338,0.9561,0.1601,0.8385,0.4914,0.2676,0.4314,0.1456,0.0601,0.0431,0.0065,0.0318,0.1066,0.0377
1544,H00638,-75.8409,7.3298,0.1000,Colombia,5.6155,15.1779,35.7841,28.8380,0.6695,0.8111,0.0169,0.2693,0.4939,0.6420,0.4231,0.6695,0.1889,0.9831,0.4310,0.0912,0.0889,0.0289,0.0172,0.0254,0.0410,0.1384
1545,H00792,-75.3909,4.8183,0.1000,Colombia,7.0353,4.2767,80.1352,31.1813,0.1967,0.7930,0.7956,0.5060,0.8574,0.1983,0.3762,0.1965,0.2071,0.2042,0.4310,0.1713,0.1544,0.0089,0.0153,0.0074,0.0449,0.0288
1546,H03289,-69.3909,3.9523,0.1000,Colombia,5.2208,7.8753,70.5937,35.2412,0.3698,0.4555,0.4912,0.2035,0.7374,0.2937,0.2950,0.3696,0.5448,0.5086,0.4307,0.0689,0.1328,0.0132,0.0120,0.0140,0.1182,0.0716
1547,H02724,-71.0409,5.0781,0.1000,Colombia,6.3880,8.5884,16.6201,42.5226,0.2223,0.6026,0.7939,0.3981,0.7136,0.8338,0.1493,0.2221,0.3976,0.2058,0.4306,0.1348,0.1285,0.0376,0.0061,0.0084,0.0863,0.0290
1548,H01744,-73.2909,2.7398,0.1000,Colombia,6.4969,14.9500,42.9603,35.8419,0.9952,0.8056,0.4168,0.4163,0.5015,0.5702,0.2830,0.9953,0.1945,0.5831,0.4304,0.1409,0.0903,0.0257,0.0115,0.0377,0.0422,0.0821
1549,H01297,-74.1909,1.1810,0.1000,Colombia,4.6274,16.0368,78.1356,33.5093,0.2668,0.3309,0.0585,0.1046,0.4652,0.2183,0.3296,0.2666,0.6695,0.9415,0.4304,0.0354,0.0838,0.0098,0.0134,0.0101,0.1453,0.1325
1550,H03571,-67.7409,3.5192,0.1000,Colombia,7.2281,17.7770,83.7240,36.7053,0.6259,0.8473,0.2930,0.5382,0.4072,0.1624,0.2657,0.6258,0.1527,0.7069,0.4300,0.1822,0.0733,0.0073,0.0108,0.0237,0.0331,0.0995
1551,H03069,-70.1409,5.2513,0.1000,Colombia,8.0562,20.8239,84.5626,23.6770,0.5087,0.6035,0.9120,0.6762,0.3056,0.1540,0.5264,0.5087,0.3967,0.0877,0.4300,0.2289,0.0550,0.0069,0.0214,0.0193,0.0861,0.0123
1552,H02148,-72.5409,8.3690,0.1000,Colombia,6.9653,5.2434,87.6314,5.5138,0.2012,0.8173,0.8220,0.4943,0.8252,0.1233,0.8898,0.2010,0.1827,0.1777,0.4299,0.1673,0.1486,0.0056,0.0362,0.0076,0.0396,0.0250
1553,H02585,-71.3409,0.4016,0.1000,Colombia,7.7487,21.0984,69.6796,5.3953,0.5733,0.7343,0.7499,0.6250,0.2964,0.3029,0.8922,0.5733,0.2658,0.2498,0.4294,0.2116,0.0534,0.0137,0.0363,0.0217,0.0577,0.0352
1554,H02302,-72.0909,1.7006,0.1000,Colombia,7.0760,19.9922,36.3133,30.5374,0.1771,0.8563,0.1955,0.5128,0.3333,0.6367,0.3891,0.1769,0.1437,0.8045,0.4293,0.1736,0.0600,0.0287,0.0158,0.0067,0.0312,0.1133
1555,H00343,-76.5909,0.4882,0.1000,Colombia,6.6031,1.5187,74.6314,14.1699,0.1406,0.7089,0.9858,0.4340,0.9494,0.2533,0.7166,0.1404,0.2913,0.0139,0.4289,0.1469,0.1709,0.0114,0.0291,0.0053,0.0632,0.0020
1556,H00578,-75.9909,6.2039,0.1000,Colombia,6.9527,21.9075,25.6952,26.5044,0.8689,0.7769,0.4342,0.4922,0.2694,0.7430,0.4698,0.8689,0.2232,0.5657,0.4287,0.1666,0.0485,0.0335,0.0191,0.0329,0.0484,0.0796
1557,H00061,-77.7909,2.3934,0.1000,Colombia,5.6281,5.2049,7.7994,23.6904,0.9419,0.8743,0.5595,0.2714,0.8265,0.9220,0.5261,0.9420,0.1257,0.4403,0.4286,0.0919,0.1488,0.0416,0.0214,0.0357,0.0273,0.0620
1558,H03223,-69.6909,3.7791,0.1000,Colombia,4.1148,4.7818,90.2901,39.9352,0.1189,0.4337,0.0719,0.0191,0.8406,0.0967,0.2011,0.1187,0.5666,0.9281,0.4285,0.0065,0.1514,0.0044,0.0082,0.0045,0.1230,0.1306
1559,H00208,-77.0409,2.4800,0.1000,Colombia,4.0304,9.8454,27.9601,40.1144,0.6487,0.4756,0.1018,0.0051,0.6717,0.7203,0.1975,0.6487,0.5247,0.8982,0.4281,0.0017,0.1209,0.0325,0.0080,0.0246,0.1139,0.1264
1560,H03194,-69.6909,-2.9759,0.1000,Colombia,6.1265,9.4941,78.0945,6.7437,0.1925,0.5375,0.7710,0.3545,0.6834,0.2187,0.8652,0.1923,0.4627,0.2287,0.4280,0.1200,0.1231,0.0099,0.0352,0.0073,0.1004,0.0322
1561,H02656,-71.1909,2.7398,0.1000,Colombia,8.9331,27.8512,89.1283,32.8207,0.0835,0.5050,0.9486,0.8224,0.0712,0.1083,0.3434,0.0832,0.4952,0.0511,0.4279,0.2784,0.0128,0.0049,0.0140,0.0032,0.1075,0.0072
1562,H02552,-71.4909,4.6451,0.1000,Colombia,8.8494,29.5971,69.5641,24.0534,0.6093,0.9491,0.4107,0.8085,0.0130,0.3040,0.5189,0.6092,0.0508,0.5891,0.4279,0.2737,0.0023,0.0137,0.0211,0.0231,0.0110,0.0829
1563,H01449,-73.8909,2.7398,0.1000,Colombia,8.0995,22.1140,14.3834,12.8209,0.2463,0.7379,0.8992,0.6834,0.2625,0.8561,0.7436,0.2461,0.2621,0.1005,0.4278,0.2314,0.0473,0.0386,0.0302,0.0093,0.0569,0.0141
1564,H00124,-77.3409,3.3460,0.1000,Colombia,5.3676,17.3367,16.8441,9.7310,0.7793,0.4491,0.6079,0.2280,0.4219,0.8315,0.8054,0.7793,0.5512,0.3919,0.4277,0.0772,0.0760,0.0375,0.0327,0.0295,0.1196,0.0552
1565,H01786,-73.2909,10.0144,0.1000,Colombia,7.8200,29.0020,10.3775,1.4429,0.3901,0.9336,0.3102,0.6368,0.0328,0.8962,0.9713,0.3900,0.0664,0.6897,0.4276,0.2156,0.0059,0.0404,0.0395,0.0148,0.0144,0.0971
1566,H02603,-71.3409,3.5192,0.1000,Colombia,5.9055,11.2006,99.5516,41.5718,0.0329,0.4048,0.5056,0.3177,0.6265,0.0040,0.1683,0.0327,0.5955,0.4943,0.4274,0.1076,0.1128,0.0002,0.0068,0.0012,0.1292,0.0696
1567,H00550,-75.9909,1.3542,0.1000,Colombia,7.1210,11.6618,45.5502,12.6942,0.0676,0.7327,0.8174,0.5203,0.6111,0.5443,0.7462,0.0673,0.2674,0.1823,0.4273,0.1761,0.1100,0.0245,0.0303,0.0026,0.0580,0.0257
1568,H01583,-73.5909,0.8346,0.1000,Colombia,6.9806,11.6167,34.6266,13.3672,0.8632,0.8695,0.7975,0.4969,0.6126,0.6536,0.7327,0.8632,0.1305,0.2022,0.4273,0.1682,0.1103,0.0295,0.0298,0.0327,0.0283,0.0285
1569,H02845,-70.5909,-2.2831,0.1000,Colombia,6.1427,7.9569,27.4136,24.5239,0.0597,0.9422,0.2499,0.3572,0.7347,0.7258,0.5094,0.0594,0.0577,0.7501,0.4270,0.1209,0.1323,0.0327,0.0207,0.0022,0.0125,0.1056
1570,H02678,-71.1909,6.5503,0.1000,Colombia,4.6691,9.5916,16.8515,42.8707,0.8014,0.7426,0.0244,0.1115,0.6802,0.8314,0.1423,0.8014,0.2574,0.9756,0.4270,0.0377,0.1225,0.0375,0.0058,0.0304,0.0559,0.1373
1571,H01998,-72.8409,6.9833,0.1000,Colombia,4.3423,7.3397,38.3949,7.4818,0.2458,0.6909,0.0573,0.0571,0.7553,0.6159,0.8504,0.2456,0.3092,0.9427,0.4268,0.0193,0.1360,0.0278,0.0346,0.0093,0.0671,0.1327
1572,H00626,-75.8409,5.2513,0.1000,Colombia,6.7752,11.8781,41.0523,10.7741,0.8075,0.8470,0.7223,0.4627,0.6039,0.5893,0.7846,0.8075,0.1530,0.2775,0.4267,0.1566,0.1087,0.0266,0.0319,0.0306,0.0332,0.0391
1573,H00410,-76.4409,3.5192,0.1000,Colombia,5.9159,24.7305,45.0024,47.6226,0.1942,0.4621,0.0338,0.3194,0.1753,0.5498,0.0472,0.1940,0.5382,0.9662,0.4266,0.1081,0.0316,0.0248,0.0019,0.0073,0.1168,0.1360
1574,H02924,-70.4409,1.4408,0.1000,Colombia,6.2256,18.2092,79.5582,9.5359,0.3502,0.4288,0.6398,0.3710,0.3928,0.2040,0.8093,0.3501,0.5716,0.3600,0.4264,0.1256,0.0707,0.0092,0.0329,0.0133,0.1241,0.0507
1575,H01541,-73.7409,6.1173,0.1000,Colombia,4.6413,5.5213,26.3246,37.7855,0.0003,0.6059,0.1866,0.1069,0.8159,0.7367,0.2441,0.0001,0.3943,0.8134,0.4263,0.0362,0.1469,0.0332,0.0099,0.0000,0.0856,0.1145
1576,H02162,-72.3909,-0.8975,0.1000,Colombia,6.1142,4.3829,23.5407,48.2813,0.4231,0.8773,0.4688,0.3525,0.8539,0.7645,0.0341,0.4230,0.1227,0.5311,0.4263,0.1193,0.1537,0.0345,0.0014,0.0160,0.0266,0.0748
1577,H03505,-68.1909,5.3379,0.1000,Colombia,7.7358,27.2239,20.9932,6.4548,0.7968,0.9300,0.4147,0.6228,0.0921,0.7900,0.8710,0.7968,0.0699,0.5852,0.4262,0.2108,0.0166,0.0356,0.0354,0.0302,0.0152,0.0824
1578,H00089,-77.4909,1.5274,0.1000,Colombia,6.8333,28.4148,94.8916,21.6540,0.6542,0.6822,0.0221,0.4723,0.0524,0.0506,0.5669,0.6541,0.3179,0.9779,0.4261,0.1599,0.0094,0.0023,0.0231,0.0248,0.0690,0.1377
1579,H00730,-75.5409,4.5585,0.1000,Colombia,4.9856,10.5931,87.8881,7.5794,0.9792,0.8182,0.0237,0.1643,0.6468,0.1207,0.8485,0.9792,0.1818,0.9764,0.4260,0.0556,0.1165,0.0054,0.0345,0.0371,0.0395,0.1374
1580,H01669,-73.4409,2.8264,0.1000,Colombia,8.9047,13.8107,94.3357,39.6422,0.4414,0.8896,0.9968,0.8177,0.5395,0.0562,0.2069,0.4413,0.1104,0.0028,0.4260,0.2768,0.0971,0.0025,0.0084,0.0167,0.0240,0.0004
1581,H03306,-69.2409,2.1336,0.1000,Colombia,6.2352,1.4539,33.0633,43.6437,0.0203,0.7514,0.7270,0.3726,0.9515,0.6692,0.1269,0.0200,0.2487,0.2728,0.4259,0.1261,0.1713,0.0302,0.0052,0.0008,0.0540,0.0384
1582,H03002,-70.2909,4.4719,0.1000,Colombia,5.5028,11.1381,86.0511,22.8120,0.6181,0.6550,0.2832,0.2505,0.6286,0.1391,0.5437,0.6180,0.3452,0.7167,0.4256,0.0848,0.1132,0.0063,0.0221,0.0234,0.0749,0.1009
1583,H00812,-75.3909,8.2824,0.1000,Colombia,4.7480,2.9090,4.0978,49.9375,0.3621,0.7343,0.2475,0.1247,0.9030,0.9591,0.0009,0.3620,0.2658,0.7524,0.4254,0.0422,0.1626,0.0432,0.0000,0.0137,0.0577,0.1059
1584,H00624,-75.8409,4.9049,0.1000,Colombia,7.7095,9.9406,49.5654,42.8794,0.2449,0.7433,0.9851,0.6184,0.6685,0.5041,0.1422,0.2448,0.2568,0.0146,0.4253,0.2093,0.1204,0.0227,0.0058,0.0093,0.0557,0.0021
1585,H02051,-72.6909,3.6058,0.1000,Colombia,6.9082,21.0983,94.2913,24.6899,0.4403,0.6953,0.2777,0.4848,0.2964,0.0566,0.5061,0.4402,0.3048,0.7222,0.4251,0.1641,0.0534,0.0026,0.0206,0.0167,0.0662,0.1017
1586,H00808,-75.3909,7.5896,0.1000,Colombia,6.7050,21.8597,34.6469,8.7498,0.2338,0.3322,0.9524,0.4510,0.2710,0.6534,0.8251,0.2337,0.6682,0.0473,0.4250,0.1527,0.0488,0.0295,0.0335,0.0089,0.1450,0.0067
1587,H01530,-73.7409,4.2121,0.1000,Colombia,5.8678,26.3951,1.9611,37.5464,0.6085,0.3586,0.4221,0.3114,0.1198,0.9804,0.2489,0.6085,0.6417,0.5778,0.4250,0.1054,0.0216,0.0442,0.0101,0.0231,0.1393,0.0813
1588,H01340,-74.1909,8.6288,0.1000,Colombia,5.5461,22.4689,39.3170,35.7061,0.4940,0.4225,0.2233,0.2577,0.2507,0.6067,0.2857,0.4939,0.5778,0.7767,0.4248,0.0872,0.0451,0.0273,0.0116,0.0187,0.1254,0.1093
1589,H03216,-69.6909,2.5666,0.1000,Colombia,4.9917,2.6703,39.4258,48.2975,0.6825,0.3104,0.9962,0.1653,0.9110,0.6056,0.0337,0.6824,0.6900,0.0035,0.4248,0.0560,0.1640,0.0273,0.0014,0.0259,0.1497,0.0005
1590,H01803,-73.1409,-0.4645,0.1000,Colombia,5.7792,14.7306,83.3274,34.6698,0.5993,0.4934,0.4309,0.2966,0.5088,0.1663,0.3064,0.5992,0.5068,0.5689,0.4247,0.1004,0.0916,0.0075,0.0125,0.0227,0.1100,0.0801
1591,H00372,-76.5909,5.5111,0.1000,Colombia,4.5667,13.5018,58.0229,33.3967,0.8104,0.4420,0.2233,0.0945,0.5498,0.4195,0.3319,0.8104,0.5583,0.7767,0.4246,0.0320,0.0990,0.0189,0.0135,0.0307,0.1212,0.1093
1592,H01490,-73.8909,9.8412,0.1000,Colombia,5.4253,3.1987,31.3251,5.2788,0.9482,0.8920,0.5975,0.2376,0.8934,0.6866,0.8945,0.9483,0.1080,0.4023,0.4246,0.0804,0.1609,0.0309,0.0364,0.0359,0.0234,0.0566
1593,H01352,-74.1909,10.7073,0.1000,Colombia,6.6317,21.4538,88.5015,8.0808,0.6083,0.4433,0.7046,0.4387,0.2846,0.1146,0.8385,0.6082,0.5570,0.2951,0.4245,0.1485,0.0512,0.0052,0.0341,0.0230,0.1209,0.0415
1594,H02359,-71.9409,1.2676,0.1000,Colombia,4.8528,8.6745,79.1004,25.2288,0.8174,0.6092,0.2708,0.1422,0.7107,0.2086,0.4953,0.8175,0.3909,0.7291,0.4241,0.0481,0.1280,0.0094,0.0201,0.0310,0.0848,0.1026
1595,H00432,-76.4409,7.3298,0.1000,Colombia,7.7093,16.9270,77.7878,30.2120,0.0929,0.5395,0.9542,0.6184,0.4355,0.2217,0.3956,0.0926,0.4607,0.0454,0.4237,0.2093,0.0784,0.0100,0.0161,0.0035,0.1000,0.0064
1596,H01283,-74.3409,10.7939,0.1000,Colombia,4.0586,2.6928,68.8031,33.5132,0.6668,0.3229,0.5967,0.0098,0.9102,0.3116,0.3296,0.6667,0.6775,0.4031,0.4237,0.0033,0.1639,0.0140,0.0134,0.0253,0.1470,0.0568
1597,H00216,-77.0409,3.8657,0.1000,Colombia,5.9524,24.2522,55.7425,4.4488,0.1856,0.4507,0.3199,0.3255,0.1912,0.4423,0.9111,0.1854,0.5496,0.6801,0.4236,0.1102,0.0344,0.0199,0.0370,0.0070,0.1193,0.0957
1598,H02188,-72.3909,3.6058,0.1000,Colombia,8.7307,24.4787,52.7624,4.9433,0.1406,0.9273,0.6835,0.7887,0.1837,0.4721,0.9012,0.1404,0.0727,0.3163,0.4236,0.2670,0.0331,0.0213,0.0366,0.0053,0.0158,0.0445
1599,H01314,-74.1909,4.1255,0.1000,Colombia,6.7139,27.5762,39.8055,7.6987,0.9797,0.4494,0.7350,0.4524,0.0804,0.6018,0.8461,0.9798,0.5509,0.2647,0.4231,0.1532,0.0145,0.0271,0.0344,0.0371,0.1196,0.0373
1600,H02465,-71.6409,-0.2913,0.1000,Colombia,5.2079,13.4191,55.2018,15.2880,0.9248,0.6407,0.3322,0.2014,0.5525,0.4477,0.6943,0.9248,0.3595,0.6678,0.4231,0.0682,0.0995,0.0202,0.0282,0.0350,0.0780,0.0940
1601,H02499,-71.6409,5.5977,0.1000,Colombia,6.4455,8.0923,12.5661,28.2722,0.9117,0.9424,0.6487,0.4077,0.7302,0.8743,0.4344,0.9117,0.0576,0.3511,0.4230,0.1380,0.1315,0.0394,0.0177,0.0345,0.0125,0.0494
1602,H01074,-74.7909,9.4948,0.1000,Colombia,9.9263,29.2734,4.0330,42.1125,0.2635,0.9229,0.9458,0.9880,0.0238,0.9597,0.1575,0.2633,0.0771,0.0539,0.4227,0.3345,0.0043,0.0433,0.0064,0.0100,0.0167,0.0076
1603,H02222,-72.2409,-1.5037,0.1000,Colombia,4.5792,12.3283,14.6373,28.0237,0.0840,0.5394,0.1184,0.0966,0.5889,0.8536,0.4394,0.0837,0.4609,0.8816,0.4224,0.0327,0.1060,0.0385,0.0179,0.0032,0.1000,0.1241
1604,H02303,-72.0909,1.8738,0.1000,Colombia,5.7609,8.5621,84.4709,35.7925,0.5283,0.3084,0.9626,0.2936,0.7145,0.1549,0.2840,0.5283,0.6920,0.0371,0.4220,0.0994,0.1286,0.0070,0.0115,0.0200,0.1502,0.0052
1605,H01225,-74.3409,0.7480,0.1000,Colombia,7.8312,28.6695,14.1611,23.1890,0.7890,0.7624,0.6024,0.6387,0.0439,0.8584,0.5362,0.7890,0.2377,0.3974,0.4220,0.2162,0.0079,0.0387,0.0218,0.0299,0.0516,0.0559
1606,H01907,-72.9909,4.1255,0.1000,Colombia,6.2076,19.3922,32.2901,8.6602,0.2544,0.8497,0.0956,0.3680,0.3533,0.6770,0.8269,0.2542,0.1503,0.9044,0.4219,0.1246,0.0636,0.0305,0.0336,0.0096,0.0326,0.1273
1607,H02549,-71.4909,4.1255,0.1000,Colombia,4.3961,7.6399,61.5401,2.7477,0.7152,0.3894,0.6456,0.0660,0.7452,0.3843,0.9452,0.7151,0.6109,0.3541,0.4218,0.0223,0.1342,0.0173,0.0384,0.0271,0.1326,0.0498
1608,H00000,-78.8409,1.4408,0.1000,Colombia,6.2472,2.6105,0.9310,42.7657,0.9690,0.8460,0.9297,0.3746,0.9130,0.9907,0.1444,0.9691,0.1540,0.0700,0.4217,0.1268,0.1644,0.0447,0.0059,0.0367,0.0334,0.0098
1609,H03227,-69.6909,4.4719,0.1000,Colombia,6.1256,3.6347,37.0320,17.3699,0.8529,0.8193,0.8793,0.3544,0.8788,0.6295,0.6526,0.8529,0.1807,0.1204,0.4216,0.1200,0.1582,0.0284,0.0265,0.0323,0.0392,0.0169
1610,H01878,-72.9909,-0.8975,0.1000,Colombia,5.7853,8.2400,22.2649,45.3559,0.5430,0.6058,0.6799,0.2976,0.7252,0.7773,0.0926,0.5429,0.3944,0.3199,0.4213,0.1008,0.1306,0.0350,0.0038,0.0206,0.0856,0.0450
1611,H00797,-75.3909,5.6843,0.1000,Colombia,7.3908,20.1130,22.7633,21.7490,0.1808,0.6990,0.7134,0.5653,0.3293,0.7723,0.5650,0.1806,0.3011,0.2864,0.4210,0.1914,0.0593,0.0348,0.0230,0.0068,0.0654,0.0403
1612,H00913,-75.0909,4.1255,0.1000,Colombia,6.4565,17.1637,37.3939,45.4859,0.4875,0.4299,0.7797,0.4095,0.4276,0.6259,0.0900,0.4874,0.5704,0.2201,0.4207,0.1386,0.0770,0.0282,0.0037,0.0185,0.1238,0.0310
1613,H02139,-72.5409,6.8101,0.1000,Colombia,9.1491,27.3059,58.1367,17.1980,0.7741,0.8331,0.9794,0.8584,0.0894,0.4184,0.6560,0.7741,0.1669,0.0202,0.4206,0.2906,0.0161,0.0189,0.0267,0.0293,0.0362,0.0028
1614,H01274,-74.3409,9.2350,0.1000,Colombia,6.8830,20.7014,15.3365,37.9999,0.5063,0.9972,0.0454,0.4806,0.3097,0.8466,0.2398,0.5062,0.0027,0.9547,0.4205,0.1627,0.0558,0.0382,0.0097,0.0192,0.0006,0.1344
1615,H01910,-72.9909,4.6451,0.1000,Colombia,5.8336,1.0313,40.4911,41.8504,0.5881,0.8956,0.5411,0.3057,0.9656,0.5949,0.1627,0.5880,0.1044,0.4588,0.4203,0.1035,0.1739,0.0268,0.0066,0.0223,0.0227,0.0646
1616,H00177,-77.1909,5.5111,0.1000,Colombia,6.3204,17.8454,97.0668,45.3436,0.4090,0.6713,0.1159,0.3868,0.4049,0.0289,0.0928,0.4089,0.3288,0.8842,0.4202,0.1309,0.0729,0.0013,0.0038,0.0155,0.0714,0.1245
1617,H02337,-72.0909,11.9197,0.1000,Colombia,6.2143,23.7025,89.0995,5.5802,0.1677,0.6078,0.1132,0.3691,0.2096,0.1086,0.8885,0.1675,0.3924,0.8868,0.4201,0.1250,0.0377,0.0049,0.0361,0.0063,0.0852,0.1248
1618,H00397,-76.4409,1.2676,0.1000,Colombia,6.5740,20.9149,44.0435,8.5505,0.6835,0.4363,0.9105,0.4291,0.3025,0.5594,0.8291,0.6834,0.5640,0.0892,0.4195,0.1453,0.0545,0.0252,0.0337,0.0259,0.1224,0.0126
1619,H01267,-74.3409,8.0226,0.1000,Colombia,6.8796,24.0282,55.5617,13.3756,0.7230,0.8013,0.2842,0.4801,0.1987,0.4441,0.7325,0.7230,0.1987,0.7157,0.4194,0.1625,0.0358,0.0200,0.0298,0.0274,0.0431,0.1008
1620,H02643,-71.1909,0.4882,0.1000,Colombia,7.8649,25.0887,20.9865,11.8657,0.3525,0.8046,0.6486,0.6443,0.1633,0.7901,0.7627,0.3524,0.1954,0.3512,0.4193,0.2181,0.0294,0.0356,0.0310,0.0134,0.0424,0.0494
1621,H00543,-76.1409,9.2350,0.1000,Colombia,8.0302,28.7289,32.4438,49.4946,0.0833,0.3771,0.8945,0.6719,0.0419,0.6754,0.0098,0.0831,0.6232,0.1052,0.4191,0.2275,0.0075,0.0305,0.0004,0.0032,0.1353,0.0148
1622,H00721,-75.5409,2.9996,0.1000,Colombia,5.0874,17.9838,6.3263,0.1965,0.1759,0.6919,0.0812,0.1813,0.4003,0.9368,0.9962,0.1757,0.3082,0.9188,0.4191,0.0614,0.0721,0.0422,0.0405,0.0067,0.0669,0.1293
1623,H01845,-73.1409,6.8101,0.1000,Colombia,5.4442,24.0041,74.0780,29.5764,0.5911,0.3390,0.2381,0.2408,0.1995,0.2589,0.4083,0.5910,0.6614,0.7619,0.4189,0.0815,0.0359,0.0117,0.0166,0.0224,0.1436,0.1072
1624,H00311,-76.7409,3.5192,0.1000,Colombia,4.4707,18.1059,6.1217,47.1524,0.8685,0.5245,0.0065,0.0785,0.3962,0.9388,0.0567,0.8685,0.4757,0.9935,0.4185,0.0266,0.0713,0.0423,0.0023,0.0329,0.1032,0.1399
1625,H00355,-76.5909,2.5666,0.1000,Colombia,7.8545,29.2140,67.5130,11.3575,0.4433,0.9407,0.1437,0.6426,0.0258,0.3246,0.7729,0.4432,0.0592,0.8563,0.4184,0.2175,0.0046,0.0146,0.0314,0.0168,0.0129,0.1205
1626,H00773,-75.3909,1.5274,0.1000,Colombia,6.3837,2.9402,92.2572,45.8901,0.4637,0.9823,0.3373,0.3974,0.9020,0.0770,0.0819,0.4636,0.0177,0.6626,0.4184,0.1345,0.1624,0.0035,0.0033,0.0176,0.0038,0.0933
1627,H01947,-72.8409,-1.8501,0.1000,Colombia,4.8847,7.9065,79.7943,39.5787,0.1992,0.3265,0.5423,0.1475,0.7364,0.2017,0.2082,0.1991,0.6739,0.4575,0.4183,0.0499,0.1326,0.0091,0.0085,0.0075,0.1463,0.0644
1628,H01527,-73.7409,3.6925,0.1000,Colombia,5.8437,17.4516,32.7566,18.5002,0.3197,0.5460,0.4871,0.3074,0.4180,0.6723,0.6300,0.3195,0.4542,0.5127,0.4181,0.1041,0.0753,0.0303,0.0256,0.0121,0.0986,0.0722
1629,H02428,-71.7909,3.2594,0.1000,Colombia,5.8838,4.8258,64.1676,30.0654,0.2540,0.4860,0.9498,0.3140,0.8391,0.3580,0.3986,0.2538,0.5143,0.0499,0.4180,0.1063,0.1511,0.0161,0.0162,0.0096,0.1116,0.0070
1630,H03548,-67.8909,3.7791,0.1000,Colombia,5.8145,20.9794,79.4163,31.5377,0.5785,0.5710,0.1326,0.3025,0.3004,0.2055,0.3691,0.5784,0.4292,0.8674,0.4179,0.1024,0.0541,0.0093,0.0150,0.0219,0.0931,0.1221
1631,H00259,-76.8909,2.9130,0.1000,Colombia,4.5831,1.2575,80.7478,36.7062,0.3434,0.3884,0.6647,0.0972,0.9581,0.1921,0.2657,0.3433,0.6119,0.3351,0.4179,0.0329,0.1725,0.0087,0.0108,0.0130,0.1328,0.0472
1632,H02038,-72.6909,1.3542,0.1000,Colombia,5.3519,10.5744,14.6017,24.4281,0.2961,0.7019,0.3629,0.2254,0.6474,0.8540,0.5114,0.2960,0.2982,0.6370,0.4178,0.0763,0.1166,0.0385,0.0208,0.0112,0.0647,0.0897
1633,H03308,-69.2409,2.4800,0.1000,Colombia,6.2174,16.9767,56.2654,8.4760,0.4010,0.5653,0.6373,0.3697,0.4339,0.4371,0.8306,0.4009,0.4349,0.3625,0.4174,0.1252,0.0781,0.0197,0.0338,0.0152,0.0944,0.0510
1634,H00654,-75.6909,0.8346,0.1000,Colombia,6.5900,28.2151,10.4661,49.9668,0.2167,0.5036,0.2608,0.4318,0.0591,0.8953,0.0003,0.2165,0.4967,0.7391,0.4172,0.1462,0.0106,0.0404,0.0000,0.0082,0.1078,0.1040
1635,H00428,-76.4409,6.6369,0.1000,Colombia,6.1055,18.5817,47.6992,5.6881,0.9466,0.4055,0.9626,0.3510,0.3803,0.5228,0.8863,0.9467,0.5949,0.0371,0.4171,0.1188,0.0685,0.0236,0.0360,0.0359,0.1291,0.0052
1636,H01745,-73.2909,2.9130,0.1000,Colombia,6.8881,18.0974,55.4323,44.0733,0.0756,0.4984,0.6742,0.4815,0.3965,0.4454,0.1183,0.0754,0.5019,0.3255,0.4169,0.1630,0.0714,0.0201,0.0048,0.0029,0.1089,0.0458
1637,H03415,-68.6409,3.3460,0.1000,Colombia,7.3971,20.0013,7.4159,21.5808,0.5786,0.6697,0.9514,0.5663,0.3330,0.9259,0.5683,0.5785,0.3304,0.0483,0.4169,0.1917,0.0600,0.0417,0.0231,0.0219,0.0717,0.0068
1638,H02961,-70.2909,-3.1491,0.1000,Colombia,6.0721,27.6011,30.1226,19.7971,0.1787,0.5083,0.1779,0.3454,0.0796,0.6987,0.6040,0.1785,0.4920,0.8221,0.4166,0.1169,0.0143,0.0315,0.0246,0.0068,0.1068,0.1157
1639,H00076,-77.6409,2.6532,0.1000,Colombia,8.6276,15.7421,83.2994,29.7458,0.6115,0.8971,0.9975,0.7715,0.4750,0.1666,0.4050,0.6115,0.1028,0.0022,0.4165,0.2612,0.0855,0.0075,0.0165,0.0232,0.0223,0.0003
1640,H03429,-68.6409,5.7709,0.1000,Colombia,7.5216,27.9794,56.4818,9.6467,0.7689,0.8321,0.3770,0.5871,0.0669,0.4349,0.8071,0.7689,0.1679,0.6229,0.4165,0.1988,0.0120,0.0196,0.0328,0.0291,0.0364,0.0877
1641,H02682,-71.0409,-2.1965,0.1000,Colombia,4.0882,2.4977,9.6952,14.1021,0.5965,0.9114,0.0448,0.0147,0.9167,0.9030,0.7180,0.5964,0.0886,0.9552,0.4162,0.0050,0.1651,0.0407,0.0292,0.0226,0.0192,0.1345
1642,H01133,-74.6409,8.1958,0.1000,Colombia,5.3211,11.7543,45.3371,23.3935,0.6604,0.4220,0.7486,0.2202,0.6080,0.5464,0.5321,0.6604,0.5783,0.2512,0.4162,0.0745,0.1095,0.0246,0.0216,0.0250,0.1255,0.0354
1643,H03532,-68.0409,5.5977,0.1000,Colombia,5.9575,6.5718,70.5035,33.6505,0.0183,0.8146,0.3075,0.3263,0.7809,0.2946,0.3268,0.0181,0.1854,0.6924,0.4160,0.1105,0.1406,0.0133,0.0133,0.0007,0.0402,0.0975
1644,H02239,-72.2409,1.4408,0.1000,Colombia,5.4371,12.2032,36.0142,11.3596,0.0798,0.3593,0.8172,0.2396,0.5931,0.6397,0.7729,0.0796,0.6411,0.1825,0.4160,0.0811,0.1068,0.0288,0.0314,0.0030,0.1391,0.0257
1645,H02418,-71.7909,1.5274,0.1000,Colombia,4.1857,7.0107,58.9834,35.8442,0.2273,0.5955,0.0017,0.0310,0.7662,0.4099,0.2829,0.2271,0.4047,0.9983,0.4154,0.0105,0.1379,0.0185,0.0115,0.0086,0.0878,0.1405
1646,H02180,-72.3909,2.2202,0.1000,Colombia,5.8319,23.8533,15.7379,0.1755,0.6484,0.6155,0.3713,0.3054,0.2045,0.8426,0.9966,0.6484,0.3847,0.6286,0.4153,0.1034,0.0368,0.0380,0.0405,0.0246,0.0835,0.0885
1647,H03013,-70.2909,6.3771,0.1000,Colombia,6.1178,16.6761,31.8175,26.2143,0.3885,0.4659,0.7518,0.3531,0.4439,0.6817,0.4756,0.3883,0.5343,0.2479,0.4151,0.1195,0.0799,0.0307,0.0193,0.0147,0.1160,0.0349
1648,H00353,-76.5909,2.2202,0.1000,Colombia,4.9776,17.6506,12.0159,24.4030,0.2392,0.3749,0.4292,0.1630,0.4114,0.8798,0.5119,0.2390,0.6254,0.5707,0.4149,0.0552,0.0741,0.0397,0.0208,0.0091,0.1357,0.0803
1649,H02931,-70.4409,2.6532,0.1000,Colombia,7.9661,16.7741,61.6111,20.2761,0.8654,0.9471,0.8150,0.6612,0.4406,0.3836,0.5944,0.8654,0.0529,0.1848,0.4149,0.2238,0.0793,0.0173,0.0242,0.0328,0.0115,0.0260
1650,H02622,-71.3409,6.8101,0.1000,Colombia,6.6029,19.5217,5.5736,42.1720,0.1030,0.6633,0.4371,0.4339,0.3490,0.9443,0.1563,0.1028,0.3368,0.5628,0.4149,0.1469,0.0628,0.0426,0.0063,0.0039,0.0731,0.0792
1651,H00569,-75.9909,4.6451,0.1000,Colombia,6.0895,3.9963,26.3473,20.7958,0.3663,0.8314,0.7627,0.3483,0.8668,0.7364,0.5840,0.3662,0.1686,0.2371,0.4148,0.1179,0.1561,0.0332,0.0237,0.0139,0.0366,0.0334
1652,H00747,-75.5409,7.5030,0.1000,Colombia,7.2613,22.9108,75.7469,16.8080,0.7636,0.4439,0.9961,0.5437,0.2360,0.2422,0.6638,0.7636,0.5564,0.0035,0.4146,0.1841,0.0425,0.0109,0.0270,0.0289,0.1208,0.0005
1653,H03230,-69.6909,4.9915,0.1000,Colombia,7.1153,5.8087,50.5058,31.6200,0.2820,0.7997,0.9844,0.5194,0.8063,0.4947,0.3675,0.2818,0.2004,0.0153,0.4146,0.1758,0.1452,0.0223,0.0149,0.0107,0.0435,0.0022
1654,H01513,-73.7409,1.2676,0.1000,Colombia,4.1094,10.2983,5.3933,7.2646,0.5115,0.5720,0.2893,0.0182,0.6566,0.9461,0.8548,0.5114,0.4282,0.7106,0.4141,0.0062,0.1182,0.0427,0.0348,0.0194,0.0929,0.1000
1655,H00988,-74.9409,5.9441,0.1000,Colombia,5.4784,11.1070,29.5109,45.9765,0.4381,0.4479,0.6748,0.2465,0.6296,0.7048,0.0802,0.4380,0.5524,0.3250,0.4141,0.0834,0.1134,0.0318,0.0033,0.0166,0.1199,0.0457
1656,H02658,-71.1909,3.0862,0.1000,Colombia,5.2720,16.4824,18.4041,2.7990,0.5437,0.4491,0.6750,0.2120,0.4504,0.8159,0.9442,0.5437,0.5512,0.3248,0.4140,0.0718,0.0811,0.0368,0.0384,0.0206,0.1196,0.0457
1657,H01338,-74.1909,8.2824,0.1000,Colombia,4.4332,20.2127,44.8161,20.6708,0.1318,0.3680,0.0063,0.0722,0.3260,0.5516,0.5865,0.1316,0.6324,0.9938,0.4140,0.0244,0.0587,0.0249,0.0238,0.0050,0.1373,0.1399
1658,H01563,-73.7409,9.9278,0.1000,Colombia,5.6488,16.1509,71.6632,48.5536,0.4411,0.4055,0.4452,0.2749,0.4614,0.2830,0.0286,0.4410,0.5948,0.5547,0.4139,0.0931,0.0831,0.0128,0.0012,0.0167,0.1291,0.0781
1659,H02670,-71.1909,5.1647,0.1000,Colombia,7.8690,17.0644,2.3111,27.4835,0.7702,0.9826,0.8445,0.6450,0.4309,0.9769,0.4502,0.7702,0.0173,0.1552,0.4131,0.2183,0.0776,0.0440,0.0183,0.0292,0.0037,0.0219
1660,H02731,-71.0409,6.2905,0.1000,Colombia,6.8429,8.2100,57.0690,15.7344,0.7171,0.9079,0.8049,0.4739,0.7262,0.4291,0.6853,0.7171,0.0921,0.1949,0.4130,0.1604,0.1308,0.0193,0.0279,0.0272,0.0200,0.0274
1661,H02824,-70.7409,3.6925,0.1000,Colombia,5.9300,15.8860,52.4934,43.0782,0.3242,0.5037,0.4881,0.3218,0.4702,0.4748,0.1382,0.3240,0.4966,0.5117,0.4127,0.1089,0.0847,0.0214,0.0056,0.0123,0.1078,0.0720
1662,H00784,-75.3909,3.4326,0.1000,Colombia,5.0896,3.8083,67.7074,20.9184,0.1559,0.4289,0.8159,0.1816,0.8730,0.3226,0.5816,0.1557,0.5714,0.1838,0.4126,0.0615,0.1572,0.0145,0.0237,0.0059,0.1240,0.0259
1663,H00336,-76.7409,7.8494,0.1000,Colombia,9.1328,25.0484,91.9871,45.2734,0.2899,0.9672,0.5203,0.8557,0.1647,0.0797,0.0943,0.2898,0.0328,0.4796,0.4124,0.2897,0.0296,0.0036,0.0038,0.0110,0.0071,0.0675
1664,H02298,-72.0909,1.0078,0.1000,Colombia,4.6482,12.5677,98.8876,4.5819,0.5193,0.4387,0.3446,0.1080,0.5809,0.0106,0.9085,0.5192,0.5616,0.6553,0.4124,0.0366,0.1046,0.0005,0.0369,0.0197,0.1219,0.0922
1665,H00333,-76.7409,7.3298,0.1000,Colombia,4.6964,4.8906,72.0616,32.1065,0.6738,0.3459,0.8025,0.1161,0.8369,0.2790,0.3577,0.6738,0.6545,0.1972,0.4124,0.0393,0.1507,0.0126,0.0145,0.0255,0.1421,0.0278
1666,H01108,-74.6409,3.8657,0.1000,Colombia,8.1761,12.5609,46.2619,34.7178,0.1542,0.9987,0.7925,0.6962,0.5811,0.5372,0.3055,0.1540,0.0012,0.2072,0.4122,0.2357,0.1046,0.0242,0.0124,0.0058,0.0003,0.0292
1667,H00440,-76.4409,8.7154,0.1000,Colombia,4.5090,0.4860,76.9772,9.9864,0.1372,0.3753,0.8399,0.0849,0.9838,0.2299,0.8003,0.1370,0.6250,0.1598,0.4121,0.0287,0.1771,0.0104,0.0325,0.0052,0.1356,0.0225
1668,H00660,-75.6909,1.8738,0.1000,Colombia,6.1366,17.4521,15.0495,42.0268,0.5690,0.8890,0.1067,0.3562,0.4180,0.8495,0.1592,0.5690,0.1109,0.8933,0.4120,0.1206,0.0753,0.0383,0.0065,0.0215,0.0241,0.1258
1669,H00709,-75.5409,0.9212,0.1000,Colombia,8.0890,24.2903,47.5359,30.3461,0.7861,0.8863,0.6244,0.6817,0.1900,0.5244,0.3929,0.7861,0.1137,0.3754,0.4119,0.2308,0.0342,0.0236,0.0160,0.0298,0.0247,0.0529
1670,H01663,-73.4409,1.7872,0.1000,Colombia,6.9818,28.1977,49.3847,10.0723,0.3770,0.7112,0.2866,0.4971,0.0597,0.5059,0.7986,0.3769,0.2889,0.7133,0.4117,0.1683,0.0107,0.0228,0.0325,0.0143,0.0627,0.1004
1671,H00320,-76.7409,5.0781,0.1000,Colombia,7.2954,16.3938,94.5674,26.6978,0.8958,0.6033,0.9807,0.5494,0.4533,0.0539,0.4659,0.8959,0.3969,0.0189,0.4117,0.1860,0.0816,0.0024,0.0189,0.0339,0.0861,0.0027
1672,H03111,-69.9909,2.2202,0.1000,Colombia,5.4521,10.1208,56.5645,3.9882,0.9899,0.5082,0.9346,0.2421,0.6625,0.4341,0.9204,0.9900,0.4921,0.0651,0.4117,0.0820,0.1193,0.0196,0.0374,0.0375,0.1068,0.0092
1673,H02198,-72.3909,5.3379,0.1000,Colombia,7.2799,8.4443,43.2396,41.9812,0.2155,0.9973,0.6000,0.5468,0.7184,0.5674,0.1601,0.2153,0.0026,0.3998,0.4115,0.1851,0.1293,0.0256,0.0065,0.0082,0.0006,0.0563
1674,H03534,-68.0409,5.9441,0.1000,Colombia,5.3950,18.5344,79.5287,1.7815,0.7278,0.3976,0.5939,0.2326,0.3819,0.2043,0.9645,0.7278,0.6027,0.4059,0.4114,0.0787,0.0688,0.0092,0.0392,0.0276,0.1308,0.0571
1675,H03193,-69.8409,6.6369,0.1000,Colombia,5.9605,10.0111,32.7377,26.1987,0.8351,0.9729,0.3370,0.3268,0.6662,0.6725,0.4759,0.8351,0.0271,0.6629,0.4111,0.1106,0.1200,0.0303,0.0193,0.0316,0.0059,0.0933
1676,H00209,-77.0409,2.6532,0.1000,Colombia,4.9648,6.2718,12.7408,49.4102,0.3902,0.8567,0.0874,0.1608,0.7909,0.8726,0.0115,0.3901,0.1433,0.9127,0.4110,0.0544,0.1424,0.0393,0.0005,0.0148,0.0311,0.1285
1677,H00887,-75.2409,10.6207,0.1000,Colombia,5.4291,8.6455,24.2183,15.3386,0.5642,0.6497,0.6987,0.2382,0.7117,0.7577,0.6932,0.5642,0.3505,0.3010,0.4109,0.0806,0.1281,0.0342,0.0282,0.0214,0.0761,0.0424
1678,H01224,-74.3409,0.5748,0.1000,Colombia,6.5184,8.2196,94.4985,16.1522,0.7614,0.8394,0.6846,0.4198,0.7259,0.0546,0.6770,0.7614,0.1606,0.3152,0.4109,0.1421,0.1307,0.0025,0.0275,0.0288,0.0349,0.0444
1679,H02301,-72.0909,1.5274,0.1000,Colombia,7.4323,29.5373,93.3413,47.2166,0.9221,0.5817,0.4090,0.5722,0.0150,0.0661,0.0554,0.9222,0.4185,0.5909,0.4106,0.1937,0.0027,0.0030,0.0022,0.0349,0.0908,0.0832
1680,H01347,-74.1909,9.8412,0.1000,Colombia,6.2262,8.7573,17.2820,47.0630,0.8211,0.8764,0.5743,0.3711,0.7080,0.8271,0.0584,0.8211,0.1236,0.4256,0.4106,0.1256,0.1275,0.0373,0.0024,0.0311,0.0268,0.0599
1681,H00593,-75.9909,8.8020,0.1000,Colombia,6.0740,2.5810,72.7579,44.4983,0.8903,0.9752,0.4825,0.3458,0.9140,0.2721,0.1098,0.8903,0.0247,0.5174,0.4103,0.1171,0.1646,0.0123,0.0045,0.0337,0.0054,0.0728
1682,H03387,-68.7909,2.9130,0.1000,Colombia,7.3440,24.9374,87.4297,10.2458,0.3539,0.7662,0.3682,0.5575,0.1684,0.1253,0.7951,0.3538,0.2338,0.6317,0.4101,0.1887,0.0303,0.0056,0.0323,0.0134,0.0507,0.0889
1683,H02861,-70.5909,0.4882,0.1000,Colombia,5.6949,15.5140,16.1417,27.9921,0.0035,0.3595,0.7703,0.2826,0.4827,0.8385,0.4400,0.0033,0.6409,0.2295,0.4098,0.0957,0.0869,0.0378,0.0179,0.0001,0.1391,0.0323
1684,H03021,-70.1409,-3.2358,0.1000,Colombia,6.5966,27.2060,25.2912,39.9375,0.8922,0.7825,0.1213,0.4329,0.0927,0.7470,0.2010,0.8923,0.2175,0.8787,0.4098,0.1466,0.0167,0.0337,0.0082,0.0338,0.0472,0.1237
1685,H00666,-75.6909,2.9130,0.1000,Colombia,5.4757,22.0310,70.6058,29.9119,0.6403,0.3289,0.4381,0.2460,0.2653,0.2936,0.4016,0.6403,0.6715,0.5617,0.4097,0.0833,0.0478,0.0132,0.0163,0.0243,0.1457,0.0791
1686,H02281,-72.0909,-1.9367,0.1000,Colombia,6.1711,27.4453,53.2310,8.5756,0.9051,0.4604,0.5337,0.3619,0.0848,0.4675,0.8286,0.9051,0.5399,0.4661,0.4096,0.1225,0.0153,0.0211,0.0337,0.0343,0.1172,0.0656
1687,H00873,-75.2409,8.1958,0.1000,Colombia,6.4524,23.4064,4.7416,12.6371,0.6992,0.5810,0.7128,0.4088,0.2194,0.9526,0.7473,0.6992,0.4192,0.2870,0.4091,0.1384,0.0395,0.0430,0.0304,0.0265,0.0910,0.0404
1688,H00243,-77.0409,8.5422,0.1000,Colombia,6.2210,12.0962,51.2750,22.5195,0.5737,0.6949,0.6879,0.3703,0.5966,0.4870,0.5495,0.5736,0.3052,0.3119,0.4089,0.1254,0.1074,0.0220,0.0223,0.0217,0.0662,0.0439
1689,H02288,-72.0909,-0.7243,0.1000,Colombia,6.8922,11.2746,52.9436,20.5980,0.7947,0.9897,0.6051,0.4822,0.6240,0.4703,0.5880,0.7947,0.0102,0.3947,0.4086,0.1632,0.1124,0.0212,0.0239,0.0301,0.0022,0.0556
1690,H03222,-69.6909,3.6058,0.1000,Colombia,4.5013,18.5736,83.4970,16.2276,0.7056,0.4143,0.1272,0.0836,0.3806,0.1646,0.6754,0.7056,0.5860,0.8728,0.4085,0.0283,0.0685,0.0074,0.0275,0.0267,0.1272,0.1229
1691,H00494,-76.1409,0.7480,0.1000,Colombia,6.7822,17.3064,90.3051,20.1761,0.5913,0.5070,0.8768,0.4638,0.4229,0.0965,0.5964,0.5913,0.4932,0.1229,0.4085,0.1570,0.0761,0.0043,0.0243,0.0224,0.1070,0.0173
1692,H02273,-72.2409,7.3298,0.1000,Colombia,7.9133,24.0245,92.9021,47.9400,0.6384,0.9468,0.2102,0.6524,0.1988,0.0705,0.0409,0.6383,0.0532,0.7898,0.4084,0.2208,0.0358,0.0032,0.0017,0.0242,0.0115,0.1112
1693,H00340,-76.7409,8.5422,0.1000,Colombia,6.9497,26.0523,36.7170,49.5096,0.9655,0.9096,0.0553,0.4917,0.1312,0.6327,0.0095,0.9655,0.0904,0.9447,0.4082,0.1664,0.0236,0.0285,0.0004,0.0366,0.0196,0.1330
1694,H02966,-70.2909,-1.7635,0.1000,Colombia,8.3623,28.2572,71.7434,0.4621,0.1476,0.5785,0.9902,0.7273,0.0577,0.2822,0.9909,0.1474,0.4217,0.0095,0.4081,0.2462,0.0104,0.0127,0.0403,0.0056,0.0915,0.0013
1695,H01893,-72.9909,1.7006,0.1000,Colombia,5.2242,7.7432,89.5067,46.1588,0.9590,0.6239,0.4377,0.2041,0.7418,0.1045,0.0765,0.9591,0.3763,0.5622,0.4076,0.0691,0.1336,0.0047,0.0031,0.0363,0.0817,0.0791
1696,H01992,-72.8409,5.9441,0.1000,Colombia,7.6614,26.7250,53.2118,20.0298,0.0216,0.6397,0.5978,0.6104,0.1088,0.4676,0.5994,0.0214,0.3605,0.4020,0.4073,0.2066,0.0196,0.0211,0.0244,0.0008,0.0782,0.0566
1697,H00404,-76.4409,2.4800,0.1000,Colombia,5.9203,6.8998,66.7351,42.6107,0.7320,0.5759,0.8620,0.3201,0.7699,0.3323,0.1475,0.7320,0.4243,0.1377,0.4072,0.1084,0.1386,0.0150,0.0060,0.0277,0.0921,0.0194
1698,H00318,-76.7409,4.7317,0.1000,Colombia,4.9386,6.6803,82.9644,38.0903,0.4797,0.4577,0.5664,0.1565,0.7772,0.1700,0.2380,0.4796,0.5425,0.4334,0.4072,0.0530,0.1399,0.0077,0.0097,0.0182,0.1177,0.0610
1699,H03461,-68.3409,2.3068,0.1000,Colombia,4.9372,17.2193,6.8348,7.2935,0.9410,0.5442,0.5286,0.1562,0.4258,0.9317,0.8542,0.9410,0.4560,0.4713,0.4072,0.0529,0.0767,0.0420,0.0347,0.0356,0.0990,0.0664
1700,H02341,-71.9409,-1.8501,0.1000,Colombia,4.4260,9.2675,10.2394,11.7821,0.7000,0.7939,0.1772,0.0710,0.6910,0.8976,0.7644,0.6999,0.2061,0.8228,0.4071,0.0240,0.1244,0.0405,0.0311,0.0265,0.0447,0.1158
1701,H02871,-70.5909,2.2202,0.1000,Colombia,9.6787,28.5151,61.7557,27.8445,0.6103,0.9930,0.8738,0.9467,0.0491,0.3822,0.4430,0.6102,0.0069,0.1260,0.4069,0.3205,0.0088,0.0172,0.0180,0.0231,0.0015,0.0177
1702,H02655,-71.1909,2.5666,0.1000,Colombia,6.4990,10.5002,67.3391,11.2993,0.3984,0.9511,0.4557,0.4166,0.6499,0.3263,0.7741,0.3982,0.0489,0.5442,0.4065,0.1410,0.1170,0.0147,0.0315,0.0151,0.0106,0.0766
1703,H01378,-74.0409,2.8264,0.1000,Colombia,6.1554,19.4539,64.0251,24.2627,0.9414,0.3924,0.8809,0.3593,0.3513,0.3595,0.5147,0.9415,0.6079,0.1188,0.4063,0.1216,0.0633,0.0162,0.0209,0.0357,0.1319,0.0167
1704,H01339,-74.1909,8.4556,0.1000,Colombia,4.1839,13.5105,27.4413,3.6341,0.1222,0.5347,0.1421,0.0306,0.5495,0.7255,0.9274,0.1220,0.4656,0.8578,0.4061,0.0104,0.0989,0.0327,0.0377,0.0046,0.1011,0.1207
1705,H02449,-71.7909,6.8967,0.1000,Colombia,6.0547,7.1501,32.8920,16.1925,0.0379,0.8189,0.6153,0.3425,0.7616,0.6710,0.6762,0.0377,0.1811,0.3845,0.4057,0.1159,0.1371,0.0302,0.0275,0.0014,0.0393,0.0541
1706,H03139,-69.8409,-3.7554,0.1000,Colombia,4.4108,0.0429,60.6317,47.9968,0.7766,0.6105,0.5076,0.0685,0.9986,0.3934,0.0398,0.7766,0.3896,0.4922,0.4056,0.0232,0.1798,0.0177,0.0016,0.0294,0.0846,0.0693
1707,H01642,-73.5909,11.0537,0.1000,Colombia,7.1257,16.4915,67.1512,3.2068,0.5422,0.8245,0.7400,0.5211,0.4501,0.3282,0.9360,0.5421,0.1756,0.2598,0.4055,0.1764,0.0810,0.0148,0.0381,0.0205,0.0381,0.0366
1708,H00334,-76.7409,7.5030,0.1000,Colombia,4.2760,7.0144,50.0305,1.5393,0.2107,0.6180,0.2962,0.0460,0.7661,0.4995,0.9694,0.2105,0.3821,0.7037,0.4054,0.0156,0.1379,0.0225,0.0394,0.0080,0.0829,0.0991
1709,H02068,-72.6909,6.5503,0.1000,Colombia,4.9882,6.3514,94.3428,5.8272,0.1085,0.6880,0.3093,0.1647,0.7882,0.0561,0.8836,0.1083,0.3121,0.6906,0.4052,0.0558,0.1419,0.0025,0.0359,0.0041,0.0677,0.0972
1710,H00379,-76.5909,6.7235,0.1000,Colombia,5.6911,14.7761,21.1208,20.6749,0.3386,0.8711,0.1612,0.2819,0.5073,0.7887,0.5865,0.3384,0.1289,0.8388,0.4050,0.0954,0.0913,0.0356,0.0238,0.0128,0.0280,0.1181
1711,H03293,-69.3909,4.6451,0.1000,Colombia,7.2506,25.5447,43.2271,34.3411,0.4156,0.6745,0.5024,0.5419,0.1481,0.5675,0.3130,0.4154,0.3257,0.4974,0.4049,0.1835,0.0267,0.0256,0.0127,0.0157,0.0707,0.0700
1712,H01211,-74.4909,10.1876,0.1000,Colombia,6.7083,20.7374,20.6837,40.5410,0.6850,0.6351,0.6593,0.4515,0.3085,0.7931,0.1889,0.6850,0.3651,0.3405,0.4049,0.1528,0.0556,0.0358,0.0077,0.0260,0.0792,0.0479
1713,H01021,-74.7909,0.3150,0.1000,Colombia,5.7841,9.8647,97.8506,4.0640,0.2116,0.6613,0.5488,0.2974,0.6711,0.0210,0.9188,0.2114,0.3388,0.4510,0.4048,0.1007,0.1208,0.0009,0.0374,0.0080,0.0735,0.0635
1714,H01569,-73.7409,10.9671,0.1000,Colombia,6.7106,22.5427,47.6620,7.1392,0.8757,0.6895,0.6591,0.4519,0.2483,0.5232,0.8573,0.8757,0.3106,0.3407,0.4047,0.1530,0.0447,0.0236,0.0348,0.0332,0.0674,0.0480
1715,H00775,-75.3909,1.8738,0.1000,Colombia,4.8995,5.5583,36.3726,27.5890,0.4578,0.9755,0.0219,0.1499,0.8147,0.6361,0.4481,0.4577,0.0244,0.9781,0.4046,0.0508,0.1467,0.0287,0.0182,0.0173,0.0053,0.1377
1716,H03536,-67.8909,1.7006,0.1000,Colombia,5.5388,3.1188,58.7562,29.3060,0.7605,0.9153,0.4776,0.2565,0.8960,0.4122,0.4138,0.7605,0.0846,0.5222,0.4042,0.0868,0.1613,0.0186,0.0168,0.0288,0.0184,0.0735
1717,H01056,-74.7909,6.3771,0.1000,Colombia,8.6031,26.3784,44.1274,48.7436,0.0569,0.6380,0.8871,0.7674,0.1203,0.5585,0.0248,0.0567,0.3621,0.1126,0.4042,0.2598,0.0217,0.0252,0.0010,0.0022,0.0786,0.0158
1718,H00864,-75.2409,6.6369,0.1000,Colombia,6.4046,17.2678,53.2304,29.9506,0.2270,0.4475,0.8141,0.4009,0.4242,0.4675,0.4009,0.2269,0.5528,0.1857,0.4042,0.1357,0.0764,0.0211,0.0163,0.0086,0.1200,0.0261
1719,H00064,-77.7909,7.2432,0.1000,Colombia,5.6856,11.7628,16.0713,11.5000,0.4960,0.8959,0.3679,0.2810,0.6078,0.8393,0.7700,0.4959,0.1041,0.6320,0.4040,0.0951,0.1094,0.0378,0.0313,0.0188,0.0226,0.0890
1720,H02557,-71.4909,5.5111,0.1000,Colombia,5.7974,1.6353,21.1158,18.2703,0.0933,0.8445,0.7617,0.2996,0.9455,0.7888,0.6346,0.0930,0.1555,0.2380,0.4038,0.1014,0.1702,0.0356,0.0258,0.0035,0.0338,0.0335
1721,H01909,-72.9909,4.4719,0.1000,Colombia,4.8933,15.8612,61.7354,32.8328,0.0567,0.3396,0.3481,0.1489,0.4711,0.3824,0.3432,0.0565,0.6608,0.6519,0.4037,0.0504,0.0848,0.0172,0.0140,0.0021,0.1434,0.0918
1722,H00827,-75.2409,0.2283,0.1000,Colombia,6.0817,6.7397,23.4484,11.6486,0.8907,0.9219,0.7858,0.3470,0.7753,0.7654,0.7671,0.8907,0.0781,0.2139,0.4036,0.1175,0.1396,0.0345,0.0312,0.0337,0.0169,0.0301
1723,H00326,-76.7409,6.1173,0.1000,Colombia,7.3261,26.9389,18.8632,35.9003,0.7398,0.5714,0.7972,0.5545,0.1016,0.8113,0.2818,0.7398,0.4288,0.2025,0.4036,0.1877,0.0183,0.0366,0.0115,0.0280,0.0931,0.0285
1724,H02671,-71.1909,5.3379,0.1000,Colombia,6.3708,26.0317,37.3007,23.3496,0.2230,0.3118,0.7293,0.3952,0.1319,0.6268,0.5329,0.2228,0.6886,0.2704,0.4034,0.1338,0.0238,0.0283,0.0217,0.0084,0.1494,0.0381
1725,H00893,-75.0909,0.6614,0.1000,Colombia,6.3831,17.5448,65.4941,35.7027,0.9182,0.5364,0.7769,0.3973,0.4149,0.3448,0.2858,0.9182,0.4639,0.2229,0.4032,0.1345,0.0747,0.0155,0.0116,0.0348,0.1007,0.0314
1726,H02981,-70.2909,0.8346,0.1000,Colombia,5.4098,3.5251,33.1214,24.5230,0.6937,0.9601,0.4398,0.2350,0.8825,0.6687,0.5095,0.6937,0.0398,0.5601,0.4031,0.0795,0.1589,0.0301,0.0207,0.0263,0.0086,0.0789
1727,H01626,-73.5909,8.2824,0.1000,Colombia,5.2056,12.6221,21.4272,34.0107,0.5720,0.4666,0.6832,0.2010,0.5791,0.7857,0.3196,0.5719,0.5337,0.3165,0.4028,0.0680,0.1043,0.0354,0.0130,0.0217,0.1158,0.0445
1728,H03089,-69.9909,-2.4563,0.1000,Colombia,5.5186,13.7804,19.0809,30.8146,0.5462,0.6225,0.5382,0.2532,0.5405,0.8091,0.3836,0.5461,0.3777,0.4616,0.4027,0.0857,0.0973,0.0365,0.0156,0.0207,0.0820,0.0650
1729,H02421,-71.7909,2.0470,0.1000,Colombia,4.1401,21.4098,16.1896,1.0720,0.8125,0.4049,0.2490,0.0233,0.2860,0.8381,0.9787,0.8125,0.5954,0.7510,0.4027,0.0079,0.0515,0.0378,0.0398,0.0308,0.1292,0.1057
1730,H02668,-71.1909,4.8183,0.1000,Colombia,8.4316,21.4082,83.0922,36.5271,0.4101,0.9568,0.5909,0.7388,0.2861,0.1687,0.2693,0.4100,0.0431,0.4089,0.4026,0.2501,0.0515,0.0076,0.0109,0.0155,0.0094,0.0576
1731,H02630,-71.1909,-1.7635,0.1000,Colombia,7.7963,18.2015,84.9035,1.3385,0.0896,0.9814,0.5463,0.6329,0.3930,0.1506,0.9734,0.0894,0.0185,0.4535,0.4026,0.2142,0.0708,0.0068,0.0396,0.0034,0.0040,0.0638
1732,H02615,-71.3409,5.5977,0.1000,Colombia,4.6114,17.3569,40.6809,48.7772,0.2367,0.3323,0.2146,0.1019,0.4212,0.5930,0.0241,0.2365,0.6681,0.7853,0.4026,0.0345,0.0758,0.0267,0.0010,0.0090,0.1450,0.1105
1733,H00539,-76.1409,8.5422,0.1000,Colombia,4.7750,7.6344,71.9023,14.1163,0.2511,0.7742,0.1174,0.1292,0.7454,0.2806,0.7177,0.2509,0.2258,0.8826,0.4025,0.0437,0.1342,0.0126,0.0292,0.0095,0.0490,0.1242
1734,H02437,-71.7909,4.8183,0.1000,Colombia,6.0423,16.0707,21.9295,31.0563,0.3621,0.9944,0.0186,0.3405,0.4641,0.7806,0.3787,0.3619,0.0055,0.9814,0.4025,0.1153,0.0836,0.0352,0.0154,0.0137,0.0012,0.1381
1735,H02081,-72.6909,10.8805,0.1000,Colombia,4.3912,13.4391,34.9862,22.0268,0.4506,0.4588,0.3296,0.0652,0.5518,0.6500,0.5594,0.4505,0.5415,0.6703,0.4024,0.0221,0.0993,0.0293,0.0227,0.0171,0.1175,0.0944
1736,H01252,-74.3409,5.4245,0.1000,Colombia,4.7038,4.4552,92.7791,43.6518,0.0994,0.5460,0.3015,0.1173,0.8515,0.0718,0.1267,0.0992,0.4542,0.6984,0.4021,0.0397,0.1533,0.0032,0.0052,0.0038,0.0986,0.0983
1737,H00251,-76.8909,1.5274,0.1000,Colombia,6.3106,12.3952,13.8246,35.0094,0.0526,0.5980,0.8165,0.3852,0.5867,0.8617,0.2996,0.0524,0.4022,0.1833,0.4021,0.1304,0.1056,0.0389,0.0122,0.0020,0.0873,0.0258
1738,H02780,-70.8909,5.5111,0.1000,Colombia,4.2999,8.3367,88.6074,20.3968,0.0789,0.3808,0.3707,0.0500,0.7220,0.1135,0.5920,0.0787,0.6196,0.6292,0.4021,0.0169,0.1300,0.0051,0.0241,0.0030,0.1345,0.0886
1739,H03015,-70.2909,6.7235,0.1000,Colombia,6.0043,12.3605,96.6985,15.4840,0.0219,0.6712,0.4218,0.3341,0.5878,0.0325,0.6903,0.0216,0.3289,0.5781,0.4020,0.1131,0.1058,0.0015,0.0281,0.0008,0.0714,0.0814
1740,H03519,-68.0409,3.3460,0.1000,Colombia,5.2648,14.5933,1.5366,3.7822,0.7996,0.6553,0.6384,0.2108,0.5134,0.9847,0.9245,0.7996,0.3449,0.3614,0.4018,0.0714,0.0924,0.0444,0.0376,0.0303,0.0749,0.0509
1741,H01474,-73.8909,7.0700,0.1000,Colombia,5.9622,3.5763,26.2634,48.5029,0.4063,0.7552,0.7909,0.3271,0.8808,0.7373,0.0296,0.4062,0.2449,0.2088,0.4017,0.1107,0.1586,0.0332,0.0012,0.0154,0.0532,0.0294
1742,H02923,-70.4409,1.2676,0.1000,Colombia,5.0897,13.7983,5.3121,37.9382,0.5010,0.4541,0.6272,0.1817,0.5399,0.9469,0.2410,0.5009,0.5462,0.3726,0.4012,0.0615,0.0972,0.0427,0.0098,0.0190,0.1185,0.0524
1743,H00348,-76.5909,1.3542,0.1000,Colombia,6.2477,17.4976,91.6643,31.0815,0.6720,0.6866,0.3842,0.3747,0.4165,0.0829,0.3782,0.6720,0.3135,0.6157,0.4011,0.1268,0.0750,0.0037,0.0154,0.0255,0.0680,0.0867
1744,H00734,-75.5409,5.2513,0.1000,Colombia,6.1530,18.9438,59.8306,40.5511,0.2485,0.8155,0.0210,0.3589,0.3683,0.4014,0.1887,0.2484,0.1845,0.9791,0.4009,0.1215,0.0663,0.0181,0.0077,0.0094,0.0400,0.1378
1745,H02105,-72.5409,0.9212,0.1000,Colombia,5.9006,3.1398,21.1263,22.2191,0.9084,0.9315,0.8219,0.3168,0.8953,0.7887,0.5556,0.9085,0.0684,0.1779,0.4009,0.1072,0.1612,0.0356,0.0226,0.0344,0.0149,0.0250
1746,H01789,-73.2909,10.5341,0.1000,Colombia,7.1104,10.4416,65.8943,35.9395,0.0459,0.7735,0.7851,0.5185,0.6518,0.3407,0.2810,0.0457,0.2266,0.2146,0.4008,0.1755,0.1174,0.0154,0.0114,0.0017,0.0492,0.0302
1747,H01900,-72.9909,2.9130,0.1000,Colombia,7.3254,23.2763,24.4616,12.4268,0.3612,0.8686,0.5314,0.5544,0.2238,0.7553,0.7515,0.3611,0.1314,0.4685,0.4007,0.1877,0.0403,0.0340,0.0306,0.0137,0.0285,0.0659
1748,H01095,-74.6409,1.6140,0.1000,Colombia,5.0592,12.5691,82.5308,4.5419,0.8047,0.7373,0.2618,0.1766,0.5809,0.1743,0.9093,0.8047,0.2628,0.7381,0.4006,0.0598,0.1046,0.0079,0.0370,0.0305,0.0570,0.1039
1749,H03547,-67.8909,3.6058,0.1000,Colombia,6.9072,18.8766,74.8918,4.3716,0.9307,0.8468,0.6242,0.4847,0.3705,0.2507,0.9127,0.9308,0.1532,0.3756,0.4006,0.1641,0.0667,0.0113,0.0371,0.0353,0.0333,0.0529
1750,H03588,-67.5909,3.4326,0.1000,Colombia,4.7560,3.3783,20.1700,42.9325,0.0308,0.7666,0.2573,0.1260,0.8874,0.7982,0.1411,0.0305,0.2334,0.7427,0.4005,0.0427,0.1598,0.0360,0.0057,0.0012,0.0507,0.1046
1751,H00956,-74.9409,0.4016,0.1000,Colombia,7.1135,20.2468,24.0996,18.1814,0.1515,0.5549,0.9734,0.5191,0.3248,0.7589,0.6364,0.1513,0.4453,0.0263,0.4004,0.1757,0.0585,0.0342,0.0259,0.0057,0.0966,0.0037
1752,H01435,-73.8909,0.3150,0.1000,Colombia,4.1798,5.9267,55.8841,24.3907,0.3977,0.5488,0.3503,0.0300,0.8024,0.4409,0.5121,0.3976,0.4514,0.6496,0.3998,0.0102,0.1445,0.0199,0.0208,0.0151,0.0980,0.0915
1753,H01730,-73.2909,0.3150,0.1000,Colombia,5.8375,16.1262,26.4597,17.2445,0.5594,0.7714,0.4156,0.3063,0.4622,0.7353,0.6551,0.5593,0.2287,0.5842,0.3998,0.1037,0.0832,0.0331,0.0266,0.0212,0.0496,0.0822
1754,H00145,-77.3409,7.6762,0.1000,Colombia,4.2213,3.5967,7.8698,33.0266,0.8529,0.3681,0.9750,0.0369,0.8801,0.9213,0.3393,0.8530,0.6323,0.0247,0.3993,0.0125,0.1585,0.0415,0.0138,0.0323,0.1372,0.0035
1755,H00883,-75.2409,9.9278,0.1000,Colombia,4.6247,7.8400,66.3363,6.3528,0.0034,0.3888,0.6624,0.1041,0.7386,0.3363,0.8730,0.0031,0.6115,0.3374,0.3992,0.0352,0.1330,0.0152,0.0355,0.0001,0.1327,0.0475
1756,H00641,-75.8409,7.8494,0.1000,Colombia,5.9325,29.9325,3.1994,17.1715,0.0577,0.5355,0.1742,0.3222,0.0018,0.9680,0.6566,0.0574,0.4647,0.8258,0.3990,0.1091,0.0003,0.0436,0.0267,0.0022,0.1009,0.1163
1757,H02401,-71.7909,-1.4171,0.1000,Colombia,4.4303,3.9741,69.5354,16.8039,0.3121,0.5860,0.4601,0.0717,0.8675,0.3043,0.6639,0.3119,0.4142,0.5398,0.3989,0.0243,0.1562,0.0137,0.0270,0.0118,0.0899,0.0760
1758,H01625,-73.5909,8.1092,0.1000,Colombia,8.1400,29.3710,12.4345,35.2751,0.8369,0.6849,0.9289,0.6902,0.0205,0.8756,0.2943,0.8370,0.3153,0.0708,0.3989,0.2336,0.0037,0.0395,0.0120,0.0317,0.0684,0.0100
1759,H03226,-69.6909,4.2987,0.1000,Colombia,5.4492,5.0085,25.1788,8.9924,0.1568,0.8145,0.6177,0.2416,0.8330,0.7481,0.8202,0.1566,0.1855,0.3821,0.3988,0.0818,0.1500,0.0337,0.0333,0.0059,0.0403,0.0538
1760,H00635,-75.8409,6.8101,0.1000,Colombia,6.6845,11.3352,97.3145,30.1709,0.4913,0.8248,0.5651,0.4475,0.6220,0.0264,0.3964,0.4912,0.1752,0.4348,0.3986,0.1515,0.1120,0.0012,0.0161,0.0186,0.0380,0.0612
1761,H00583,-75.9909,7.0700,0.1000,Colombia,5.9725,13.2910,43.1508,0.3880,0.6417,0.5988,0.9334,0.3288,0.5568,0.5683,0.9924,0.6416,0.4014,0.0663,0.3983,0.1113,0.1003,0.0256,0.0403,0.0243,0.0871,0.0093
1762,H00006,-78.5409,1.4408,0.1000,Colombia,4.3485,6.6151,61.3170,18.7482,0.3120,0.4678,0.5173,0.0581,0.7794,0.3865,0.6250,0.3118,0.5325,0.4825,0.3981,0.0197,0.1403,0.0174,0.0254,0.0118,0.1156,0.0679
1763,H02640,-71.1909,-0.0315,0.1000,Colombia,5.7883,16.4963,28.6060,49.5754,0.8315,0.7438,0.3153,0.2981,0.4499,0.7138,0.0082,0.8315,0.2563,0.6847,0.3979,0.1009,0.0810,0.0322,0.0003,0.0315,0.0556,0.0964
1764,H01396,-74.0409,5.9441,0.1000,Colombia,6.5853,21.1981,27.7025,2.6486,0.8509,0.9755,0.3588,0.4310,0.2931,0.7229,0.9472,0.8509,0.0244,0.6411,0.3976,0.1459,0.0528,0.0326,0.0385,0.0322,0.0053,0.0902
1765,H02524,-71.4909,-0.2047,0.1000,Colombia,8.8266,24.0548,22.1647,23.8242,0.2946,0.9707,0.8884,0.8047,0.1978,0.7783,0.5234,0.2945,0.0293,0.1113,0.3976,0.2724,0.0356,0.0351,0.0213,0.0112,0.0064,0.0157
1766,H00246,-76.8909,0.6614,0.1000,Colombia,6.5691,18.3549,66.7416,39.7276,0.5437,0.6924,0.4896,0.4283,0.3879,0.3323,0.2052,0.5436,0.3077,0.5102,0.3974,0.1450,0.0698,0.0150,0.0083,0.0206,0.0668,0.0718
1767,H00046,-77.9409,1.7872,0.1000,Colombia,5.8703,15.0383,30.1456,4.5948,0.8853,0.9726,0.3314,0.3118,0.4985,0.6984,0.9082,0.8853,0.0273,0.6685,0.3973,0.1056,0.0897,0.0315,0.0369,0.0335,0.0059,0.0941
1768,H00267,-76.8909,4.2987,0.1000,Colombia,8.2149,28.7435,85.0318,1.5199,0.5203,0.8101,0.6816,0.7027,0.0415,0.1493,0.9697,0.5203,0.1899,0.3182,0.3972,0.2379,0.0075,0.0067,0.0394,0.0197,0.0412,0.0448
1769,H02691,-71.0409,-0.6377,0.1000,Colombia,7.5708,11.2857,86.9906,18.7426,0.4557,0.9314,0.8582,0.5953,0.6237,0.1297,0.6251,0.4556,0.0686,0.1415,0.3971,0.2015,0.1123,0.0059,0.0254,0.0173,0.0149,0.0199
1770,H01217,-74.3409,-0.6377,0.1000,Colombia,8.0830,19.3660,85.8672,28.9350,0.5866,0.8025,0.9005,0.6807,0.3542,0.1409,0.4212,0.5866,0.1975,0.0992,0.3967,0.2304,0.0638,0.0063,0.0171,0.0222,0.0429,0.0140
1771,H00753,-75.5409,8.5422,0.1000,Colombia,6.0094,4.9010,21.9723,10.7536,0.0582,0.8777,0.7384,0.3350,0.8366,0.7802,0.7850,0.0579,0.1223,0.2614,0.3967,0.1134,0.1506,0.0352,0.0319,0.0022,0.0265,0.0368
1772,H00013,-78.3909,1.3542,0.1000,Colombia,5.2740,23.7778,53.1933,40.7033,0.8623,0.3724,0.3632,0.2124,0.2071,0.4678,0.1857,0.8623,0.6279,0.6367,0.3964,0.0719,0.0373,0.0211,0.0076,0.0327,0.1363,0.0896
1773,H02016,-72.8409,11.4867,0.1000,Colombia,6.0841,17.4731,48.9197,47.9922,0.0822,0.7448,0.1455,0.3474,0.4173,0.5106,0.0398,0.0820,0.2553,0.8545,0.3962,0.1176,0.0751,0.0230,0.0016,0.0031,0.0554,0.1203
1774,H01408,-74.0409,8.0226,0.1000,Colombia,7.5121,21.5774,60.6512,26.7537,0.8744,0.9966,0.4545,0.5855,0.2804,0.3932,0.4648,0.8745,0.0033,0.5454,0.3959,0.1982,0.0505,0.0177,0.0189,0.0331,0.0007,0.0768
1775,H02893,-70.5909,6.0307,0.1000,Colombia,7.9279,25.6355,71.8531,8.1821,0.1551,0.6268,0.8968,0.6548,0.1451,0.2811,0.8364,0.1549,0.3734,0.1029,0.3959,0.2217,0.0261,0.0127,0.0340,0.0059,0.0810,0.0145
1776,H00406,-76.4409,2.8264,0.1000,Colombia,6.3352,7.2159,32.6622,35.8934,0.6758,0.9907,0.5915,0.3893,0.7594,0.6733,0.2819,0.6758,0.0092,0.4083,0.3954,0.1318,0.1367,0.0304,0.0115,0.0256,0.0020,0.0575
1777,H01812,-73.1409,1.0944,0.1000,Colombia,5.5903,7.2480,97.6071,0.3922,0.9278,0.7477,0.7323,0.2651,0.7583,0.0234,0.9923,0.9278,0.2524,0.2675,0.3953,0.0897,0.1365,0.0010,0.0403,0.0351,0.0548,0.0377
1778,H00929,-75.0909,6.8967,0.1000,Colombia,5.5473,12.0094,78.3290,49.3398,0.8978,0.7600,0.2661,0.2580,0.5995,0.2163,0.0129,0.8979,0.2400,0.7339,0.3950,0.0873,0.1079,0.0097,0.0005,0.0340,0.0521,0.1033
1779,H00413,-76.4409,4.0389,0.1000,Colombia,7.4406,22.1385,26.2693,44.7899,0.7384,0.7740,0.7218,0.5736,0.2617,0.7372,0.1039,0.7384,0.2261,0.2779,0.3949,0.1942,0.0471,0.0332,0.0042,0.0280,0.0491,0.0391
1780,H03309,-69.2409,2.6532,0.1000,Colombia,6.7854,18.4666,47.9041,37.8301,0.8161,0.5519,0.9518,0.4644,0.3842,0.5207,0.2432,0.8161,0.4483,0.0478,0.3947,0.1572,0.0692,0.0235,0.0099,0.0309,0.0973,0.0067
1781,H03517,-68.0409,2.9996,0.1000,Colombia,6.3136,20.1391,86.7747,32.9798,0.1830,0.6092,0.3361,0.3857,0.3284,0.1318,0.3402,0.1828,0.3909,0.6639,0.3947,0.1306,0.0591,0.0059,0.0138,0.0069,0.0848,0.0935
1782,H03538,-67.8909,2.0470,0.1000,Colombia,8.0440,26.7066,48.2451,7.4568,0.6920,0.8615,0.7681,0.6742,0.1094,0.5173,0.8510,0.6920,0.1385,0.2316,0.3947,0.2282,0.0197,0.0233,0.0346,0.0262,0.0301,0.0326
1783,H01016,-74.9409,10.7939,0.1000,Colombia,5.0835,9.3619,21.6136,0.7415,0.7359,0.7990,0.5572,0.1806,0.6878,0.7838,0.9853,0.7359,0.2011,0.4426,0.3942,0.0611,0.1238,0.0353,0.0401,0.0279,0.0437,0.0623
1784,H03270,-69.5409,5.4245,0.1000,Colombia,5.5196,27.9519,3.7254,16.1734,0.4802,0.6398,0.0880,0.2533,0.0679,0.9628,0.6765,0.4801,0.3603,0.9120,0.3937,0.0858,0.0122,0.0434,0.0275,0.0182,0.0782,0.1284
1785,H02882,-70.5909,4.1255,0.1000,Colombia,5.2425,0.7752,70.4424,40.3830,0.7924,0.9447,0.3977,0.2071,0.9742,0.2952,0.1921,0.7924,0.0552,0.6022,0.3934,0.0701,0.1754,0.0133,0.0078,0.0300,0.0120,0.0848
1786,H03057,-70.1409,3.1728,0.1000,Colombia,4.4619,7.3904,9.8657,30.9298,0.5411,0.4404,0.7628,0.0770,0.7536,0.9013,0.3813,0.5410,0.5599,0.2369,0.3932,0.0261,0.1357,0.0406,0.0155,0.0205,0.1215,0.0333
1787,H02006,-72.8409,8.3690,0.1000,Colombia,6.6984,27.3336,1.8881,20.5389,0.4815,0.5072,0.7769,0.4499,0.0885,0.9812,0.5892,0.4814,0.4930,0.2228,0.3930,0.1523,0.0159,0.0442,0.0239,0.0182,0.1070,0.0314
1788,H02156,-72.3909,-1.9367,0.1000,Colombia,4.8518,21.6316,91.2485,0.8586,0.1819,0.3273,0.3051,0.1420,0.2786,0.0871,0.9830,0.1817,0.6730,0.6948,0.3929,0.0481,0.0502,0.0039,0.0400,0.0069,0.1461,0.0978
1789,H00316,-76.7409,4.3853,0.1000,Colombia,6.4537,5.4355,77.9532,16.2375,0.2651,0.9567,0.6446,0.4091,0.8188,0.2201,0.6752,0.2650,0.0433,0.3552,0.3927,0.1385,0.1474,0.0099,0.0274,0.0100,0.0094,0.0500
1790,H00560,-75.9909,3.0862,0.1000,Colombia,8.2245,29.8671,54.8933,29.5127,0.2724,0.5508,0.9392,0.7043,0.0040,0.4508,0.4096,0.2722,0.4494,0.0605,0.3925,0.2384,0.0007,0.0203,0.0167,0.0103,0.0975,0.0085
1791,H03009,-70.2909,5.6843,0.1000,Colombia,4.3110,24.5508,27.4572,14.2866,0.3671,0.3296,0.1396,0.0518,0.1813,0.7253,0.7143,0.3670,0.6707,0.8604,0.3925,0.0175,0.0326,0.0327,0.0290,0.0139,0.1456,0.1211
1792,H01477,-73.8909,7.5896,0.1000,Colombia,8.5737,25.0249,50.3219,7.0162,0.1726,0.8798,0.8980,0.7625,0.1655,0.4966,0.8598,0.1724,0.1202,0.1017,0.3922,0.2581,0.0298,0.0224,0.0350,0.0065,0.0261,0.0143
1793,H02261,-72.2409,5.2513,0.1000,Colombia,7.6115,26.0103,4.3397,19.3609,0.3742,0.7581,0.7883,0.6021,0.1326,0.9566,0.6128,0.3741,0.2419,0.2114,0.3922,0.2038,0.0239,0.0431,0.0249,0.0142,0.0525,0.0298
1794,H01010,-74.9409,9.7546,0.1000,Colombia,5.3273,20.4762,71.0173,6.0001,0.0547,0.6355,0.0757,0.2213,0.3172,0.2895,0.8801,0.0545,0.3647,0.9243,0.3922,0.0749,0.0571,0.0131,0.0358,0.0021,0.0791,0.1301
1795,H00579,-75.9909,6.3771,0.1000,Colombia,5.5495,18.5752,2.0910,41.5662,0.4148,0.7871,0.1245,0.2583,0.3806,0.9791,0.1684,0.4147,0.2130,0.8755,0.3921,0.0874,0.0685,0.0441,0.0069,0.0157,0.0462,0.1232
1796,H02971,-70.2909,-0.8975,0.1000,Colombia,4.9782,14.1210,17.2100,12.9499,0.9959,0.3865,0.9791,0.1631,0.5291,0.8279,0.7410,0.9960,0.6139,0.0206,0.3918,0.0552,0.0953,0.0373,0.0301,0.0377,0.1332,0.0029
1797,H02719,-71.0409,4.2121,0.1000,Colombia,4.1416,7.2937,44.0148,20.2328,0.8325,0.7209,0.2503,0.0236,0.7568,0.5597,0.5953,0.8325,0.2792,0.7496,0.3913,0.0080,0.1363,0.0252,0.0242,0.0315,0.0606,0.1055
1798,H00604,-75.8409,1.4408,0.1000,Colombia,4.7238,7.5694,15.8286,43.0887,0.1000,0.7978,0.1153,0.1207,0.7476,0.8417,0.1380,0.0998,0.2022,0.8847,0.3912,0.0409,0.1346,0.0379,0.0056,0.0038,0.0439,0.1245
1799,H00415,-76.4409,4.3853,0.1000,Colombia,6.6907,20.1381,68.9143,13.6541,0.6070,0.8823,0.3753,0.4486,0.3284,0.3105,0.7269,0.6070,0.1177,0.6246,0.3910,0.1519,0.0591,0.0140,0.0295,0.0230,0.0255,0.0879
1800,H02548,-71.4909,3.9523,0.1000,Colombia,6.4426,11.1692,39.9109,44.4496,0.9328,0.6937,0.9516,0.4072,0.6275,0.6007,0.1107,0.9329,0.3064,0.0481,0.3910,0.1379,0.1130,0.0271,0.0045,0.0353,0.0665,0.0068
1801,H01247,-74.3409,4.5585,0.1000,Colombia,4.1952,2.0711,65.0092,6.8530,0.0443,0.3956,0.7974,0.0325,0.9310,0.3496,0.8630,0.0441,0.6047,0.2023,0.3909,0.0110,0.1676,0.0158,0.0351,0.0017,0.1312,0.0285
1802,H02313,-72.0909,3.6058,0.1000,Colombia,8.2136,18.4350,46.9060,45.7439,0.7254,0.9200,0.9185,0.7025,0.3852,0.5307,0.0848,0.7254,0.0799,0.0812,0.3908,0.2378,0.0693,0.0239,0.0034,0.0275,0.0173,0.0114
1803,H01454,-73.8909,3.6058,0.1000,Colombia,4.1823,0.3601,33.6922,19.1458,0.8363,0.5519,0.8688,0.0304,0.9880,0.6629,0.6171,0.8363,0.4483,0.1310,0.3906,0.0103,0.1779,0.0299,0.0251,0.0317,0.0973,0.0184
1804,H03554,-67.8909,4.8183,0.1000,Colombia,4.8645,7.2529,72.2433,2.6026,0.2080,0.9126,0.0951,0.1441,0.7582,0.2772,0.9481,0.2079,0.0874,0.9049,0.3906,0.0488,0.1365,0.0125,0.0386,0.0079,0.0190,0.1274
1805,H01832,-73.1409,4.5585,0.1000,Colombia,7.4945,18.6070,77.4883,38.1654,0.8131,0.7066,0.9273,0.5826,0.3795,0.2247,0.2365,0.8131,0.2935,0.0724,0.3900,0.1972,0.0683,0.0101,0.0096,0.0308,0.0637,0.0102
1806,H03304,-69.2409,1.7872,0.1000,Colombia,5.3207,12.3584,59.6857,7.8317,0.1706,0.9233,0.0484,0.2202,0.5879,0.4029,0.8434,0.1704,0.0767,0.9516,0.3899,0.0745,0.1058,0.0182,0.0343,0.0065,0.0167,0.1340
1807,H02716,-71.0409,3.6925,0.1000,Colombia,7.8788,21.5154,33.0887,17.8209,0.4255,0.7822,0.9975,0.6466,0.2825,0.6690,0.6436,0.4254,0.2179,0.0021,0.3898,0.2189,0.0509,0.0302,0.0262,0.0161,0.0473,0.0003
1808,H00621,-75.8409,4.3853,0.1000,Colombia,5.2561,1.7064,69.7990,6.6700,0.4699,0.8619,0.6281,0.2094,0.9431,0.3017,0.8667,0.4698,0.1381,0.3717,0.3896,0.0709,0.1698,0.0136,0.0352,0.0178,0.0300,0.0523
1809,H01694,-73.4409,7.1566,0.1000,Colombia,6.2052,26.8180,15.7501,4.4625,0.5845,0.3653,0.9205,0.3676,0.1057,0.8425,0.9109,0.5844,0.6350,0.0792,0.3896,0.1244,0.0190,0.0380,0.0370,0.0221,0.1378,0.0112
1810,H01887,-72.9909,0.6614,0.1000,Colombia,5.4801,6.9858,98.5992,31.4248,0.0160,0.6895,0.4018,0.2467,0.7671,0.0135,0.3714,0.0158,0.3106,0.5981,0.3895,0.0835,0.1381,0.0006,0.0151,0.0006,0.0674,0.0842
1811,H02855,-70.5909,-0.5511,0.1000,Colombia,7.0357,19.7385,61.2311,47.3001,0.7253,0.6291,0.7954,0.5061,0.3418,0.3874,0.0537,0.7253,0.3710,0.2044,0.3893,0.1713,0.0615,0.0175,0.0022,0.0275,0.0805,0.0288
1812,H01434,-73.8909,0.1417,0.1000,Colombia,4.8379,15.5794,55.4170,19.4582,0.2769,0.7193,0.0120,0.1397,0.4805,0.4456,0.6108,0.2767,0.2808,0.9881,0.3892,0.0473,0.0865,0.0201,0.0248,0.0105,0.0609,0.1391
1813,H03401,-68.7909,5.3379,0.1000,Colombia,4.5695,7.2405,74.2458,2.0122,0.1664,0.3183,0.8900,0.0949,0.7586,0.2572,0.9599,0.1662,0.6821,0.1097,0.3891,0.0321,0.1366,0.0116,0.0390,0.0063,0.1480,0.0154
1814,H02032,-72.6909,0.3150,0.1000,Colombia,6.7836,22.0569,68.7390,33.3153,0.3951,0.8286,0.2574,0.4641,0.2645,0.3123,0.3335,0.3950,0.1715,0.7425,0.3891,0.1571,0.0476,0.0141,0.0136,0.0150,0.0372,0.1045
1815,H01019,-74.7909,-0.0315,0.1000,Colombia,4.2037,4.1190,79.7802,39.4650,0.1831,0.5771,0.2485,0.0339,0.8627,0.2018,0.2105,0.1829,0.4231,0.7514,0.3890,0.0115,0.1553,0.0091,0.0086,0.0069,0.0918,0.1058
1816,H00338,-76.7409,8.1958,0.1000,Colombia,6.8450,4.0638,82.0642,29.1917,0.4064,0.9838,0.7972,0.4743,0.8645,0.1790,0.4160,0.4063,0.0161,0.2026,0.3886,0.1606,0.1557,0.0081,0.0169,0.0154,0.0035,0.0285
1817,H02323,-72.0909,5.3379,0.1000,Colombia,5.8562,7.1699,63.7499,28.0816,0.4984,0.8389,0.5821,0.3095,0.7609,0.3622,0.4383,0.4984,0.1612,0.4177,0.3886,0.1048,0.1370,0.0163,0.0178,0.0189,0.0350,0.0588
1818,H03122,-69.9909,4.1255,0.1000,Colombia,4.3752,0.1149,10.6883,46.5356,0.1056,0.7575,0.3725,0.0625,0.9962,0.8931,0.0690,0.1054,0.2425,0.6274,0.3885,0.0212,0.1794,0.0403,0.0028,0.0040,0.0526,0.0883
1819,H01222,-74.3409,0.2283,0.1000,Colombia,6.5940,12.4055,69.4821,48.8621,0.0036,0.5806,0.7852,0.4325,0.5863,0.3049,0.0224,0.0034,0.4196,0.2146,0.3880,0.1464,0.1056,0.0138,0.0009,0.0001,0.0911,0.0302
1820,H02133,-72.5409,5.7709,0.1000,Colombia,7.1644,29.5680,19.3994,8.4204,0.4367,0.5980,0.7668,0.5275,0.0140,0.8060,0.8317,0.4366,0.4021,0.2329,0.3878,0.1786,0.0025,0.0363,0.0338,0.0165,0.0873,0.0328
1821,H03583,-67.5909,2.2202,0.1000,Colombia,9.1588,27.9733,83.3209,27.3297,0.0611,0.9687,0.6483,0.8600,0.0671,0.1664,0.4533,0.0609,0.0312,0.3515,0.3877,0.2911,0.0121,0.0075,0.0184,0.0023,0.0068,0.0495
1822,H00908,-75.0909,3.2594,0.1000,Colombia,5.5565,17.9084,53.8981,10.7805,0.0040,0.3741,0.7258,0.2595,0.4028,0.4608,0.7844,0.0038,0.6262,0.2739,0.3876,0.0878,0.0725,0.0208,0.0319,0.0001,0.1359,0.0386
1823,H02338,-72.0909,12.0929,0.1000,Colombia,4.7262,18.4887,49.6176,9.3573,0.0456,0.5013,0.2077,0.1210,0.3834,0.5036,0.8129,0.0453,0.4989,0.7923,0.3873,0.0410,0.0690,0.0227,0.0331,0.0017,0.1083,0.1115
1824,H02013,-72.8409,10.9671,0.1000,Colombia,4.8355,16.3943,70.3936,23.4033,0.3780,0.5029,0.2811,0.1393,0.4533,0.2957,0.5319,0.3779,0.4973,0.7189,0.3872,0.0472,0.0816,0.0133,0.0216,0.0143,0.1079,0.1012
1825,H03328,-69.2409,5.9441,0.1000,Colombia,4.8419,1.4089,30.9765,40.8199,0.2424,0.5287,0.8778,0.1404,0.9530,0.6901,0.1834,0.2422,0.4716,0.1219,0.3864,0.0475,0.1716,0.0311,0.0075,0.0092,0.1023,0.0172
1826,H02521,-71.4909,-0.7243,0.1000,Colombia,4.8066,12.3150,10.6482,8.2132,0.3549,0.4044,0.8744,0.1345,0.5893,0.8935,0.8358,0.3548,0.5959,0.1253,0.3863,0.0455,0.1061,0.0403,0.0340,0.0134,0.1293,0.0176
1827,H00344,-76.5909,0.6614,0.1000,Colombia,6.3910,1.1818,0.8355,32.0045,0.0712,0.9628,0.9426,0.3986,0.9606,0.9917,0.3598,0.0709,0.0371,0.0571,0.3860,0.1349,0.1730,0.0447,0.0146,0.0027,0.0080,0.0080
1828,H03410,-68.6409,2.4800,0.1000,Colombia,6.4671,14.8002,57.1870,45.7996,0.0448,0.9368,0.1662,0.4113,0.5065,0.4279,0.0837,0.0446,0.0632,0.8338,0.3859,0.1392,0.0912,0.0193,0.0034,0.0017,0.0137,0.1174
1829,H01529,-73.7409,4.0389,0.1000,Colombia,7.2350,12.1925,49.1876,45.5877,0.5320,0.9983,0.6497,0.5393,0.5934,0.5079,0.0880,0.5319,0.0017,0.3501,0.3857,0.1826,0.1068,0.0229,0.0036,0.0202,0.0004,0.0493
1830,H00850,-75.2409,4.2121,0.1000,Colombia,4.4025,11.8800,31.3782,16.7428,0.9934,0.3537,0.8701,0.0671,0.6038,0.6861,0.6651,0.9935,0.6466,0.1296,0.3856,0.0227,0.1087,0.0309,0.0270,0.0376,0.1403,0.0182
1831,H00254,-76.8909,2.0470,0.1000,Colombia,5.0170,2.1032,40.3647,49.4667,0.5336,0.6789,0.6903,0.1695,0.9299,0.5962,0.0103,0.5335,0.3213,0.3095,0.3856,0.0574,0.1674,0.0269,0.0004,0.0202,0.0697,0.0436
1832,H03591,-67.5909,5.5111,0.1000,Colombia,5.0529,7.5830,5.5218,35.9751,0.8097,0.9422,0.3291,0.1755,0.7471,0.9448,0.2803,0.8097,0.0577,0.6708,0.3855,0.0594,0.1345,0.0426,0.0114,0.0307,0.0125,0.0944
1833,H01137,-74.6409,8.8886,0.1000,Colombia,6.9709,20.2676,78.9865,26.6079,0.8430,0.6427,0.8471,0.4953,0.3241,0.2098,0.4677,0.8430,0.3574,0.1526,0.3855,0.1677,0.0583,0.0095,0.0190,0.0319,0.0776,0.0215
1834,H01358,-74.0409,-0.6377,0.1000,Colombia,5.6610,21.2184,51.3077,38.1343,0.0649,0.4441,0.4006,0.2769,0.2924,0.4867,0.2371,0.0646,0.5562,0.5993,0.3855,0.0937,0.0527,0.0219,0.0096,0.0024,0.1207,0.0844
1835,H00400,-76.4409,1.7872,0.1000,Colombia,4.6187,7.7948,48.8605,38.6652,0.2846,0.5762,0.4167,0.1031,0.7401,0.5112,0.2265,0.2844,0.4240,0.5832,0.3853,0.0349,0.1333,0.0231,0.0092,0.0108,0.0920,0.0821
1836,H00212,-77.0409,3.1728,0.1000,Colombia,7.9118,14.4640,13.4202,46.8572,0.1086,0.9743,0.8602,0.6521,0.5177,0.8658,0.0626,0.1083,0.0256,0.1395,0.3848,0.2208,0.0932,0.0390,0.0026,0.0041,0.0056,0.0196
1837,H00590,-75.9909,8.2824,0.1000,Colombia,4.8330,14.3547,35.4424,25.3892,0.8703,0.5401,0.5598,0.1389,0.5213,0.6454,0.4921,0.8704,0.4601,0.4400,0.3848,0.0470,0.0939,0.0291,0.0200,0.0330,0.0999,0.0619
1838,H00584,-75.9909,7.2432,0.1000,Colombia,7.8004,18.5132,22.9918,23.7646,0.7170,0.9611,0.9316,0.6336,0.3826,0.7700,0.5246,0.7170,0.0388,0.0681,0.3846,0.2145,0.0689,0.0347,0.0213,0.0272,0.0084,0.0096
1839,H00597,-75.8409,0.2283,0.1000,Colombia,5.0339,16.3303,33.5946,11.1949,0.6707,0.4555,0.7222,0.1724,0.4554,0.6639,0.7762,0.6707,0.5448,0.2776,0.3846,0.0584,0.0820,0.0299,0.0316,0.0254,0.1182,0.0391
1840,H00160,-77.1909,2.3934,0.1000,Colombia,6.2067,27.9466,64.9864,47.4328,0.8892,0.7167,0.0450,0.3679,0.0680,0.3498,0.0510,0.8893,0.2834,0.9550,0.3843,0.1245,0.0122,0.0158,0.0021,0.0337,0.0615,0.1344
1841,H00138,-77.3409,6.4637,0.1000,Colombia,6.1818,20.7317,18.9078,17.8444,0.3965,0.5733,0.7491,0.3637,0.3086,0.8109,0.6431,0.3964,0.4269,0.2507,0.3843,0.1231,0.0556,0.0366,0.0261,0.0150,0.0926,0.0353
1842,H02362,-71.9409,1.7872,0.1000,Colombia,5.7702,4.4973,73.8992,42.0168,0.2040,0.8339,0.5087,0.2951,0.8501,0.2607,0.1594,0.2038,0.1661,0.4912,0.3841,0.0999,0.1531,0.0118,0.0065,0.0077,0.0360,0.0692
1843,H03612,-66.9909,1.1810,0.1000,Colombia,6.2473,3.3005,86.8628,5.7162,0.8688,0.9627,0.8997,0.3746,0.8900,0.1309,0.8858,0.8689,0.0373,0.1000,0.3841,0.1268,0.1602,0.0059,0.0360,0.0329,0.0081,0.0141
1844,H02108,-72.5409,1.4408,0.1000,Colombia,5.6614,4.2415,31.0601,14.6165,0.9965,0.9723,0.7723,0.2770,0.8586,0.6893,0.7077,0.9966,0.0276,0.2274,0.3840,0.0938,0.1546,0.0311,0.0288,0.0377,0.0060,0.0320
1845,H03411,-68.6409,2.6532,0.1000,Colombia,4.7805,1.2021,89.4303,14.8925,0.9575,0.6180,0.9009,0.1301,0.9599,0.1053,0.7022,0.9576,0.3822,0.0988,0.3833,0.0440,0.1728,0.0047,0.0285,0.0363,0.0829,0.0139
1846,H00008,-78.5409,1.7872,0.1000,Colombia,7.6067,26.2222,66.1902,39.6796,0.5851,0.9118,0.3465,0.6013,0.1255,0.3378,0.2062,0.5850,0.0882,0.6534,0.3830,0.2036,0.0226,0.0152,0.0084,0.0222,0.0191,0.0920
1847,H00328,-76.7409,6.4637,0.1000,Colombia,6.5176,11.7931,52.8584,34.6733,0.0873,0.5894,0.9601,0.4197,0.6067,0.4712,0.3064,0.0871,0.4107,0.0396,0.3830,0.1421,0.1092,0.0212,0.0125,0.0033,0.0891,0.0056
1848,H00460,-76.2909,3.6058,0.1000,Colombia,4.7052,17.2608,7.2357,2.5566,0.7387,0.5112,0.6301,0.1175,0.4244,0.9277,0.9490,0.7387,0.4891,0.3697,0.3828,0.0398,0.0764,0.0418,0.0386,0.0280,0.1061,0.0520
1849,H00885,-75.2409,10.2742,0.1000,Colombia,5.0713,17.9790,28.0463,35.5073,0.8338,0.6366,0.3218,0.1786,0.4004,0.7194,0.2897,0.8338,0.3635,0.6781,0.3827,0.0605,0.0721,0.0324,0.0118,0.0316,0.0789,0.0955
1850,H01533,-73.7409,4.7317,0.1000,Colombia,5.6357,18.7052,89.8639,26.3650,0.5717,0.6894,0.2204,0.2727,0.3762,0.1009,0.4726,0.5716,0.3107,0.7796,0.3826,0.0923,0.0677,0.0046,0.0192,0.0216,0.0674,0.1098
1851,H02067,-72.6909,6.3771,0.1000,Colombia,5.5517,27.4450,80.1417,49.8073,0.6802,0.4929,0.0436,0.2587,0.0848,0.1982,0.0035,0.6802,0.5074,0.9565,0.3825,0.0876,0.0153,0.0089,0.0001,0.0258,0.1101,0.1346
1852,H02400,-71.7909,-1.5903,0.1000,Colombia,6.0436,22.6043,15.8241,33.7118,0.4461,0.8066,0.2000,0.3407,0.2462,0.8417,0.3256,0.4460,0.1934,0.8000,0.3823,0.1153,0.0443,0.0379,0.0132,0.0169,0.0420,0.1126
1853,H03393,-68.7909,3.9523,0.1000,Colombia,5.9517,7.2373,90.2776,25.4888,0.4633,0.7289,0.7546,0.3254,0.7587,0.0968,0.4901,0.4632,0.2712,0.2451,0.3820,0.1102,0.1366,0.0044,0.0199,0.0175,0.0589,0.0345
1854,H01918,-72.9909,6.0307,0.1000,Colombia,6.3492,23.8503,40.9197,30.6642,0.5293,0.4927,0.7172,0.3916,0.2046,0.5906,0.3866,0.5292,0.5076,0.2826,0.3817,0.1326,0.0368,0.0266,0.0157,0.0200,0.1102,0.0398
1855,H01743,-73.2909,2.5666,0.1000,Colombia,4.0662,25.5995,7.9645,47.3959,0.9754,0.3588,0.0644,0.0110,0.1463,0.9204,0.0518,0.9755,0.6415,0.9356,0.3816,0.0037,0.0263,0.0415,0.0021,0.0369,0.1392,0.1317
1856,H03350,-69.0909,5.3379,0.1000,Colombia,5.2895,3.7939,40.9838,3.4796,0.8792,0.7786,0.9597,0.2150,0.8735,0.5900,0.9305,0.8793,0.2215,0.0399,0.3815,0.0728,0.1573,0.0266,0.0378,0.0333,0.0481,0.0056
1857,H00057,-77.7909,1.7006,0.1000,Colombia,5.1759,21.7379,28.3507,39.4934,0.4714,0.4103,0.4410,0.1960,0.2751,0.7164,0.2099,0.4713,0.5900,0.5589,0.3813,0.0664,0.0495,0.0323,0.0085,0.0179,0.1280,0.0787
1858,H02258,-72.2409,4.7317,0.1000,Colombia,5.9017,24.8982,9.9726,38.7130,0.2977,0.3579,0.6975,0.3170,0.1697,0.9003,0.2255,0.2975,0.6425,0.3023,0.3809,0.1073,0.0306,0.0406,0.0092,0.0113,0.1394,0.0426
1859,H02741,-70.8909,-1.2439,0.1000,Colombia,5.3523,16.2166,97.6080,47.2087,0.7240,0.4790,0.4475,0.2254,0.4592,0.0234,0.0555,0.7240,0.5212,0.5523,0.3806,0.0763,0.0827,0.0010,0.0023,0.0274,0.1131,0.0777
1860,H00491,-76.2909,8.9752,0.1000,Colombia,7.7208,28.9591,93.0833,15.6328,0.1500,0.7496,0.4786,0.6203,0.0343,0.0687,0.6873,0.1498,0.2505,0.5213,0.3806,0.2100,0.0062,0.0031,0.0279,0.0057,0.0544,0.0734
1861,H03082,-69.9909,-3.6688,0.1000,Colombia,5.2158,10.6659,95.3436,1.7995,0.5621,0.7001,0.5156,0.2027,0.6443,0.0461,0.9642,0.5620,0.3000,0.4842,0.3805,0.0686,0.1160,0.0021,0.0392,0.0213,0.0651,0.0682
1862,H00072,-77.6409,1.9604,0.1000,Colombia,4.0331,11.6197,27.4705,24.7586,0.0600,0.3270,0.5262,0.0055,0.6125,0.7252,0.5047,0.0597,0.6734,0.4736,0.3804,0.0019,0.1103,0.0327,0.0205,0.0023,0.1462,0.0667
1863,H03058,-70.1409,3.3460,0.1000,Colombia,4.4535,1.8976,61.9093,41.9075,0.9326,0.6478,0.6419,0.0756,0.9367,0.3806,0.1616,0.9327,0.3524,0.3579,0.3802,0.0256,0.1686,0.0172,0.0066,0.0353,0.0765,0.0504
1864,H02129,-72.5409,5.0781,0.1000,Colombia,6.5649,4.9085,68.6768,49.1132,0.3644,0.8677,0.8055,0.4276,0.8363,0.3129,0.0174,0.3643,0.1323,0.1942,0.3800,0.1447,0.1506,0.0141,0.0007,0.0138,0.0287,0.0273
1865,H03159,-69.8409,0.7480,0.1000,Colombia,5.7543,12.8949,89.3236,39.5208,0.1089,0.7254,0.2813,0.2925,0.5700,0.1063,0.2094,0.1086,0.2747,0.7187,0.3799,0.0990,0.1026,0.0048,0.0085,0.0041,0.0596,0.1012
1866,H02894,-70.5909,6.2039,0.1000,Colombia,4.9096,20.4953,7.2968,43.5585,0.2680,0.5044,0.2415,0.1516,0.3165,0.9270,0.1286,0.2678,0.4959,0.7585,0.3799,0.0513,0.0570,0.0418,0.0052,0.0101,0.1076,0.1068
1867,H00703,-75.6909,9.3216,0.1000,Colombia,4.8065,12.1627,33.7202,27.4102,0.4932,0.8045,0.1634,0.1344,0.5944,0.6627,0.4517,0.4931,0.1955,0.8366,0.3796,0.0455,0.1070,0.0299,0.0184,0.0187,0.0424,0.1178
1868,H02611,-71.3409,4.9049,0.1000,Colombia,4.0229,3.6412,99.1594,0.9616,0.5544,0.5090,0.6294,0.0038,0.8786,0.0079,0.9809,0.5543,0.4912,0.3705,0.3795,0.0013,0.1582,0.0004,0.0399,0.0210,0.1066,0.0522
1869,H03511,-68.0409,1.9604,0.1000,Colombia,4.4021,2.1138,77.7161,49.1629,0.6412,0.6305,0.4726,0.0670,0.9295,0.2225,0.0164,0.6412,0.3696,0.5273,0.3795,0.0227,0.1674,0.0100,0.0007,0.0243,0.0802,0.0742
1870,H01181,-74.4909,4.9915,0.1000,Colombia,6.0512,4.9286,98.0648,37.4558,0.4292,0.8576,0.6094,0.3420,0.8357,0.0189,0.2507,0.4291,0.1424,0.3904,0.3794,0.1158,0.1505,0.0008,0.0102,0.0163,0.0309,0.0550
1871,H01679,-73.4409,4.5585,0.1000,Colombia,8.1697,23.2346,98.6414,0.8085,0.1124,0.9835,0.6120,0.6951,0.2252,0.0131,0.9840,0.1122,0.0164,0.3878,0.3789,0.2353,0.0406,0.0006,0.0400,0.0043,0.0036,0.0546
1872,H01749,-73.2909,3.6058,0.1000,Colombia,4.8227,15.4550,33.2818,3.7661,0.3381,0.4674,0.6513,0.1371,0.4846,0.6671,0.9248,0.3380,0.5329,0.3485,0.3789,0.0464,0.0872,0.0301,0.0376,0.0128,0.1157,0.0491
1873,H03521,-68.0409,3.6925,0.1000,Colombia,6.8146,26.0057,60.6194,49.4628,0.1487,0.8504,0.0073,0.4692,0.1328,0.3935,0.0104,0.1485,0.1496,0.9928,0.3788,0.1588,0.0239,0.0177,0.0004,0.0056,0.0325,0.1398
1874,H00965,-74.9409,1.9604,0.1000,Colombia,6.1340,28.0363,31.6684,48.2743,0.5652,0.7082,0.0793,0.3558,0.0650,0.6832,0.0342,0.5651,0.2919,0.9207,0.3787,0.1205,0.0117,0.0308,0.0014,0.0214,0.0634,0.1296
1875,H03466,-68.3409,3.1728,0.1000,Colombia,6.7310,22.9532,96.7860,19.7575,0.1666,0.4888,0.7252,0.4553,0.2346,0.0317,0.6048,0.1664,0.5115,0.2746,0.3784,0.1541,0.0422,0.0014,0.0246,0.0063,0.1110,0.0387
1876,H02375,-71.9409,4.0389,0.1000,Colombia,5.6523,0.3984,77.3936,21.3451,0.1312,0.8596,0.7268,0.2755,0.9867,0.2257,0.5730,0.1310,0.1404,0.2730,0.3783,0.0933,0.1777,0.0102,0.0233,0.0050,0.0305,0.0384
1877,H01896,-72.9909,2.2202,0.1000,Colombia,7.6959,27.8324,41.5786,29.1361,0.0580,0.8151,0.4953,0.6162,0.0718,0.5840,0.4172,0.0578,0.1849,0.5046,0.3782,0.2086,0.0129,0.0263,0.0170,0.0022,0.0401,0.0710
1878,H00337,-76.7409,8.0226,0.1000,Colombia,8.2219,29.2407,5.5157,39.7790,0.1867,0.9500,0.5288,0.7039,0.0249,0.9449,0.2042,0.1865,0.0500,0.4710,0.3779,0.2383,0.0045,0.0426,0.0083,0.0071,0.0109,0.0663
1879,H02047,-72.6909,2.9130,0.1000,Colombia,8.2470,24.3855,54.1188,8.3684,0.3508,0.9631,0.7956,0.7080,0.1868,0.4586,0.8327,0.3506,0.0369,0.2042,0.3779,0.2397,0.0336,0.0207,0.0338,0.0133,0.0080,0.0288
1880,H01966,-72.8409,1.4408,0.1000,Colombia,5.1069,10.8688,73.8778,29.6243,0.2694,0.7520,0.2315,0.1845,0.6376,0.2609,0.4074,0.2693,0.2480,0.7685,0.3778,0.0625,0.1148,0.0118,0.0166,0.0102,0.0538,0.1082
1881,H01256,-74.3409,6.1173,0.1000,Colombia,5.2031,3.9681,9.1483,13.0988,0.0197,0.8595,0.6339,0.2006,0.8677,0.9085,0.7381,0.0195,0.1405,0.3659,0.3778,0.0679,0.1562,0.0410,0.0300,0.0007,0.0305,0.0515
1882,H02436,-71.7909,4.6451,0.1000,Colombia,6.3131,28.5084,4.7518,3.2333,0.0688,0.6572,0.4302,0.3856,0.0493,0.9525,0.9355,0.0686,0.3429,0.5697,0.3776,0.1305,0.0089,0.0429,0.0380,0.0026,0.0744,0.0802
1883,H00867,-75.2409,7.1566,0.1000,Colombia,5.0916,16.6042,19.1052,34.4782,0.1686,0.4106,0.6302,0.1820,0.4463,0.8089,0.3103,0.1684,0.5897,0.3696,0.3774,0.0616,0.0804,0.0365,0.0126,0.0064,0.1280,0.0520
1884,H01946,-72.8409,-2.0233,0.1000,Colombia,6.6412,29.9302,23.1860,8.7178,0.2387,0.3198,0.9801,0.4403,0.0019,0.7681,0.8257,0.2385,0.6805,0.0196,0.3771,0.1490,0.0003,0.0346,0.0336,0.0090,0.1477,0.0028
1885,H02561,-71.4909,6.2039,0.1000,Colombia,8.2425,16.8478,51.7401,32.4522,0.2977,0.9713,0.9618,0.7073,0.4382,0.4824,0.3508,0.2975,0.0286,0.0378,0.3771,0.2394,0.0789,0.0217,0.0143,0.0113,0.0062,0.0053
1886,H03150,-69.8409,-1.8501,0.1000,Colombia,7.7815,27.1727,78.8582,21.2169,0.0453,0.9538,0.2770,0.6304,0.0938,0.2110,0.5756,0.0451,0.0461,0.7229,0.3767,0.2134,0.0169,0.0095,0.0234,0.0017,0.0100,0.1018
1887,H01000,-74.9409,8.0226,0.1000,Colombia,5.1108,9.5083,20.2994,3.1517,0.1696,0.6445,0.7627,0.1852,0.6829,0.7969,0.9371,0.1694,0.3557,0.2371,0.3767,0.0627,0.1230,0.0359,0.0381,0.0064,0.0772,0.0334
1888,H03217,-69.6909,2.7398,0.1000,Colombia,4.0120,15.3458,67.7082,25.7163,0.0854,0.3299,0.2540,0.0020,0.4883,0.3226,0.4856,0.0852,0.6705,0.7460,0.3766,0.0007,0.0879,0.0145,0.0197,0.0032,0.1455,0.1050
1889,H01168,-74.4909,2.7398,0.1000,Colombia,4.0383,8.7408,85.8373,42.3806,0.8838,0.6292,0.1459,0.0064,0.7085,0.1412,0.1521,0.8838,0.3709,0.8541,0.3765,0.0022,0.1276,0.0064,0.0062,0.0335,0.0805,0.1202
1890,H00465,-76.2909,4.4719,0.1000,Colombia,6.2492,20.7706,67.8123,5.4080,0.2657,0.7799,0.3922,0.3750,0.3073,0.3216,0.8919,0.2655,0.2201,0.6077,0.3764,0.1270,0.0553,0.0145,0.0363,0.0101,0.0478,0.0856
1891,H02358,-71.9409,1.0944,0.1000,Colombia,7.2038,25.5040,35.5622,41.2469,0.5219,0.8454,0.4389,0.5341,0.1495,0.6442,0.1748,0.5218,0.1546,0.5610,0.3762,0.1808,0.0269,0.0290,0.0071,0.0198,0.0336,0.0790
1892,H01066,-74.7909,8.1092,0.1000,Colombia,5.4327,7.4638,61.7695,30.1654,0.7976,0.7165,0.7511,0.2388,0.7511,0.3820,0.3966,0.7976,0.2836,0.2487,0.3762,0.0808,0.1352,0.0172,0.0161,0.0302,0.0616,0.0350
1893,H01866,-73.1409,10.7939,0.1000,Colombia,4.2590,8.8175,28.8937,8.3807,0.1976,0.5754,0.5108,0.0432,0.7060,0.7110,0.8325,0.1974,0.4248,0.4891,0.3762,0.0146,0.1271,0.0321,0.0338,0.0075,0.0922,0.0688
1894,H00448,-76.2909,1.5274,0.1000,Colombia,6.2576,7.5908,7.3563,36.5353,0.0327,0.9555,0.6404,0.3764,0.7469,0.9264,0.2691,0.0324,0.0445,0.3594,0.3761,0.1274,0.1345,0.0418,0.0109,0.0012,0.0097,0.0506
1895,H01690,-73.4409,6.4637,0.1000,Colombia,5.0490,16.0663,52.7071,29.0088,0.9758,0.3715,0.8486,0.1749,0.4642,0.4727,0.4197,0.9759,0.6288,0.1511,0.3759,0.0592,0.0836,0.0213,0.0171,0.0370,0.1365,0.0213
1896,H01704,-73.4409,8.8886,0.1000,Colombia,6.6371,17.3949,60.9445,43.0565,0.4212,0.6227,0.7843,0.4396,0.4199,0.3903,0.1386,0.4211,0.3775,0.2155,0.3759,0.1488,0.0756,0.0176,0.0056,0.0159,0.0819,0.0303
1897,H03470,-68.3409,3.8657,0.1000,Colombia,4.1149,0.5508,18.4368,35.9634,0.7549,0.8464,0.4141,0.0191,0.9817,0.8156,0.2805,0.7549,0.1536,0.5858,0.3758,0.0065,0.1767,0.0368,0.0114,0.0286,0.0333,0.0825
1898,H02709,-71.0409,2.4800,0.1000,Colombia,5.7599,2.4442,74.9217,40.1465,0.2708,0.6889,0.9017,0.2934,0.9185,0.2504,0.1968,0.2707,0.3112,0.0980,0.3756,0.0993,0.1654,0.0113,0.0080,0.0103,0.0675,0.0138
1899,H03332,-69.0909,2.2202,0.1000,Colombia,5.0193,6.8601,9.1012,29.3182,0.3921,0.7333,0.6577,0.1699,0.7713,0.9090,0.4135,0.3920,0.2668,0.3421,0.3751,0.0575,0.1389,0.0410,0.0168,0.0149,0.0579,0.0482
1900,H02063,-72.6909,5.6843,0.1000,Colombia,6.7554,21.3666,56.5074,39.3155,0.5452,0.7743,0.5064,0.4594,0.2875,0.4347,0.2135,0.5451,0.2258,0.4935,0.3747,0.1555,0.0518,0.0196,0.0087,0.0207,0.0490,0.0695
1901,H01675,-73.4409,3.8657,0.1000,Colombia,5.8281,8.4548,62.6784,2.7270,0.4769,0.9636,0.5668,0.3048,0.7181,0.3729,0.9456,0.4768,0.0364,0.4330,0.3746,0.1032,0.1293,0.0168,0.0384,0.0181,0.0079,0.0609
1902,H00839,-75.2409,2.3068,0.1000,Colombia,7.7936,25.9927,57.0665,47.3801,0.3921,0.6943,0.7607,0.6324,0.1332,0.4291,0.0521,0.3920,0.3059,0.2391,0.3744,0.2141,0.0240,0.0193,0.0021,0.0149,0.0664,0.0337
1903,H03579,-67.7409,5.7709,0.1000,Colombia,6.9554,24.3820,59.5927,19.0288,0.6622,0.7584,0.6231,0.4927,0.1869,0.4038,0.6194,0.6622,0.2416,0.3767,0.3744,0.1668,0.0336,0.0182,0.0252,0.0251,0.0524,0.0530
1904,H00434,-76.4409,7.6762,0.1000,Colombia,4.5046,6.0459,35.7513,38.0675,0.0755,0.4108,0.7680,0.0841,0.7984,0.6423,0.2384,0.0753,0.5895,0.2318,0.3743,0.0285,0.1437,0.0290,0.0097,0.0029,0.1279,0.0326
1905,H00768,-75.3909,0.6614,0.1000,Colombia,6.0525,16.9806,90.8438,48.4910,0.8299,0.5637,0.6533,0.3422,0.4337,0.0911,0.0299,0.8299,0.4365,0.3465,0.3742,0.1158,0.0781,0.0041,0.0012,0.0314,0.0947,0.0488
1906,H00409,-76.4409,3.3460,0.1000,Colombia,4.5477,20.1928,2.3884,16.4255,0.4199,0.5373,0.3131,0.0913,0.3266,0.9762,0.6715,0.4198,0.4629,0.6869,0.3741,0.0309,0.0588,0.0440,0.0273,0.0159,0.1005,0.0967
1907,H02975,-70.2909,-0.2047,0.1000,Colombia,4.1512,13.6188,20.5183,8.7756,0.4816,0.5379,0.4358,0.0252,0.5459,0.7948,0.8246,0.4815,0.4623,0.5640,0.3741,0.0085,0.0983,0.0358,0.0335,0.0182,0.1003,0.0794
1908,H02807,-70.7409,0.7480,0.1000,Colombia,4.9700,1.7471,29.1517,0.0709,0.5513,0.7616,0.9691,0.1617,0.9418,0.7084,0.9987,0.5513,0.2384,0.0305,0.3738,0.0547,0.1696,0.0319,0.0406,0.0209,0.0517,0.0043
1909,H01629,-73.5909,8.8020,0.1000,Colombia,6.7022,21.5179,62.2029,34.0757,0.9462,0.9778,0.2928,0.4505,0.2824,0.3777,0.3183,0.9462,0.0221,0.7071,0.3735,0.1525,0.0508,0.0170,0.0129,0.0358,0.0048,0.0995
1910,H02766,-70.8909,3.0862,0.1000,Colombia,7.1780,15.9016,89.7509,44.4296,0.5683,0.8774,0.6276,0.5298,0.4697,0.1021,0.1111,0.5682,0.1225,0.3722,0.3735,0.1794,0.0846,0.0046,0.0045,0.0215,0.0266,0.0524
1911,H00546,-75.9909,0.6614,0.1000,Colombia,4.6813,2.5517,34.1048,8.4896,0.2579,0.6240,0.8901,0.1136,0.9149,0.6588,0.8303,0.2577,0.3761,0.1096,0.3735,0.0385,0.1647,0.0297,0.0338,0.0098,0.0816,0.0154
1912,H02505,-71.6409,6.6369,0.1000,Colombia,4.6556,1.5607,60.4613,45.0595,0.6854,0.8241,0.4323,0.1093,0.9480,0.3951,0.0985,0.6854,0.1759,0.5676,0.3735,0.0370,0.1707,0.0178,0.0040,0.0260,0.0382,0.0799
1913,H02089,-72.5409,-1.8501,0.1000,Colombia,6.2825,27.4587,72.5390,32.8975,0.0914,0.3668,0.5577,0.3805,0.0843,0.2743,0.3419,0.0912,0.6335,0.4421,0.3734,0.1288,0.0152,0.0124,0.0139,0.0034,0.1375,0.0622
1914,H02673,-71.1909,5.6843,0.1000,Colombia,5.1953,28.9977,55.8384,12.8671,0.2435,0.4033,0.2115,0.1993,0.0330,0.4414,0.7427,0.2433,0.5970,0.7885,0.3733,0.0675,0.0059,0.0199,0.0302,0.0092,0.1296,0.1110
1915,H00633,-75.8409,6.4637,0.1000,Colombia,7.1927,17.5363,62.7258,15.7238,0.4001,0.9671,0.6364,0.5323,0.4152,0.3725,0.6855,0.4000,0.0329,0.3634,0.3731,0.1802,0.0748,0.0168,0.0279,0.0152,0.0071,0.0512
1916,H03208,-69.6909,-0.5511,0.1000,Colombia,6.6353,28.9731,45.5946,29.4346,0.5144,0.8458,0.1191,0.4393,0.0338,0.5439,0.4112,0.5144,0.1542,0.8809,0.3730,0.1487,0.0061,0.0245,0.0167,0.0195,0.0335,0.1240
1917,H00436,-76.4409,8.0226,0.1000,Colombia,4.4366,20.6726,64.2802,12.2655,0.5374,0.4620,0.2326,0.0728,0.3106,0.3569,0.7547,0.5373,0.5383,0.7674,0.3726,0.0246,0.0559,0.0161,0.0307,0.0204,0.1168,0.1080
1918,H02183,-72.3909,2.7398,0.1000,Colombia,5.8237,28.9306,11.0394,9.3004,0.4933,0.5736,0.4428,0.3040,0.0352,0.8896,0.8141,0.4932,0.4266,0.5571,0.3721,0.1029,0.0063,0.0401,0.0331,0.0187,0.0926,0.0784
1919,H03202,-69.6909,-1.5903,0.1000,Colombia,5.1632,27.9751,64.1775,9.5850,0.9733,0.5949,0.1444,0.1939,0.0671,0.3579,0.8084,0.9734,0.4053,0.8556,0.3720,0.0656,0.0121,0.0161,0.0329,0.0369,0.0880,0.1204
1920,H02257,-72.2409,4.5585,0.1000,Colombia,6.5826,18.8409,18.6317,10.0435,0.2325,0.7655,0.7836,0.4305,0.3717,0.8136,0.7992,0.2323,0.2346,0.2161,0.3720,0.1457,0.0669,0.0367,0.0325,0.0088,0.0509,0.0304
1921,H02796,-70.7409,-1.1573,0.1000,Colombia,4.4385,10.5669,91.2230,23.7825,0.0231,0.5634,0.2201,0.0731,0.6476,0.0873,0.5243,0.0228,0.4368,0.7799,0.3720,0.0248,0.1166,0.0039,0.0213,0.0009,0.0948,0.1098
1922,H02629,-71.1909,-1.9367,0.1000,Colombia,6.3259,22.7078,15.4942,23.5625,0.9605,0.7569,0.6600,0.3878,0.2427,0.8450,0.5287,0.9605,0.2432,0.3398,0.3716,0.1313,0.0437,0.0381,0.0215,0.0364,0.0528,0.0478
1923,H00821,-75.3909,9.8412,0.1000,Colombia,4.0278,10.4981,17.5672,28.7135,0.8480,0.6451,0.3648,0.0046,0.6499,0.8243,0.4256,0.8481,0.3551,0.6351,0.3716,0.0016,0.1170,0.0372,0.0173,0.0321,0.0771,0.0894
1924,H02644,-71.1909,0.6614,0.1000,Colombia,4.2891,6.4639,59.9099,21.8799,0.0768,0.4676,0.6118,0.0482,0.7845,0.4006,0.5623,0.0766,0.5327,0.3880,0.3716,0.0163,0.1412,0.0181,0.0229,0.0029,0.1156,0.0546
1925,H03247,-69.5409,0.7480,0.1000,Colombia,6.4717,28.7330,5.0019,21.0067,0.0155,0.3586,0.8712,0.4121,0.0418,0.9500,0.5798,0.0153,0.6417,0.1285,0.3714,0.1395,0.0075,0.0428,0.0236,0.0006,0.1393,0.0181
1926,H00731,-75.5409,4.7317,0.1000,Colombia,8.8874,23.9935,31.4933,32.3580,0.0734,0.9858,0.9396,0.8148,0.1999,0.6849,0.3527,0.0732,0.0141,0.0600,0.3713,0.2758,0.0360,0.0309,0.0143,0.0028,0.0031,0.0084
1927,H02132,-72.5409,5.5977,0.1000,Colombia,7.3585,29.3987,41.9249,1.7580,0.6531,0.6710,0.8837,0.5599,0.0196,0.5806,0.9650,0.6531,0.3291,0.1160,0.3710,0.1895,0.0035,0.0262,0.0392,0.0247,0.0714,0.0163
1928,H01695,-73.4409,7.3298,0.1000,Colombia,4.4090,10.0745,59.4332,3.9342,0.4396,0.8798,0.0778,0.0682,0.6641,0.4054,0.9214,0.4395,0.1202,0.9222,0.3710,0.0231,0.1196,0.0183,0.0375,0.0167,0.0261,0.1298
1929,H00862,-75.2409,6.2905,0.1000,Colombia,7.1463,10.7343,58.5863,49.8367,0.0506,0.9041,0.7431,0.5245,0.6421,0.4139,0.0029,0.0504,0.0959,0.2567,0.3708,0.1776,0.1156,0.0187,0.0001,0.0019,0.0208,0.0361
1930,H00664,-75.6909,2.5666,0.1000,Colombia,4.6107,11.7523,49.0614,16.7612,0.1913,0.3879,0.7396,0.1018,0.6081,0.5092,0.6648,0.1911,0.6124,0.2601,0.3707,0.0345,0.1095,0.0230,0.0270,0.0072,0.1329,0.0366
1931,H02000,-72.8409,7.3298,0.1000,Colombia,5.5702,25.1652,47.5942,13.9246,0.0432,0.4933,0.3719,0.2618,0.1608,0.5238,0.7215,0.0430,0.5069,0.6280,0.3706,0.0886,0.0290,0.0236,0.0293,0.0016,0.1100,0.0884
1932,H02419,-71.7909,1.7006,0.1000,Colombia,6.3279,19.1761,20.0616,29.0593,0.2542,0.7227,0.6364,0.3881,0.3605,0.7993,0.4187,0.2541,0.2774,0.3634,0.3703,0.1314,0.0649,0.0360,0.0170,0.0096,0.0602,0.0512
1933,H01555,-73.7409,8.5422,0.1000,Colombia,5.2723,12.7652,47.1756,37.1868,0.5448,0.4156,0.9050,0.2121,0.5743,0.5280,0.2561,0.5447,0.5847,0.0947,0.3703,0.0718,0.1034,0.0238,0.0104,0.0206,0.1269,0.0133
1934,H03321,-69.2409,4.7317,0.1000,Colombia,4.3988,9.5178,40.1899,15.5352,0.5673,0.6304,0.5156,0.0665,0.6826,0.5979,0.6893,0.5673,0.3698,0.4843,0.3703,0.0225,0.1229,0.0270,0.0280,0.0215,0.0803,0.0682
1935,H00973,-74.9409,3.3460,0.1000,Colombia,5.2896,20.1513,37.7252,37.8311,0.7247,0.4088,0.6829,0.2150,0.3280,0.6226,0.2432,0.7247,0.5915,0.3168,0.3702,0.0728,0.0591,0.0281,0.0099,0.0274,0.1284,0.0446
1936,H02446,-71.7909,6.3771,0.1000,Colombia,5.5560,9.9990,94.8053,5.7124,0.3630,0.7701,0.5708,0.2594,0.6666,0.0515,0.8859,0.3629,0.2299,0.4290,0.3702,0.0878,0.1200,0.0023,0.0360,0.0138,0.0499,0.0604
1937,H01809,-73.1409,0.5748,0.1000,Colombia,4.5904,13.3414,21.1717,14.5325,0.3375,0.6038,0.4768,0.0984,0.5551,0.7882,0.7094,0.3373,0.3964,0.5231,0.3701,0.0333,0.0999,0.0355,0.0288,0.0128,0.0860,0.0736
1938,H00096,-77.4909,2.7398,0.1000,Colombia,7.1364,21.4815,21.4565,33.0838,0.4986,0.9247,0.5907,0.5229,0.2836,0.7854,0.3382,0.4985,0.0752,0.4091,0.3700,0.1770,0.0511,0.0354,0.0138,0.0189,0.0163,0.0576
1939,H00231,-77.0409,6.4637,0.1000,Colombia,7.0158,29.1345,36.7278,20.4111,0.1908,0.5041,0.8064,0.5028,0.0284,0.6326,0.5917,0.1906,0.4962,0.1934,0.3700,0.1702,0.0051,0.0285,0.0241,0.0072,0.1077,0.0272
1940,H01262,-74.3409,7.1566,0.1000,Colombia,5.8622,20.8824,46.8652,14.8540,0.7675,0.6387,0.6489,0.3104,0.3036,0.5311,0.7029,0.7675,0.3614,0.3509,0.3692,0.1051,0.0547,0.0239,0.0286,0.0291,0.0784,0.0494
1941,H02177,-72.3909,1.7006,0.1000,Colombia,7.8573,28.9635,53.4801,47.6646,0.0761,0.8241,0.4226,0.6431,0.0341,0.4650,0.0464,0.0759,0.1759,0.5773,0.3690,0.2177,0.0061,0.0210,0.0019,0.0029,0.0382,0.0813
1942,H00282,-76.8909,6.8967,0.1000,Colombia,6.2535,24.9879,2.2569,19.9571,0.8059,0.5039,0.9700,0.3757,0.1667,0.9775,0.6008,0.8059,0.4964,0.0297,0.3681,0.1272,0.0300,0.0441,0.0244,0.0305,0.1077,0.0042
1943,H00105,-77.4909,7.4164,0.1000,Colombia,5.4958,10.3016,23.4058,8.5761,0.1491,0.8772,0.5390,0.2494,0.6565,0.7659,0.8286,0.1489,0.1228,0.4608,0.3680,0.0844,0.1182,0.0345,0.0337,0.0056,0.0267,0.0649
1944,H00936,-75.0909,8.1092,0.1000,Colombia,4.1103,0.6041,5.2269,28.0808,0.3651,0.7213,0.6417,0.0184,0.9799,0.9478,0.4383,0.3649,0.2788,0.3581,0.3680,0.0062,0.1764,0.0427,0.0178,0.0138,0.0605,0.0504
1945,H02296,-72.0909,0.6614,0.1000,Colombia,5.3144,27.7976,89.0824,14.0913,0.4272,0.4162,0.2634,0.2191,0.0730,0.1087,0.7182,0.4271,0.5841,0.7365,0.3680,0.0742,0.0131,0.0049,0.0292,0.0162,0.1268,0.1037
1946,H03342,-69.0909,3.9523,0.1000,Colombia,7.7943,20.3190,29.6800,48.4786,0.2660,0.9971,0.6306,0.6326,0.3224,0.7031,0.0301,0.2658,0.0028,0.3692,0.3678,0.2142,0.0580,0.0317,0.0012,0.0101,0.0006,0.0520
1947,H01243,-74.3409,3.8657,0.1000,Colombia,9.0687,27.5294,17.1102,30.6075,0.0285,0.9805,0.9391,0.8450,0.0819,0.8289,0.3877,0.0283,0.0195,0.0606,0.3678,0.2861,0.0147,0.0374,0.0158,0.0011,0.0042,0.0085
1948,H01597,-73.5909,3.2594,0.1000,Colombia,4.4765,9.7866,32.9006,45.6623,0.9967,0.6642,0.4673,0.0794,0.6737,0.6709,0.0865,0.9968,0.3359,0.5326,0.3676,0.0269,0.1213,0.0302,0.0035,0.0378,0.0729,0.0750
1949,H01173,-74.4909,3.6058,0.1000,Colombia,5.5588,14.7887,53.8384,8.7273,0.6780,0.9533,0.3030,0.2599,0.5068,0.4614,0.8255,0.6780,0.0467,0.6969,0.3675,0.0880,0.0912,0.0208,0.0336,0.0257,0.0101,0.0981
1950,H03031,-70.1409,-1.3305,0.1000,Colombia,6.5100,26.9579,68.0110,25.8025,0.0080,0.6636,0.2915,0.4184,0.1010,0.3196,0.4839,0.0077,0.3365,0.7085,0.3670,0.1416,0.0182,0.0144,0.0197,0.0003,0.0730,0.0997
1951,H01891,-72.9909,1.3542,0.1000,Colombia,6.4090,15.1240,46.7849,11.6525,0.7555,0.7382,0.9937,0.4016,0.4957,0.5319,0.7670,0.7555,0.2619,0.0060,0.3667,0.1359,0.0892,0.0240,0.0312,0.0286,0.0568,0.0008
1952,H02793,-70.7409,-1.6769,0.1000,Colombia,5.5573,15.3627,0.8223,30.6428,0.3348,0.8717,0.3616,0.2596,0.4877,0.9918,0.3870,0.3347,0.1283,0.6383,0.3665,0.0879,0.0878,0.0447,0.0157,0.0127,0.0278,0.0898
1953,H01413,-74.0409,8.8886,0.1000,Colombia,4.3425,21.7825,26.5035,26.6754,0.5349,0.5112,0.1531,0.0571,0.2736,0.7349,0.4664,0.5348,0.4890,0.8469,0.3663,0.0193,0.0493,0.0331,0.0190,0.0203,0.1061,0.1192
1954,H03099,-69.9909,-0.7243,0.1000,Colombia,6.6015,25.7109,87.2466,11.9364,0.9602,0.9891,0.1625,0.4337,0.1426,0.1271,0.7613,0.9603,0.0108,0.8375,0.3658,0.1468,0.0257,0.0057,0.0309,0.0364,0.0023,0.1179
1955,H02259,-72.2409,4.9049,0.1000,Colombia,6.6076,12.4688,36.3324,35.6289,0.4413,0.8013,0.9075,0.4347,0.5842,0.6365,0.2872,0.4412,0.1987,0.0922,0.3655,0.1472,0.1052,0.0287,0.0117,0.0167,0.0431,0.0130
1956,H01670,-73.4409,2.9996,0.1000,Colombia,6.2837,21.2901,36.5084,21.6321,0.7464,0.6964,0.7271,0.3807,0.2900,0.6348,0.5673,0.7464,0.3038,0.2727,0.3654,0.1289,0.0522,0.0286,0.0231,0.0283,0.0659,0.0384
1957,H03398,-68.7909,4.8183,0.1000,Colombia,5.4941,5.7456,20.8327,21.6683,0.4067,0.9649,0.6199,0.2491,0.8084,0.7916,0.5666,0.4066,0.0351,0.3799,0.3651,0.0843,0.1456,0.0357,0.0230,0.0154,0.0076,0.0535
1958,H02624,-71.3409,11.8331,0.1000,Colombia,6.2639,26.8192,86.3029,22.1235,0.5686,0.6267,0.3826,0.3774,0.1056,0.1366,0.5575,0.5685,0.3735,0.6173,0.3651,0.1278,0.0190,0.0062,0.0227,0.0215,0.0811,0.0869
1959,H00600,-75.8409,0.7480,0.1000,Colombia,5.0136,24.6020,20.0469,41.5820,0.0169,0.5058,0.1147,0.1690,0.1796,0.7995,0.1681,0.0166,0.4944,0.8853,0.3650,0.0572,0.0323,0.0360,0.0068,0.0006,0.1073,0.1246
1960,H01613,-73.5909,6.0307,0.1000,Colombia,5.9460,4.5523,87.6292,21.2434,0.8756,0.8356,0.9688,0.3244,0.8482,0.1233,0.5751,0.8756,0.1644,0.0309,0.3647,0.1098,0.1527,0.0056,0.0234,0.0332,0.0357,0.0043
1961,H03518,-68.0409,3.1728,0.1000,Colombia,4.4262,4.8655,45.1076,42.8292,0.4387,0.5540,0.6749,0.0710,0.8378,0.5487,0.1432,0.4386,0.4462,0.3249,0.3646,0.0240,0.1509,0.0247,0.0058,0.0166,0.0968,0.0457
1962,H01244,-74.3409,4.0389,0.1000,Colombia,8.5661,26.6241,87.3254,27.4626,0.2111,0.9962,0.6179,0.7612,0.1121,0.1263,0.4506,0.2109,0.0038,0.3819,0.3645,0.2577,0.0202,0.0057,0.0183,0.0080,0.0008,0.0538
1963,H01742,-73.2909,2.3934,0.1000,Colombia,8.6158,29.3237,27.4979,38.2532,0.2263,0.9303,0.7585,0.7695,0.0221,0.7249,0.2347,0.2261,0.0696,0.2412,0.3643,0.2605,0.0040,0.0327,0.0095,0.0086,0.0151,0.0340
1964,H02851,-70.5909,-1.2439,0.1000,Colombia,5.4424,16.1436,55.6952,47.3434,0.5954,0.4051,0.8174,0.2405,0.4617,0.4428,0.0528,0.5954,0.5952,0.1823,0.3640,0.0814,0.0831,0.0200,0.0022,0.0226,0.1292,0.0257
1965,H02708,-71.0409,2.3068,0.1000,Colombia,4.1053,10.7827,87.4505,10.8222,0.8325,0.7546,0.1465,0.0175,0.6404,0.1251,0.7836,0.8325,0.2455,0.8535,0.3637,0.0059,0.1153,0.0056,0.0319,0.0315,0.0533,0.1202
1966,H03284,-69.3909,3.0862,0.1000,Colombia,6.7979,12.6532,64.6947,13.9994,0.3546,0.8749,0.8874,0.4664,0.5781,0.3528,0.7200,0.3545,0.1250,0.1123,0.3635,0.1579,0.1041,0.0159,0.0293,0.0134,0.0271,0.0158
1967,H00466,-76.2909,4.6451,0.1000,Colombia,5.7143,7.0000,41.4430,25.4438,0.9358,0.9632,0.7232,0.2858,0.7666,0.5854,0.4910,0.9359,0.0368,0.2766,0.3635,0.0968,0.1380,0.0264,0.0200,0.0355,0.0080,0.0389
1968,H03460,-68.3409,2.1336,0.1000,Colombia,5.6517,5.4788,72.5412,32.6783,0.0550,0.8668,0.5345,0.2754,0.8173,0.2742,0.3463,0.0547,0.1332,0.4654,0.3633,0.0932,0.1472,0.0124,0.0141,0.0021,0.0289,0.0655
1969,H03355,-68.9409,1.7872,0.1000,Colombia,4.4618,5.9679,32.1737,23.4113,0.1231,0.9203,0.1561,0.0770,0.8010,0.6781,0.5317,0.1229,0.0797,0.8439,0.3632,0.0261,0.1442,0.0306,0.0216,0.0047,0.0173,0.1188
1970,H00533,-76.1409,7.5030,0.1000,Colombia,7.3326,21.8682,71.3322,11.3900,0.3986,0.9309,0.6312,0.5556,0.2707,0.2863,0.7722,0.3985,0.0691,0.3686,0.3631,0.1881,0.0487,0.0129,0.0314,0.0151,0.0150,0.0519
1971,H01853,-73.1409,8.1958,0.1000,Colombia,9.0791,25.3459,75.4940,46.7953,0.2437,0.9088,0.9583,0.8468,0.1548,0.2447,0.0638,0.2435,0.0911,0.0414,0.3630,0.2867,0.0279,0.0110,0.0026,0.0092,0.0198,0.0058
1972,H02157,-72.3909,-1.7635,0.1000,Colombia,6.0876,7.7146,26.5974,47.3826,0.3239,0.8272,0.8114,0.3480,0.7428,0.7339,0.0520,0.3238,0.1728,0.1883,0.3630,0.1178,0.1337,0.0331,0.0021,0.0123,0.0375,0.0265
1973,H00909,-75.0909,3.4326,0.1000,Colombia,6.2782,24.3048,28.7880,19.9650,0.4016,0.6613,0.6098,0.3798,0.1895,0.7120,0.6007,0.4015,0.3388,0.3900,0.3629,0.1286,0.0341,0.0321,0.0244,0.0152,0.0735,0.0549
1974,H00736,-75.5409,5.5977,0.1000,Colombia,6.3547,17.9569,27.4896,12.5366,0.8181,0.9597,0.6094,0.3925,0.4012,0.7250,0.7493,0.8181,0.0402,0.3904,0.3629,0.1329,0.0722,0.0327,0.0305,0.0310,0.0087,0.0550
1975,H01600,-73.5909,3.7791,0.1000,Colombia,5.1512,18.2463,34.3044,0.3044,0.3626,0.4283,0.8634,0.1919,0.3915,0.6568,0.9941,0.3625,0.5721,0.1363,0.3626,0.0650,0.0705,0.0296,0.0404,0.0137,0.1242,0.0192
1976,H01847,-73.1409,7.1566,0.1000,Colombia,5.1848,2.0411,76.3285,25.7474,0.1493,0.5796,0.9962,0.1975,0.9320,0.2363,0.4850,0.1491,0.4206,0.0035,0.3625,0.0669,0.1678,0.0106,0.0197,0.0056,0.0913,0.0005
1977,H00724,-75.5409,3.5192,0.1000,Colombia,7.4468,6.4900,89.3774,37.7188,0.0106,0.9780,0.9506,0.5746,0.7836,0.1058,0.2454,0.0103,0.0219,0.0491,0.3624,0.1945,0.1411,0.0048,0.0100,0.0004,0.0047,0.0069
1978,H00458,-76.2909,3.2594,0.1000,Colombia,4.3378,18.0945,30.6239,5.8027,0.7361,0.3310,0.7753,0.0563,0.3966,0.6936,0.8840,0.7360,0.6694,0.2244,0.3624,0.0191,0.0714,0.0313,0.0359,0.0279,0.1453,0.0316
1979,H00425,-76.4409,6.1173,0.1000,Colombia,7.2972,25.9830,75.3313,7.4947,0.8897,0.6812,0.9743,0.5497,0.1335,0.2463,0.8502,0.8898,0.3190,0.0253,0.3623,0.1861,0.0240,0.0111,0.0346,0.0337,0.0692,0.0036
1980,H01094,-74.6409,1.4408,0.1000,Colombia,5.3840,19.4624,6.5001,24.2171,0.3489,0.7921,0.2947,0.2307,0.3510,0.9350,0.5156,0.3487,0.2079,0.7052,0.3620,0.0781,0.0632,0.0421,0.0210,0.0132,0.0451,0.0993
1981,H02393,-71.9409,11.6599,0.1000,Colombia,4.8556,18.8050,74.1603,48.7551,0.9548,0.4827,0.3950,0.1426,0.3729,0.2580,0.0246,0.9548,0.5176,0.6048,0.3617,0.0483,0.0671,0.0116,0.0010,0.0362,0.1123,0.0851
1982,H01850,-73.1409,7.6762,0.1000,Colombia,5.7154,15.1778,33.7970,30.7537,0.6287,0.5933,0.8697,0.2860,0.4939,0.6619,0.3848,0.6286,0.4068,0.1300,0.3616,0.0968,0.0889,0.0298,0.0156,0.0238,0.0883,0.0183
1983,H01721,-73.2909,-1.2439,0.1000,Colombia,4.7283,10.0463,82.4094,36.2395,0.9096,0.7490,0.3419,0.1214,0.6650,0.1755,0.2750,0.9096,0.2511,0.6580,0.3615,0.0411,0.1197,0.0079,0.0112,0.0345,0.0545,0.0926
1984,H01782,-73.2909,9.3216,0.1000,Colombia,6.7689,13.7370,8.3898,45.7333,0.3028,0.8425,0.8775,0.4616,0.5419,0.9161,0.0850,0.3026,0.1575,0.1222,0.3614,0.1563,0.0976,0.0413,0.0035,0.0115,0.0342,0.0172
1985,H00728,-75.5409,4.2121,0.1000,Colombia,5.2098,24.7902,15.0311,14.3330,0.2141,0.4223,0.5675,0.2017,0.1733,0.8497,0.7134,0.2139,0.5780,0.4323,0.3612,0.0683,0.0312,0.0383,0.0290,0.0081,0.1255,0.0609
1986,H02378,-71.9409,4.5585,0.1000,Colombia,6.6785,14.9690,20.5368,44.8602,0.0372,0.6758,0.9427,0.4465,0.5008,0.7946,0.1025,0.0370,0.3243,0.0569,0.3611,0.1512,0.0902,0.0358,0.0042,0.0014,0.0704,0.0080
1987,H02967,-70.2909,-1.5903,0.1000,Colombia,7.3724,22.1869,76.2653,15.6253,0.0263,0.9862,0.4218,0.5622,0.2601,0.2370,0.6875,0.0261,0.0137,0.5780,0.3611,0.1903,0.0468,0.0107,0.0279,0.0010,0.0030,0.0814
1988,H00225,-77.0409,5.4245,0.1000,Colombia,5.4639,15.9472,99.8905,13.3833,0.1681,0.6361,0.4391,0.2440,0.4682,0.0006,0.7324,0.1679,0.3640,0.5608,0.3610,0.0826,0.0843,0.0000,0.0298,0.0064,0.0790,0.0789
1989,H01329,-74.1909,6.7235,0.1000,Colombia,6.9892,23.8181,82.8213,33.2188,0.9593,0.7776,0.6511,0.4983,0.2057,0.1714,0.3355,0.9594,0.2225,0.3487,0.3608,0.1687,0.0370,0.0077,0.0136,0.0363,0.0483,0.0491
1990,H00486,-76.2909,8.1092,0.1000,Colombia,4.2727,12.7920,22.3255,7.0143,0.0492,0.6438,0.3407,0.0454,0.5734,0.7767,0.8598,0.0490,0.3563,0.6592,0.3606,0.0154,0.1032,0.0350,0.0350,0.0019,0.0773,0.0928
1991,H00132,-77.3409,5.2513,0.1000,Colombia,4.7192,12.3359,54.0611,36.8328,0.8191,0.7215,0.3536,0.1199,0.5886,0.4591,0.2631,0.8192,0.2786,0.6463,0.3604,0.0406,0.1060,0.0207,0.0107,0.0310,0.0605,0.0910
1992,H02411,-71.7909,0.3150,0.1000,Colombia,4.8433,26.2430,50.1047,4.7415,0.9011,0.3388,0.6213,0.1406,0.1249,0.4987,0.9053,0.9012,0.6615,0.3785,0.3604,0.0476,0.0225,0.0225,0.0368,0.0341,0.1436,0.0533
1993,H02147,-72.5409,8.1958,0.1000,Colombia,6.1468,28.2225,40.9448,3.7472,0.9986,0.6218,0.6854,0.3579,0.0588,0.5904,0.9252,0.9987,0.3783,0.3144,0.3602,0.1212,0.0106,0.0266,0.0376,0.0378,0.0821,0.0443
1994,H01595,-73.5909,2.9130,0.1000,Colombia,7.4703,28.4306,30.1835,41.6425,0.7618,0.8679,0.5805,0.5785,0.0519,0.6981,0.1669,0.7618,0.1321,0.4193,0.3600,0.1958,0.0093,0.0315,0.0068,0.0289,0.0287,0.0590
1995,H00075,-77.6409,2.4800,0.1000,Colombia,8.3740,24.8058,91.3727,35.8399,0.1512,0.7337,0.9782,0.7292,0.1728,0.0858,0.2830,0.1510,0.2664,0.0215,0.3599,0.2469,0.0311,0.0039,0.0115,0.0057,0.0578,0.0030
1996,H02702,-71.0409,1.2676,0.1000,Colombia,4.7533,17.3156,22.7448,27.6470,0.5891,0.4537,0.6633,0.1256,0.4226,0.7725,0.4469,0.5890,0.5466,0.3365,0.3599,0.0425,0.0761,0.0348,0.0182,0.0223,0.1186,0.0474
1997,H02150,-72.5409,11.1403,0.1000,Colombia,6.0112,22.1229,1.1871,47.0117,0.3462,0.4239,0.9001,0.3353,0.2623,0.9882,0.0595,0.3460,0.5764,0.0996,0.3599,0.1135,0.0472,0.0445,0.0024,0.0131,0.1251,0.0140
1998,H02761,-70.8909,2.2202,0.1000,Colombia,4.0470,22.2393,32.5133,18.9077,0.5373,0.3345,0.3645,0.0078,0.2584,0.6747,0.6218,0.5372,0.6659,0.6354,0.3592,0.0026,0.0465,0.0304,0.0253,0.0204,0.1445,0.0895
1999,H03576,-67.7409,5.2513,0.1000,Colombia,5.1710,14.5922,29.1273,26.9170,0.4652,0.6706,0.5674,0.1952,0.5134,0.7086,0.4616,0.4651,0.3295,0.4324,0.3592,0.0661,0.0924,0.0319,0.0188,0.0176,0.0715,0.0609
2000,H02480,-71.6409,2.3068,0.1000,Colombia,5.6546,22.2599,18.8041,2.5288,0.7293,0.7728,0.5222,0.2758,0.2577,0.8119,0.9496,0.7292,0.2273,0.4777,0.3592,0.0934,0.0464,0.0366,0.0386,0.0276,0.0493,0.0673
2001,H01976,-72.8409,3.1728,0.1000,Colombia,5.5558,15.7595,50.1120,27.5516,0.6956,0.7658,0.5169,0.2594,0.4745,0.4987,0.4489,0.6956,0.2343,0.4830,0.3592,0.0878,0.0854,0.0225,0.0182,0.0263,0.0508,0.0680
2002,H02217,-72.2409,-2.3697,0.1000,Colombia,5.6891,24.4817,71.6063,9.7163,0.3416,0.5184,0.5190,0.2816,0.1836,0.2836,0.8057,0.3415,0.4818,0.4809,0.3591,0.0953,0.0331,0.0128,0.0328,0.0129,0.1046,0.0677
2003,H00298,-76.7409,1.2676,0.1000,Colombia,7.7373,29.3506,64.0483,38.5742,0.7237,0.9462,0.4343,0.6231,0.0212,0.3592,0.2283,0.7237,0.0537,0.5656,0.3589,0.2109,0.0038,0.0162,0.0093,0.0274,0.0117,0.0796
2004,H01326,-74.1909,6.2039,0.1000,Colombia,5.0927,13.0108,6.7094,43.9709,0.2505,0.5000,0.7849,0.1822,0.5661,0.9329,0.1203,0.2504,0.5003,0.2149,0.3589,0.0617,0.1019,0.0421,0.0049,0.0095,0.1086,0.0302
2005,H02837,-70.7409,5.9441,0.1000,Colombia,4.2695,12.9103,75.2155,42.1834,0.8176,0.7368,0.0397,0.0449,0.5695,0.2475,0.1561,0.8176,0.2633,0.9603,0.3585,0.0152,0.1025,0.0112,0.0063,0.0310,0.0571,0.1352
2006,H01716,-73.4409,10.9671,0.1000,Colombia,4.3467,9.4937,78.1523,12.4354,0.5754,0.5109,0.6631,0.0578,0.6834,0.2181,0.7513,0.5753,0.4893,0.3367,0.3584,0.0196,0.1231,0.0098,0.0305,0.0218,0.1062,0.0474
2007,H00437,-76.4409,8.1958,0.1000,Colombia,8.9312,24.6982,69.2801,48.2896,0.1601,0.9008,0.9623,0.8221,0.1764,0.3069,0.0339,0.1599,0.0992,0.0374,0.3581,0.2783,0.0318,0.0138,0.0014,0.0061,0.0215,0.0053
2008,H03584,-67.5909,2.3934,0.1000,Colombia,6.4408,28.4192,70.5620,4.4139,0.8446,0.7516,0.4701,0.4069,0.0523,0.2940,0.9118,0.8446,0.2485,0.5297,0.3580,0.1378,0.0094,0.0132,0.0371,0.0320,0.0539,0.0746
2009,H02171,-72.3909,0.6614,0.1000,Colombia,4.4178,8.0889,29.4003,42.3523,0.6061,0.5257,0.7247,0.0696,0.7303,0.7059,0.1527,0.6061,0.4745,0.2751,0.3578,0.0236,0.1315,0.0318,0.0062,0.0230,0.1030,0.0387
2010,H02196,-72.3909,4.9915,0.1000,Colombia,6.7621,29.5853,28.5405,32.0560,0.5652,0.8226,0.3423,0.4605,0.0134,0.7145,0.3587,0.5652,0.1774,0.6576,0.3576,0.1559,0.0024,0.0322,0.0146,0.0214,0.0385,0.0926
2011,H01967,-72.8409,1.6140,0.1000,Colombia,6.1734,24.7917,95.9917,14.8894,0.5987,0.7094,0.3774,0.3623,0.1732,0.0396,0.7022,0.5987,0.2907,0.6225,0.3576,0.1226,0.0312,0.0018,0.0285,0.0227,0.0631,0.0876
2012,H02574,-71.3409,-1.5037,0.1000,Colombia,5.3562,4.3689,55.9883,37.7341,0.4835,0.6956,0.9089,0.2261,0.8543,0.4399,0.2451,0.4834,0.3045,0.0908,0.3573,0.0765,0.1538,0.0198,0.0100,0.0183,0.0661,0.0128
2013,H02092,-72.5409,-1.3305,0.1000,Colombia,5.2226,3.1043,61.6224,2.8307,0.1555,0.8071,0.8359,0.2038,0.8965,0.3835,0.9435,0.1553,0.1929,0.1638,0.3569,0.0690,0.1614,0.0173,0.0384,0.0059,0.0419,0.0231
2014,H00537,-76.1409,8.1958,0.1000,Colombia,5.4841,21.3641,37.8025,30.2536,0.0512,0.6046,0.3648,0.2474,0.2876,0.6218,0.3948,0.0510,0.3956,0.6351,0.3568,0.0838,0.0518,0.0280,0.0160,0.0019,0.0859,0.0894
2015,H02094,-72.5409,-0.9841,0.1000,Colombia,5.7228,27.2096,18.2335,14.2649,0.9468,0.8467,0.2341,0.2872,0.0926,0.8176,0.7147,0.9468,0.1533,0.7659,0.3568,0.0972,0.0167,0.0369,0.0291,0.0359,0.0333,0.1078
2016,H03348,-69.0909,4.9915,0.1000,Colombia,5.8830,19.2633,12.7372,40.6672,0.2844,0.6074,0.6934,0.3139,0.3576,0.8726,0.1864,0.2843,0.3928,0.3064,0.3567,0.1063,0.0644,0.0393,0.0076,0.0108,0.0853,0.0431
2017,H00122,-77.3409,2.9996,0.1000,Colombia,5.9080,22.5353,49.6295,28.8455,0.4625,0.7578,0.3327,0.3181,0.2485,0.5035,0.4230,0.4624,0.2423,0.6672,0.3563,0.1077,0.0447,0.0227,0.0172,0.0175,0.0526,0.0939
2018,H01798,-73.1409,-1.3305,0.1000,Colombia,4.4275,1.5497,99.6991,49.5963,0.0202,0.4340,0.7363,0.0713,0.9483,0.0025,0.0078,0.0200,0.5663,0.2634,0.3561,0.0241,0.1707,0.0001,0.0003,0.0008,0.1229,0.0371
2019,H02241,-72.2409,1.7872,0.1000,Colombia,4.2080,4.3163,68.9896,17.1468,0.0555,0.7817,0.2923,0.0347,0.8561,0.3098,0.6571,0.0553,0.2184,0.7076,0.3557,0.0118,0.1541,0.0140,0.0267,0.0021,0.0474,0.0996
2020,H02811,-70.7409,1.4408,0.1000,Colombia,7.8437,28.4270,14.0770,18.0739,0.8564,0.9222,0.8927,0.6408,0.0520,0.8592,0.6385,0.8564,0.0778,0.1070,0.3554,0.2169,0.0094,0.0387,0.0260,0.0324,0.0169,0.0151
2021,H02771,-70.8909,3.9523,0.1000,Colombia,5.6482,16.7176,33.2912,5.4930,0.6117,0.8111,0.6288,0.2748,0.4425,0.6670,0.8902,0.6117,0.1889,0.3710,0.3554,0.0930,0.0797,0.0301,0.0362,0.0232,0.0410,0.0522
2022,H02763,-70.8909,2.5666,0.1000,Colombia,6.6860,29.0359,81.8738,11.4209,0.5964,0.7605,0.4041,0.4478,0.0317,0.1809,0.7716,0.5963,0.2396,0.5958,0.3553,0.1516,0.0057,0.0082,0.0314,0.0226,0.0520,0.0839
2023,H02830,-70.7409,4.7317,0.1000,Colombia,6.8853,16.1758,25.8158,27.9258,0.4468,0.9356,0.8063,0.4810,0.4606,0.7418,0.4414,0.4467,0.0644,0.1934,0.3553,0.1628,0.0829,0.0334,0.0180,0.0169,0.0140,0.0272
2024,H01797,-73.1409,-1.5037,0.1000,Colombia,4.4325,22.0942,11.4533,38.1999,0.0875,0.3556,0.3569,0.0721,0.2632,0.8855,0.2358,0.0872,0.6447,0.6430,0.3550,0.0244,0.0474,0.0399,0.0096,0.0033,0.1399,0.0905
2025,H00672,-75.6909,3.9523,0.1000,Colombia,4.4814,17.3094,26.9120,7.0530,0.9111,0.3642,0.9206,0.0802,0.4228,0.7308,0.8590,0.9112,0.6361,0.0791,0.3549,0.0272,0.0761,0.0330,0.0349,0.0345,0.1381,0.0111
2026,H03296,-69.3909,5.1647,0.1000,Colombia,7.8899,29.3356,58.2554,35.2594,0.7249,0.8401,0.7277,0.6485,0.0217,0.4172,0.2946,0.7249,0.1599,0.2720,0.3547,0.2195,0.0039,0.0188,0.0120,0.0275,0.0347,0.0383
2027,H02740,-70.8909,-1.4171,0.1000,Colombia,6.1941,29.0526,6.6628,1.0694,0.5666,0.6897,0.6151,0.3658,0.0312,0.9334,0.9788,0.5665,0.3104,0.3847,0.3543,0.1238,0.0056,0.0421,0.0398,0.0215,0.0674,0.0541
2028,H03228,-69.6909,4.6451,0.1000,Colombia,4.6321,2.5623,2.0236,46.5679,0.7025,0.7983,0.7403,0.1054,0.9146,0.9798,0.0683,0.7025,0.2017,0.2594,0.3542,0.0357,0.1647,0.0442,0.0028,0.0266,0.0438,0.0365
2029,H01096,-74.6409,1.7872,0.1000,Colombia,5.3229,13.7409,12.5941,6.4469,0.9187,0.9020,0.6377,0.2205,0.5418,0.8740,0.8712,0.9188,0.0980,0.3621,0.3541,0.0746,0.0975,0.0394,0.0354,0.0348,0.0213,0.0510
2030,H01025,-74.7909,1.0078,0.1000,Colombia,6.8453,28.3725,85.9854,49.3457,0.8151,0.9240,0.0799,0.4743,0.0538,0.1397,0.0128,0.8151,0.0760,0.9201,0.3540,0.1606,0.0097,0.0063,0.0005,0.0309,0.0165,0.1295
2031,H01973,-72.8409,2.6532,0.1000,Colombia,7.1085,27.8567,47.6338,21.3483,0.2599,0.5161,0.9722,0.5182,0.0710,0.5235,0.5730,0.2597,0.4842,0.0275,0.3539,0.1754,0.0128,0.0236,0.0233,0.0098,0.1051,0.0039
2032,H01473,-73.8909,6.8967,0.1000,Colombia,6.4248,17.3042,23.7254,0.4152,0.0255,0.8856,0.7153,0.4042,0.4229,0.7627,0.9918,0.0253,0.1144,0.2844,0.3535,0.1368,0.0761,0.0344,0.0403,0.0010,0.0248,0.0400
2033,H00596,-75.9909,9.3216,0.1000,Colombia,8.0053,17.5676,94.4095,27.2504,0.1400,0.9913,0.8243,0.6677,0.4142,0.0554,0.4549,0.1398,0.0086,0.1754,0.3535,0.2260,0.0746,0.0025,0.0185,0.0053,0.0019,0.0247
2034,H00309,-76.7409,3.1728,0.1000,Colombia,5.6250,29.7100,39.3682,41.6020,0.0653,0.3784,0.3747,0.2709,0.0092,0.6062,0.1677,0.0650,0.6220,0.6252,0.3530,0.0917,0.0017,0.0273,0.0068,0.0025,0.1350,0.0880
2035,H03142,-69.8409,-3.2358,0.1000,Colombia,7.5067,17.1695,50.3228,14.1923,0.1242,0.9842,0.8704,0.5846,0.4274,0.4965,0.7162,0.1239,0.0157,0.1294,0.3527,0.1979,0.0770,0.0224,0.0291,0.0047,0.0034,0.0182
2036,H01318,-74.1909,4.8183,0.1000,Colombia,4.4898,13.3456,38.8121,11.5588,0.0332,0.6103,0.4291,0.0816,0.5550,0.6117,0.7689,0.0330,0.3899,0.5708,0.3526,0.0276,0.0999,0.0276,0.0313,0.0013,0.0846,0.0804
2037,H01820,-73.1409,2.4800,0.1000,Colombia,5.2341,22.1874,81.9107,17.3289,0.2917,0.7447,0.0444,0.2057,0.2601,0.1805,0.6534,0.2915,0.2554,0.9556,0.3522,0.0696,0.0468,0.0081,0.0266,0.0110,0.0554,0.1345
2038,H00090,-77.4909,1.7006,0.1000,Colombia,4.7176,26.5457,24.6000,9.6021,0.3077,0.4397,0.3547,0.1196,0.1148,0.7539,0.8080,0.3076,0.5606,0.6452,0.3521,0.0405,0.0207,0.0340,0.0328,0.0117,0.1217,0.0908
2039,H03344,-69.0909,4.2987,0.1000,Colombia,6.8435,28.6794,90.5952,31.3662,0.9575,0.5428,0.7956,0.4740,0.0436,0.0936,0.3725,0.9576,0.4574,0.2041,0.3520,0.1605,0.0078,0.0042,0.0151,0.0363,0.0993,0.0287
2040,H01778,-73.2909,8.6288,0.1000,Colombia,5.5280,17.4932,49.8130,10.0852,0.4523,0.5299,0.8844,0.2547,0.4166,0.5017,0.7984,0.4522,0.4704,0.1153,0.3518,0.0862,0.0750,0.0226,0.0325,0.0171,0.1021,0.0162
2041,H00587,-75.9909,7.7628,0.1000,Colombia,4.7733,3.7665,94.0537,48.9710,0.4454,0.4014,0.9971,0.1289,0.8744,0.0590,0.0203,0.4453,0.5989,0.0025,0.3518,0.0436,0.1574,0.0027,0.0008,0.0169,0.1300,0.0003
2042,H01264,-74.3409,7.5030,0.1000,Colombia,4.0697,24.7199,18.5832,9.2977,0.9221,0.4843,0.2940,0.0116,0.1756,0.8141,0.8141,0.9222,0.5160,0.7060,0.3517,0.0039,0.0316,0.0367,0.0331,0.0349,0.1120,0.0994
2043,H02127,-72.5409,4.7317,0.1000,Colombia,4.9957,24.9717,16.2652,40.7504,0.2709,0.4875,0.3002,0.1660,0.1672,0.8373,0.1848,0.2707,0.5127,0.6997,0.3516,0.0562,0.0301,0.0377,0.0075,0.0103,0.1113,0.0985
2044,H02223,-72.2409,-1.3305,0.1000,Colombia,5.4514,18.1291,18.8930,45.7348,0.8850,0.8546,0.3385,0.2420,0.3954,0.8110,0.0850,0.8850,0.1454,0.6614,0.3513,0.0819,0.0712,0.0366,0.0035,0.0335,0.0316,0.0931
2045,H00900,-75.0909,1.8738,0.1000,Colombia,5.2473,12.2210,77.8372,8.2327,0.8871,0.8812,0.4970,0.2079,0.5925,0.2213,0.8354,0.8872,0.1188,0.5029,0.3512,0.0704,0.1067,0.0100,0.0340,0.0336,0.0258,0.0708
2046,H00674,-75.6909,4.2987,0.1000,Colombia,6.4624,24.0904,4.4146,42.7283,0.7707,0.7573,0.6745,0.4105,0.1966,0.9559,0.1452,0.7707,0.2427,0.3253,0.3510,0.1390,0.0354,0.0431,0.0059,0.0292,0.0527,0.0458
2047,H00476,-76.2909,6.3771,0.1000,Colombia,4.4428,10.2396,55.4181,28.9536,0.7734,0.8521,0.2275,0.0738,0.6586,0.4456,0.4208,0.7734,0.1479,0.7725,0.3509,0.0250,0.1186,0.0201,0.0171,0.0293,0.0321,0.1087
2048,H02586,-71.3409,0.5748,0.1000,Colombia,4.4307,12.0758,59.6030,46.7538,0.5708,0.5381,0.4588,0.0718,0.5973,0.4037,0.0646,0.5707,0.4621,0.5411,0.3508,0.0243,0.1075,0.0182,0.0026,0.0216,0.1003,0.0762
2049,H01242,-74.3409,3.6925,0.1000,Colombia,8.6255,28.1419,44.3600,28.3093,0.4091,0.9857,0.8760,0.7711,0.0615,0.5562,0.4337,0.4090,0.0142,0.1237,0.3508,0.2610,0.0111,0.0251,0.0176,0.0155,0.0031,0.0174
2050,H02884,-70.5909,4.4719,0.1000,Colombia,4.4140,23.4141,9.4243,10.5991,0.4443,0.3338,0.6188,0.0690,0.2192,0.9058,0.7881,0.4442,0.6666,0.3810,0.3508,0.0234,0.0395,0.0408,0.0320,0.0168,0.1447,0.0536
2051,H03094,-69.9909,-1.5903,0.1000,Colombia,5.1312,27.0982,19.9728,43.0816,0.9213,0.5862,0.2687,0.1886,0.0963,0.8002,0.1381,0.9213,0.4140,0.7312,0.3506,0.0639,0.0173,0.0361,0.0056,0.0349,0.0898,0.1029
2052,H00880,-75.2409,9.4082,0.1000,Colombia,5.3864,18.3032,49.9618,20.5247,0.7059,0.9017,0.2355,0.2311,0.3896,0.5002,0.5895,0.7059,0.0983,0.7645,0.3506,0.0782,0.0702,0.0226,0.0240,0.0267,0.0213,0.1076
2053,H02146,-72.5409,8.0226,0.1000,Colombia,6.7556,28.0853,69.5319,25.9204,0.6018,0.8623,0.3096,0.4594,0.0634,0.3044,0.4815,0.6017,0.1377,0.6903,0.3501,0.1555,0.0114,0.0137,0.0196,0.0228,0.0299,0.0972
2054,H01087,-74.6409,0.2283,0.1000,Colombia,5.0022,19.8944,74.6743,3.8743,0.2437,0.5538,0.4469,0.1671,0.3366,0.2529,0.9226,0.2435,0.4465,0.5529,0.3500,0.0566,0.0606,0.0114,0.0375,0.0092,0.0969,0.0778
2055,H03042,-70.1409,0.5748,0.1000,Colombia,4.6798,9.6170,97.9262,0.6722,0.9207,0.8023,0.4992,0.1133,0.6793,0.0203,0.9867,0.9208,0.1977,0.5007,0.3500,0.0384,0.1223,0.0009,0.0401,0.0349,0.0429,0.0705
2056,H02523,-71.4909,-0.3779,0.1000,Colombia,6.1523,19.1221,76.8468,40.6201,0.8507,0.9657,0.2496,0.3588,0.3623,0.2312,0.1874,0.8508,0.0342,0.7504,0.3500,0.1215,0.0652,0.0104,0.0076,0.0322,0.0074,0.1056
2057,H01296,-74.1909,1.0078,0.1000,Colombia,5.0049,16.6198,44.4113,48.0428,0.6650,0.7426,0.2524,0.1675,0.4458,0.5557,0.0388,0.6650,0.2575,0.7476,0.3499,0.0567,0.0803,0.0250,0.0016,0.0252,0.0559,0.1052
2058,H01458,-73.8909,4.2987,0.1000,Colombia,5.2941,2.5621,22.2950,31.2834,0.8222,0.8746,0.9756,0.2157,0.9146,0.7770,0.3742,0.8222,0.1254,0.0240,0.3497,0.0730,0.1647,0.0350,0.0152,0.0311,0.0272,0.0034
2059,H02554,-71.4909,4.9915,0.1000,Colombia,4.4339,4.2654,54.2359,0.3626,0.2915,0.9437,0.3866,0.0723,0.8578,0.4574,0.9929,0.2913,0.0563,0.6133,0.3495,0.0245,0.1545,0.0206,0.0404,0.0110,0.0122,0.0863
2060,H00387,-76.5909,8.1092,0.1000,Colombia,5.0646,22.8048,74.4419,5.5293,0.9888,0.6171,0.4463,0.1775,0.2395,0.2552,0.8895,0.9888,0.3831,0.5535,0.3494,0.0601,0.0431,0.0115,0.0362,0.0374,0.0832,0.0779
2061,H02329,-72.0909,6.3771,0.1000,Colombia,4.3068,28.9683,58.6820,10.9684,0.9555,0.4218,0.1920,0.0511,0.0340,0.4129,0.7807,0.9555,0.5785,0.8080,0.3493,0.0173,0.0061,0.0186,0.0317,0.0362,0.1255,0.1137
2062,H02911,-70.4409,-0.8109,0.1000,Colombia,4.0088,0.7445,46.9303,16.4052,0.3246,0.8252,0.4921,0.0015,0.9752,0.5305,0.6719,0.3244,0.1748,0.5077,0.3490,0.0005,0.1756,0.0239,0.0273,0.0123,0.0379,0.0715
2063,H01713,-73.4409,10.4474,0.1000,Colombia,6.7588,13.1869,92.9261,44.0662,0.9425,0.8933,0.8199,0.4599,0.5603,0.0703,0.1184,0.9425,0.1066,0.1798,0.3487,0.1557,0.1009,0.0032,0.0048,0.0357,0.0231,0.0253
2064,H02342,-71.9409,-1.6769,0.1000,Colombia,4.4811,11.0618,6.1506,46.7581,0.8281,0.9482,0.1451,0.0802,0.6311,0.9385,0.0645,0.8281,0.0518,0.8549,0.3487,0.0272,0.1136,0.0423,0.0026,0.0314,0.0112,0.1203
2065,H01876,-72.9909,-1.2439,0.1000,Colombia,7.5421,22.5539,14.4711,4.2338,0.3447,0.9528,0.9666,0.5905,0.2479,0.8553,0.9154,0.3445,0.0471,0.0330,0.3482,0.1999,0.0446,0.0386,0.0372,0.0131,0.0102,0.0046
2066,H03277,-69.3909,1.8738,0.1000,Colombia,6.9106,27.9002,51.2883,32.3005,0.4512,0.9377,0.2594,0.4852,0.0696,0.4869,0.3538,0.4511,0.0623,0.7406,0.3480,0.1643,0.0125,0.0220,0.0144,0.0171,0.0135,0.1043
2067,H00022,-78.2409,1.2676,0.1000,Colombia,5.7529,1.2018,26.5285,37.6752,0.0136,0.9508,0.8457,0.2922,0.9600,0.7346,0.2463,0.0134,0.0491,0.1540,0.3477,0.0989,0.1729,0.0331,0.0100,0.0005,0.0107,0.0217
2068,H01426,-74.0409,11.1403,0.1000,Colombia,4.0296,17.7515,53.7169,3.8836,0.6876,0.4349,0.5368,0.0049,0.4080,0.4626,0.9224,0.6876,0.5654,0.4630,0.3474,0.0017,0.0735,0.0209,0.0375,0.0261,0.1227,0.0652
2069,H01100,-74.6409,2.4800,0.1000,Colombia,4.3471,9.6256,74.4368,41.3129,0.5272,0.3712,0.7841,0.0578,0.6790,0.2553,0.1735,0.5271,0.6291,0.2156,0.3472,0.0196,0.1222,0.0115,0.0070,0.0200,0.1365,0.0303
2070,H01323,-74.1909,5.6843,0.1000,Colombia,5.3153,22.8652,41.3194,27.6700,0.3920,0.3503,0.7908,0.2193,0.2375,0.5866,0.4465,0.3919,0.6500,0.2090,0.3469,0.0742,0.0428,0.0265,0.0181,0.0148,0.1411,0.0294
2071,H00637,-75.8409,7.1566,0.1000,Colombia,5.4548,10.1792,34.5829,27.8821,0.5591,0.9674,0.5022,0.2425,0.6606,0.6540,0.4422,0.5590,0.0325,0.4976,0.3468,0.0821,0.1189,0.0295,0.0180,0.0212,0.0070,0.0701
2072,H02318,-72.0909,4.4719,0.1000,Colombia,6.5310,29.6404,47.0249,4.9528,0.4167,0.8620,0.3219,0.4219,0.0115,0.5295,0.9011,0.4166,0.1380,0.6780,0.3466,0.1428,0.0021,0.0239,0.0366,0.0158,0.0300,0.0954
2073,H03490,-68.1909,2.7398,0.1000,Colombia,4.5074,2.0097,67.8776,48.0789,0.7610,0.6174,0.8436,0.0846,0.9330,0.3209,0.0381,0.7610,0.3827,0.1561,0.3465,0.0286,0.1680,0.0145,0.0015,0.0288,0.0831,0.0220
2074,H03052,-70.1409,2.3068,0.1000,Colombia,5.6112,22.3333,92.5529,6.1370,0.0753,0.7935,0.1282,0.2686,0.2552,0.0740,0.8774,0.0750,0.2066,0.8717,0.3463,0.0909,0.0459,0.0033,0.0357,0.0028,0.0448,0.1227
2075,H01714,-73.4409,10.6207,0.1000,Colombia,4.3490,15.3138,30.3453,29.3008,0.9973,0.6114,0.5173,0.0582,0.4893,0.6964,0.4139,0.9974,0.3887,0.4825,0.3461,0.0197,0.0881,0.0314,0.0168,0.0378,0.0844,0.0679
2076,H01089,-74.6409,0.5748,0.1000,Colombia,5.3900,12.4544,49.4983,19.4025,0.8087,0.8021,0.7080,0.2317,0.5847,0.5048,0.6119,0.8087,0.1979,0.2918,0.3460,0.0784,0.1053,0.0228,0.0249,0.0306,0.0430,0.0411
2077,H02376,-71.9409,4.2121,0.1000,Colombia,5.8379,16.2605,81.3829,49.0959,0.5925,0.9688,0.1367,0.3064,0.4578,0.1858,0.0178,0.5924,0.0312,0.8633,0.3460,0.1037,0.0824,0.0084,0.0007,0.0224,0.0068,0.1215
2078,H01585,-73.5909,1.1810,0.1000,Colombia,4.8186,9.1347,70.9314,49.2986,0.6393,0.9729,0.0727,0.1365,0.6954,0.2903,0.0137,0.6393,0.0270,0.9273,0.3457,0.0462,0.1252,0.0131,0.0006,0.0242,0.0059,0.1305
2079,H01750,-73.2909,3.7791,0.1000,Colombia,7.2119,29.7086,75.4873,1.5729,0.9678,0.6724,0.9709,0.5355,0.0093,0.2448,0.9687,0.9678,0.3277,0.0288,0.3452,0.1813,0.0017,0.0110,0.0394,0.0367,0.0711,0.0040
2080,H00294,-76.7409,0.5748,0.1000,Colombia,4.7624,9.7563,35.4846,49.2987,0.4398,0.8399,0.2920,0.1271,0.6747,0.6450,0.0137,0.4397,0.1602,0.7080,0.3452,0.0430,0.1215,0.0291,0.0006,0.0167,0.0348,0.0997
2081,H01576,-73.5909,-0.3779,0.1000,Colombia,4.1418,21.0243,41.4848,21.7210,0.3819,0.4824,0.2398,0.0236,0.2989,0.5850,0.5655,0.3817,0.5179,0.7601,0.3450,0.0080,0.0538,0.0264,0.0230,0.0145,0.1124,0.1070
2082,H01811,-73.1409,0.9212,0.1000,Colombia,8.5862,29.5002,31.6292,36.7992,0.7347,0.9825,0.9302,0.7646,0.0162,0.6836,0.2638,0.7346,0.0174,0.0695,0.3447,0.2588,0.0029,0.0308,0.0107,0.0278,0.0038,0.0098
2083,H03151,-69.8409,-1.6769,0.1000,Colombia,5.4903,29.2526,70.8024,45.7846,0.3616,0.4508,0.2421,0.2484,0.0245,0.2916,0.0840,0.3615,0.5495,0.7578,0.3447,0.0841,0.0044,0.0132,0.0034,0.0137,0.1193,0.1067
2084,H00655,-75.6909,1.0078,0.1000,Colombia,4.7655,19.4630,82.2648,15.4178,0.8272,0.8475,0.0229,0.1276,0.3510,0.1770,0.6917,0.8272,0.1525,0.9771,0.3445,0.0432,0.0632,0.0080,0.0281,0.0313,0.0331,0.1376
2085,H01109,-74.6409,4.0389,0.1000,Colombia,4.9234,6.5890,78.5072,41.6113,0.4532,0.9193,0.2851,0.1539,0.7803,0.2146,0.1675,0.4531,0.0807,0.7149,0.3444,0.0521,0.1405,0.0097,0.0068,0.0172,0.0175,0.1006
2086,H00754,-75.5409,8.7154,0.1000,Colombia,4.8356,5.5338,43.8672,32.8114,0.5265,0.6426,0.9041,0.1393,0.8155,0.5611,0.3436,0.5264,0.3575,0.0956,0.3442,0.0472,0.1468,0.0253,0.0140,0.0199,0.0776,0.0135
2087,H02776,-70.8909,4.8183,0.1000,Colombia,4.2634,12.4100,3.2110,14.9099,0.2158,0.6110,0.5836,0.0439,0.5862,0.9679,0.7018,0.2156,0.3892,0.4162,0.3438,0.0149,0.1055,0.0436,0.0285,0.0082,0.0845,0.0586
2088,H00663,-75.6909,2.3934,0.1000,Colombia,5.4234,3.8047,44.1534,16.9787,0.6095,0.9164,0.9088,0.2373,0.8731,0.5583,0.6604,0.6095,0.0835,0.0909,0.3436,0.0803,0.1572,0.0252,0.0268,0.0231,0.0181,0.0128
2089,H02291,-72.0909,-0.2047,0.1000,Colombia,5.6841,13.4062,61.0394,46.8908,0.6120,0.9358,0.3483,0.2808,0.5529,0.3893,0.0619,0.6119,0.0641,0.6516,0.3435,0.0951,0.0995,0.0175,0.0025,0.0232,0.0139,0.0917
2090,H01543,-73.7409,6.4637,0.1000,Colombia,5.5394,14.2247,41.1411,47.9258,0.0293,0.7970,0.3701,0.2566,0.5256,0.5884,0.0412,0.0291,0.2031,0.6298,0.3435,0.0869,0.0946,0.0265,0.0017,0.0011,0.0441,0.0887
2091,H02612,-71.3409,5.0781,0.1000,Colombia,5.4809,29.5780,29.4040,5.6101,0.6154,0.3162,0.8744,0.2469,0.0136,0.7059,0.8879,0.6154,0.6842,0.1253,0.3434,0.0836,0.0024,0.0318,0.0361,0.0233,0.1485,0.0176
2092,H01970,-72.8409,2.1336,0.1000,Colombia,4.1452,1.6530,94.5630,5.0576,0.2909,0.8581,0.4021,0.0242,0.9449,0.0539,0.8990,0.2907,0.1419,0.5978,0.3433,0.0082,0.1701,0.0024,0.0365,0.0110,0.0308,0.0842
2093,H01038,-74.7909,3.2594,0.1000,Colombia,4.3921,25.4729,61.1495,0.0079,0.0581,0.3801,0.2963,0.0654,0.1505,0.3882,1.0000,0.0578,0.6202,0.7036,0.3432,0.0221,0.0271,0.0175,0.0407,0.0022,0.1346,0.0990
2094,H02306,-72.0909,2.3934,0.1000,Colombia,4.5226,28.9751,63.4243,2.2615,0.5274,0.3005,0.4285,0.0871,0.0337,0.3655,0.9549,0.5273,0.6999,0.5714,0.3432,0.0295,0.0061,0.0165,0.0388,0.0200,0.1519,0.0804
2095,H02703,-71.0409,1.4408,0.1000,Colombia,4.1017,19.4316,0.3122,42.9680,0.9152,0.7117,0.1038,0.0169,0.3520,0.9969,0.1404,0.9152,0.2884,0.8963,0.3432,0.0057,0.0634,0.0449,0.0057,0.0347,0.0626,0.1262
2096,H01496,-73.8909,10.8805,0.1000,Colombia,7.7169,25.9521,40.3811,16.1789,0.7599,0.9780,0.8486,0.6197,0.1346,0.5960,0.6764,0.7599,0.0220,0.1511,0.3432,0.2098,0.0242,0.0269,0.0275,0.0288,0.0048,0.0213
2097,H03602,-67.4409,5.9441,0.1000,Colombia,5.1116,21.4411,36.3392,24.8312,0.8692,0.4663,0.7792,0.1853,0.2850,0.6365,0.5033,0.8692,0.5340,0.2205,0.3431,0.0627,0.0513,0.0287,0.0205,0.0329,0.1159,0.0310
2098,H01790,-73.2909,10.7073,0.1000,Colombia,4.9010,26.8667,27.2558,10.7665,0.3387,0.7266,0.0308,0.1502,0.1041,0.7273,0.7847,0.3386,0.2735,0.9693,0.3429,0.0508,0.0187,0.0328,0.0319,0.0128,0.0594,0.1364
2099,H02334,-72.0909,11.4001,0.1000,Colombia,4.6869,24.7632,37.9161,23.5271,0.3360,0.4170,0.4060,0.1145,0.1742,0.6207,0.5294,0.3358,0.5833,0.5939,0.3426,0.0388,0.0314,0.0280,0.0215,0.0127,0.1266,0.0836
2100,H01999,-72.8409,7.1566,0.1000,Colombia,5.6931,12.6390,73.6817,22.4864,0.6739,0.7993,0.7185,0.2823,0.5785,0.2628,0.5502,0.6738,0.2008,0.2813,0.3426,0.0956,0.1042,0.0118,0.0224,0.0255,0.0436,0.0396
2101,H00421,-76.4409,5.4245,0.1000,Colombia,8.7377,29.3184,14.7453,33.7100,0.2003,0.9896,0.9302,0.7898,0.0223,0.8525,0.3256,0.2001,0.0103,0.0694,0.3426,0.2674,0.0040,0.0384,0.0132,0.0076,0.0022,0.0098
2102,H02215,-72.3909,11.5733,0.1000,Colombia,5.8285,29.8867,4.4570,39.8274,0.4233,0.7710,0.1366,0.3048,0.0033,0.9555,0.2032,0.4231,0.2291,0.8634,0.3424,0.1032,0.0006,0.0431,0.0083,0.0160,0.0497,0.1215
2103,H03449,-68.4909,4.6451,0.1000,Colombia,4.3201,3.9304,28.5278,39.0113,0.4629,0.5770,0.8775,0.0534,0.8690,0.7146,0.2196,0.4628,0.4232,0.1222,0.3423,0.0181,0.1565,0.0322,0.0089,0.0175,0.0919,0.0172
2104,H00470,-76.2909,5.3379,0.1000,Colombia,4.0729,1.7983,99.6683,38.9804,0.1271,0.6782,0.3958,0.0121,0.9401,0.0028,0.2202,0.1268,0.3220,0.6041,0.3422,0.0041,0.1693,0.0001,0.0089,0.0048,0.0699,0.0850
2105,H03419,-68.6409,4.0389,0.1000,Colombia,4.0863,13.3719,67.9393,36.4843,0.4192,0.7381,0.0097,0.0144,0.5541,0.3203,0.2701,0.4191,0.2619,0.9903,0.3422,0.0049,0.0998,0.0144,0.0110,0.0159,0.0568,0.1394
2106,H00607,-75.8409,1.9604,0.1000,Colombia,6.1856,26.9381,69.1864,1.2485,0.6177,0.6181,0.7109,0.3644,0.1017,0.3078,0.9752,0.6177,0.3821,0.2889,0.3422,0.1234,0.0183,0.0139,0.0396,0.0234,0.0829,0.0407
2107,H02580,-71.3409,-0.4645,0.1000,Colombia,4.7375,4.6755,11.3106,39.8456,0.5098,0.8111,0.7161,0.1229,0.8441,0.8869,0.2029,0.5097,0.1889,0.2837,0.3421,0.0416,0.1520,0.0400,0.0083,0.0193,0.0410,0.0399
2108,H03100,-69.9909,-0.5511,0.1000,Colombia,4.5558,12.4532,71.2063,45.8817,0.6410,0.7256,0.2515,0.0926,0.5847,0.2876,0.0821,0.6409,0.2745,0.7485,0.3421,0.0314,0.1053,0.0130,0.0033,0.0243,0.0596,0.1054
2109,H01988,-72.8409,5.2513,0.1000,Colombia,6.6211,19.6653,84.6554,20.8761,0.9067,0.7730,0.8729,0.4370,0.3442,0.1530,0.5824,0.9067,0.2270,0.1268,0.3419,0.1479,0.0620,0.0069,0.0237,0.0343,0.0493,0.0179
2110,H01524,-73.7409,3.1728,0.1000,Colombia,6.9152,27.9770,95.7835,42.0444,0.5255,0.6934,0.4997,0.4860,0.0670,0.0417,0.1589,0.5254,0.3067,0.5002,0.3418,0.1645,0.0121,0.0019,0.0065,0.0199,0.0666,0.0704
2111,H03024,-70.1409,-2.5429,0.1000,Colombia,4.3395,13.4941,93.5218,23.0033,0.8678,0.6379,0.3844,0.0566,0.5500,0.0643,0.5399,0.8679,0.3623,0.6155,0.3412,0.0192,0.0990,0.0029,0.0220,0.0329,0.0786,0.0866
2112,H02343,-71.9409,-1.5037,0.1000,Colombia,6.1286,23.0919,5.1334,47.7454,0.7915,0.8911,0.4211,0.3549,0.2299,0.9487,0.0448,0.7915,0.1089,0.5788,0.3412,0.1201,0.0414,0.0428,0.0018,0.0300,0.0236,0.0815
2113,H01710,-73.4409,9.9278,0.1000,Colombia,4.9121,17.3563,46.2361,26.5502,0.0504,0.5784,0.4525,0.1521,0.4212,0.5374,0.4689,0.0501,0.4218,0.5474,0.3411,0.0515,0.0758,0.0242,0.0191,0.0019,0.0916,0.0771
2114,H02279,-72.0909,-2.2831,0.1000,Colombia,4.4256,13.9181,16.0309,5.2470,0.5376,0.9300,0.2146,0.0709,0.5359,0.8397,0.8952,0.5375,0.0700,0.7853,0.3408,0.0240,0.0965,0.0379,0.0364,0.0204,0.0152,0.1105
2115,H03361,-68.9409,2.8264,0.1000,Colombia,5.6317,22.4602,62.5847,22.9007,0.2349,0.5445,0.5960,0.2720,0.2510,0.3739,0.5419,0.2347,0.4557,0.4038,0.3408,0.0921,0.0452,0.0169,0.0220,0.0089,0.0989,0.0568
2116,H01389,-74.0409,4.7317,0.1000,Colombia,6.7227,26.0895,16.1100,23.6547,0.4442,0.8525,0.6073,0.4539,0.1300,0.8389,0.5268,0.4441,0.1475,0.3925,0.3404,0.1537,0.0234,0.0378,0.0214,0.0168,0.0320,0.0553
2117,H01795,-73.1409,-1.8501,0.1000,Colombia,4.5088,20.6331,38.1958,20.2015,0.9962,0.7050,0.2788,0.0848,0.3119,0.6179,0.5959,0.9963,0.2951,0.7211,0.3402,0.0287,0.0562,0.0279,0.0242,0.0377,0.0640,0.1015
2118,H03119,-69.9909,3.6058,0.1000,Colombia,5.2864,4.8295,48.7598,38.4616,0.7310,0.8087,0.8940,0.2145,0.8390,0.5122,0.2306,0.7310,0.1913,0.1057,0.3402,0.0726,0.1511,0.0231,0.0094,0.0277,0.0415,0.0149
2119,H02221,-72.2409,-1.6769,0.1000,Colombia,7.2442,26.5979,62.6245,30.4991,0.6263,0.7087,0.8783,0.5408,0.1130,0.3735,0.3899,0.6263,0.2914,0.1214,0.3402,0.1831,0.0204,0.0168,0.0158,0.0237,0.0632,0.0171
2120,H03087,-69.9909,-2.8027,0.1000,Colombia,4.0924,11.3687,22.3494,3.5098,0.4941,0.7430,0.4607,0.0154,0.6209,0.7764,0.9299,0.4940,0.2571,0.5392,0.3402,0.0052,0.1118,0.0350,0.0378,0.0187,0.0558,0.0759
2121,H01345,-74.1909,9.4948,0.1000,Colombia,6.5530,16.3709,6.9862,29.6636,0.1120,0.9246,0.7500,0.4256,0.4541,0.9302,0.4066,0.1118,0.0753,0.2497,0.3400,0.1441,0.0818,0.0419,0.0165,0.0042,0.0163,0.0352
2122,H01189,-74.4909,6.3771,0.1000,Colombia,8.2490,24.6375,14.9863,43.8424,0.1433,0.9151,0.9935,0.7084,0.1784,0.8501,0.1229,0.1431,0.0849,0.0062,0.3400,0.2398,0.0321,0.0383,0.0050,0.0054,0.0184,0.0009
2123,H02617,-71.3409,5.9441,0.1000,Colombia,5.6224,16.6230,36.7658,18.0547,0.3740,0.8451,0.5320,0.2705,0.4457,0.6322,0.6389,0.3738,0.1549,0.4679,0.3399,0.0916,0.0803,0.0285,0.0260,0.0142,0.0336,0.0659
2124,H00830,-75.2409,0.7480,0.1000,Colombia,5.3476,29.3466,63.1775,10.9900,0.3485,0.4388,0.4565,0.2247,0.0213,0.3679,0.7803,0.3484,0.5615,0.5434,0.3398,0.0761,0.0038,0.0166,0.0317,0.0132,0.1219,0.0765
2125,H00123,-77.3409,3.1728,0.1000,Colombia,4.6603,22.6160,54.4461,32.8747,0.4189,0.6707,0.0316,0.1101,0.2458,0.4553,0.3423,0.4188,0.3294,0.9685,0.3397,0.0373,0.0443,0.0205,0.0139,0.0159,0.0715,0.1363
2126,H01219,-74.3409,-0.2913,0.1000,Colombia,5.6396,16.4114,78.5667,46.5281,0.3207,0.9514,0.0739,0.2733,0.4527,0.2140,0.0691,0.3205,0.0485,0.9261,0.3395,0.0925,0.0815,0.0097,0.0028,0.0121,0.0105,0.1304
2127,H03600,-67.4409,3.3460,0.1000,Colombia,4.8473,18.3497,22.8942,20.0075,0.0823,0.8909,0.0374,0.1413,0.3881,0.7710,0.5998,0.0820,0.1091,0.9627,0.3392,0.0478,0.0699,0.0348,0.0244,0.0031,0.0237,0.1355
2128,H00472,-76.2909,5.6843,0.1000,Colombia,4.2590,18.1799,64.4720,22.7480,0.5613,0.4377,0.4889,0.0432,0.3937,0.3550,0.5450,0.5612,0.5626,0.5110,0.3390,0.0146,0.0709,0.0160,0.0222,0.0213,0.1221,0.0719
2129,H00987,-74.9409,5.7709,0.1000,Colombia,6.6090,27.2776,31.3368,38.5834,0.3114,0.8983,0.2793,0.4349,0.0903,0.6865,0.2281,0.3113,0.1017,0.7206,0.3390,0.1472,0.0163,0.0309,0.0093,0.0118,0.0221,0.1014
2130,H00429,-76.4409,6.8101,0.1000,Colombia,4.7024,12.3357,64.2278,6.9388,0.9205,0.6276,0.8124,0.1171,0.5886,0.3574,0.8613,0.9206,0.3726,0.1873,0.3389,0.0396,0.1060,0.0161,0.0350,0.0349,0.0809,0.0264
2131,H02246,-72.2409,2.6532,0.1000,Colombia,4.3818,15.5405,97.8856,17.8045,0.9208,0.5008,0.5733,0.0636,0.4818,0.0207,0.6439,0.9208,0.4995,0.4265,0.3387,0.0215,0.0867,0.0009,0.0262,0.0349,0.1084,0.0600
2132,H02057,-72.6909,4.6451,0.1000,Colombia,6.4706,19.2134,82.0293,1.9486,0.9246,0.8319,0.8885,0.4119,0.3593,0.1793,0.9612,0.9247,0.1682,0.1112,0.3385,0.1394,0.0647,0.0081,0.0391,0.0350,0.0365,0.0157
2133,H01063,-74.7909,7.5896,0.1000,Colombia,6.5066,20.3749,18.9361,21.4941,0.8481,0.9121,0.7977,0.4179,0.3205,0.8106,0.5701,0.8481,0.0878,0.2020,0.3385,0.1415,0.0577,0.0365,0.0232,0.0321,0.0191,0.0284
2134,H00794,-75.3909,5.1647,0.1000,Colombia,4.1087,16.6420,23.0084,20.0329,0.6412,0.4375,0.6680,0.0181,0.4450,0.7698,0.5993,0.6412,0.5628,0.3318,0.3385,0.0061,0.0801,0.0347,0.0244,0.0243,0.1221,0.0467
2135,H00085,-77.4909,0.8346,0.1000,Colombia,5.9511,18.3439,98.9350,43.1812,0.3536,0.6709,0.5205,0.3253,0.3883,0.0102,0.1361,0.3535,0.3293,0.4794,0.3384,0.1101,0.0699,0.0005,0.0055,0.0134,0.0715,0.0675
2136,H02270,-72.2409,6.8101,0.1000,Colombia,4.6253,14.5766,51.6664,26.1037,0.5781,0.5686,0.6202,0.1042,0.5139,0.4831,0.4778,0.5781,0.4316,0.3796,0.3380,0.0353,0.0925,0.0218,0.0194,0.0219,0.0937,0.0534
2137,H03386,-68.7909,2.7398,0.1000,Colombia,5.4604,5.6032,92.9076,35.2448,0.4715,0.6595,0.9857,0.2435,0.8132,0.0705,0.2949,0.4714,0.3406,0.0140,0.3378,0.0824,0.1464,0.0032,0.0120,0.0179,0.0739,0.0020
2138,H01411,-74.0409,8.5422,0.1000,Colombia,4.6715,7.7671,42.5002,15.7273,0.0351,0.9718,0.2544,0.1119,0.7410,0.5748,0.6855,0.0348,0.0281,0.7456,0.3375,0.0379,0.1334,0.0259,0.0279,0.0013,0.0061,0.1050
2139,H01523,-73.7409,2.9996,0.1000,Colombia,4.6085,20.4934,17.3572,14.0777,0.6437,0.7262,0.3190,0.1014,0.3166,0.8264,0.7185,0.6437,0.2739,0.6809,0.3375,0.0343,0.0570,0.0373,0.0292,0.0244,0.0595,0.0959
2140,H03556,-67.8909,5.1647,0.1000,Colombia,5.6418,26.6049,21.9991,21.4909,0.5258,0.7313,0.3768,0.2737,0.1128,0.7799,0.5701,0.5257,0.2688,0.6231,0.3373,0.0926,0.0203,0.0352,0.0232,0.0199,0.0583,0.0877
2141,H01939,-72.9909,10.5341,0.1000,Colombia,4.4623,25.0492,28.5627,27.1351,0.9510,0.3420,0.6324,0.0771,0.1647,0.7143,0.4572,0.9510,0.6584,0.3674,0.3372,0.0261,0.0296,0.0322,0.0186,0.0360,0.1429,0.0517
2142,H01462,-73.8909,4.9915,0.1000,Colombia,4.6396,7.0983,26.3806,47.9345,0.2381,0.7512,0.5320,0.1066,0.7633,0.7361,0.0410,0.2379,0.2488,0.4678,0.3372,0.0361,0.1374,0.0332,0.0017,0.0090,0.0540,0.0659
2143,H02544,-71.4909,3.2594,0.1000,Colombia,4.5316,25.0824,79.3836,8.6899,0.8939,0.4718,0.3914,0.0886,0.1636,0.2058,0.8263,0.8939,0.5284,0.6085,0.3365,0.0300,0.0295,0.0093,0.0336,0.0339,0.1147,0.0857
2144,H01112,-74.6409,4.5585,0.1000,Colombia,5.3429,25.3164,17.9798,47.7008,0.8783,0.5737,0.5174,0.2239,0.1558,0.8202,0.0457,0.8784,0.4265,0.4824,0.3364,0.0758,0.0280,0.0370,0.0019,0.0333,0.0926,0.0679
2145,H00919,-75.0909,5.1647,0.1000,Colombia,4.8407,16.6540,25.2253,21.5858,0.2005,0.8498,0.2045,0.1401,0.4446,0.7477,0.5682,0.2003,0.1502,0.7954,0.3364,0.0474,0.0800,0.0337,0.0231,0.0076,0.0326,0.1120
2146,H01736,-73.2909,1.3542,0.1000,Colombia,6.6987,29.8626,59.1914,45.7538,0.7101,0.9957,0.0515,0.4499,0.0041,0.4078,0.0846,0.7101,0.0042,0.9486,0.3362,0.1523,0.0007,0.0184,0.0034,0.0269,0.0009,0.1335
2147,H03503,-68.1909,4.9915,0.1000,Colombia,4.1802,20.7772,61.0513,9.3167,0.3590,0.5731,0.1928,0.0300,0.3071,0.3892,0.8137,0.3588,0.4271,0.8071,0.3360,0.0102,0.0553,0.0175,0.0331,0.0136,0.0927,0.1136
2148,H02743,-70.8909,-0.8975,0.1000,Colombia,4.8448,28.3505,6.0437,0.4779,0.3815,0.4678,0.5319,0.1408,0.0546,0.9396,0.9906,0.3814,0.5324,0.4680,0.3360,0.0477,0.0098,0.0424,0.0403,0.0144,0.1155,0.0659
2149,H01637,-73.5909,10.1876,0.1000,Colombia,4.9145,20.9150,56.5557,10.9875,0.3906,0.4663,0.6601,0.1524,0.3025,0.4342,0.7803,0.3905,0.5340,0.3397,0.3359,0.0516,0.0545,0.0196,0.0317,0.0148,0.1159,0.0478
2150,H00586,-75.9909,7.5896,0.1000,Colombia,4.4552,5.8874,25.3494,31.3688,0.1433,0.9434,0.2976,0.0759,0.8037,0.7464,0.3725,0.1431,0.0566,0.7023,0.3358,0.0257,0.1447,0.0336,0.0151,0.0054,0.0123,0.0989
2151,H01687,-73.4409,5.9441,0.1000,Colombia,6.9224,22.8567,82.9182,2.6849,0.6971,0.8970,0.7668,0.4872,0.2378,0.1704,0.9464,0.6971,0.1030,0.2330,0.3355,0.1649,0.0428,0.0077,0.0385,0.0264,0.0223,0.0328
2152,H00946,-75.0909,9.8412,0.1000,Colombia,4.8213,8.6166,23.6008,0.2826,0.7339,0.8964,0.7460,0.1369,0.7127,0.7639,0.9945,0.7339,0.1035,0.2538,0.3355,0.0463,0.1283,0.0344,0.0404,0.0278,0.0225,0.0357
2153,H03540,-67.8909,2.3934,0.1000,Colombia,5.2630,24.6828,47.2462,41.8260,0.6457,0.3155,0.7956,0.2106,0.1769,0.5273,0.1632,0.6456,0.6848,0.2041,0.3354,0.0713,0.0319,0.0238,0.0066,0.0244,0.1486,0.0287
2154,H00026,-78.2409,1.9604,0.1000,Colombia,5.1980,27.2530,5.0507,31.1083,0.0399,0.5802,0.2861,0.1997,0.0912,0.9495,0.3777,0.0397,0.4200,0.7138,0.3353,0.0676,0.0164,0.0428,0.0154,0.0015,0.0911,0.1005
2155,H02986,-70.2909,1.7006,0.1000,Colombia,4.3100,17.8918,62.2516,6.8440,0.1396,0.4704,0.4845,0.0517,0.4034,0.3772,0.8632,0.1394,0.5299,0.5153,0.3351,0.0175,0.0726,0.0170,0.0351,0.0053,0.1150,0.0725
2156,H02633,-71.1909,-1.2439,0.1000,Colombia,5.0017,21.6033,80.6017,21.4485,0.3006,0.5311,0.4110,0.1670,0.2796,0.1936,0.5710,0.3004,0.4692,0.5889,0.3349,0.0565,0.0503,0.0087,0.0232,0.0114,0.1018,0.0829
2157,H02280,-72.0909,-2.1099,0.1000,Colombia,5.5263,7.3746,54.4531,1.1173,0.5169,0.8567,0.9896,0.2545,0.7541,0.4552,0.9778,0.5168,0.1433,0.0101,0.3343,0.0862,0.1358,0.0205,0.0398,0.0196,0.0311,0.0014
2158,H02023,-72.6909,-1.2439,0.1000,Colombia,4.3135,0.5249,30.4155,29.2468,0.4318,0.9472,0.5504,0.0523,0.9825,0.6957,0.4149,0.4317,0.0527,0.4494,0.3339,0.0177,0.1769,0.0314,0.0169,0.0163,0.0114,0.0633
2159,H00091,-77.4909,1.8738,0.1000,Colombia,8.2795,22.1720,53.2087,45.2213,0.1264,0.9836,0.9182,0.7134,0.2606,0.4677,0.0953,0.1262,0.0163,0.0815,0.3332,0.2415,0.0469,0.0211,0.0039,0.0048,0.0035,0.0115
2160,H00601,-75.8409,0.9212,0.1000,Colombia,5.6715,1.2474,41.3466,44.8014,0.1516,0.9660,0.8425,0.2787,0.9584,0.5864,0.1037,0.1514,0.0339,0.1573,0.3328,0.0944,0.1726,0.0264,0.0042,0.0057,0.0074,0.0221
2161,H00081,-77.6409,7.3298,0.1000,Colombia,7.7398,28.8448,52.6595,41.7237,0.5982,0.7139,0.9856,0.6235,0.0381,0.4732,0.1653,0.5981,0.2862,0.0141,0.3327,0.2111,0.0069,0.0213,0.0067,0.0227,0.0621,0.0020
2162,H03251,-69.5409,2.1336,0.1000,Colombia,4.6924,11.7852,69.4672,28.1351,0.7345,0.9689,0.1610,0.1154,0.6070,0.3050,0.4372,0.7345,0.0310,0.8390,0.3325,0.0391,0.1093,0.0138,0.0178,0.0278,0.0067,0.1181
2163,H00342,-76.5909,0.3150,0.1000,Colombia,5.0392,12.5888,14.8101,33.3622,0.9403,0.8310,0.6813,0.1732,0.5802,0.8519,0.3326,0.9404,0.1690,0.3185,0.3322,0.0586,0.1045,0.0384,0.0135,0.0356,0.0367,0.0448
2164,H01650,-73.4409,-0.4645,0.1000,Colombia,4.2170,15.3785,58.5122,49.6086,0.3980,0.7004,0.0550,0.0362,0.4872,0.4146,0.0075,0.3978,0.2997,0.9451,0.3321,0.0123,0.0877,0.0187,0.0003,0.0151,0.0650,0.1330
2165,H00603,-75.8409,1.2676,0.1000,Colombia,4.5322,20.6793,87.6560,0.8852,0.2397,0.6837,0.1274,0.0887,0.3104,0.1230,0.9824,0.2396,0.3164,0.8726,0.3320,0.0300,0.0559,0.0056,0.0399,0.0091,0.0687,0.1228
2166,H00958,-74.9409,0.7480,0.1000,Colombia,4.9977,22.7412,52.0160,49.6585,0.4828,0.3338,0.6639,0.1663,0.2416,0.4796,0.0065,0.4827,0.6665,0.3359,0.3319,0.0563,0.0435,0.0216,0.0003,0.0183,0.1447,0.0473
2167,H01769,-73.2909,7.0700,0.1000,Colombia,6.3669,19.4489,93.1944,45.4680,0.8226,0.7010,0.7709,0.3946,0.3514,0.0676,0.0904,0.8226,0.2991,0.2289,0.3319,0.1336,0.0633,0.0031,0.0037,0.0312,0.0649,0.0322
2168,H01608,-73.5909,5.1647,0.1000,Colombia,5.4023,10.6439,92.0197,40.8430,0.0929,0.9232,0.2532,0.2338,0.6451,0.0794,0.1829,0.0927,0.0767,0.7467,0.3316,0.0791,0.1162,0.0036,0.0074,0.0035,0.0167,0.1051
2169,H01734,-73.2909,1.0078,0.1000,Colombia,4.7843,20.7873,55.6812,5.0538,0.9941,0.4915,0.8049,0.1307,0.3068,0.4429,0.8990,0.9941,0.5088,0.1948,0.3315,0.0442,0.0552,0.0200,0.0365,0.0377,0.1104,0.0274
2170,H02118,-72.5409,3.1728,0.1000,Colombia,4.5008,16.1183,65.1198,9.9731,0.0482,0.6653,0.3103,0.0835,0.4625,0.3485,0.8006,0.0479,0.3349,0.6897,0.3314,0.0283,0.0833,0.0157,0.0326,0.0018,0.0727,0.0971
2171,H02905,-70.4409,-1.8501,0.1000,Colombia,4.3278,6.7699,1.4471,3.9391,0.9667,0.9203,0.7334,0.0546,0.7743,0.9856,0.9213,0.9667,0.0797,0.2664,0.3312,0.0185,0.1394,0.0444,0.0375,0.0366,0.0173,0.0375
2172,H02537,-71.4909,2.0470,0.1000,Colombia,4.8571,1.5097,76.0891,36.6602,0.6612,0.9051,0.6841,0.1429,0.9497,0.2387,0.2666,0.6612,0.0948,0.3157,0.3310,0.0484,0.1710,0.0108,0.0108,0.0250,0.0206,0.0444
2173,H00356,-76.5909,2.7398,0.1000,Colombia,4.1591,16.3260,41.7448,19.4813,0.4467,0.7505,0.1626,0.0265,0.4556,0.5824,0.6103,0.4466,0.2496,0.8374,0.3310,0.0090,0.0820,0.0263,0.0248,0.0169,0.0542,0.1179
2174,H02206,-72.3909,6.7235,0.1000,Colombia,5.6802,13.3766,72.5568,20.3667,0.6276,0.9049,0.6068,0.2801,0.5539,0.2741,0.5926,0.6276,0.0951,0.3930,0.3307,0.0948,0.0997,0.0124,0.0241,0.0238,0.0206,0.0553
2175,H00782,-75.3909,3.0862,0.1000,Colombia,5.5108,2.3156,63.6693,24.2783,0.4736,0.9761,0.8662,0.2519,0.9228,0.3630,0.5144,0.4735,0.0238,0.1335,0.3306,0.0853,0.1661,0.0164,0.0209,0.0179,0.0052,0.0188
2176,H02794,-70.7409,-1.5037,0.1000,Colombia,6.6220,28.2207,73.6082,34.4142,0.5656,0.5110,0.8595,0.4371,0.0589,0.2636,0.3115,0.5656,0.4893,0.1402,0.3305,0.1480,0.0106,0.0119,0.0127,0.0214,0.1062,0.0197
2177,H01258,-74.3409,6.4637,0.1000,Colombia,4.3853,7.1245,23.1583,39.8620,0.3617,0.9021,0.3361,0.0642,0.7624,0.7683,0.2025,0.3616,0.0979,0.6638,0.3303,0.0217,0.1373,0.0346,0.0082,0.0137,0.0213,0.0934
2178,H03292,-69.3909,4.4719,0.1000,Colombia,6.3364,24.0574,87.3560,3.0276,0.5747,0.7735,0.6629,0.3895,0.1977,0.1260,0.9396,0.5746,0.2265,0.3368,0.3297,0.1319,0.0356,0.0057,0.0382,0.0218,0.0492,0.0474
2179,H01780,-73.2909,8.9752,0.1000,Colombia,4.2306,11.1613,28.6661,12.0161,0.5010,0.7960,0.4532,0.0384,0.6278,0.7132,0.7597,0.5009,0.2040,0.5466,0.3293,0.0130,0.1130,0.0321,0.0309,0.0190,0.0443,0.0770
2180,H01702,-73.4409,8.5422,0.1000,Colombia,5.8709,28.7662,17.1325,33.9936,0.6086,0.5185,0.7272,0.3119,0.0407,0.8286,0.3200,0.6085,0.4817,0.2725,0.3292,0.1056,0.0073,0.0374,0.0130,0.0231,0.1046,0.0384
2181,H02632,-71.1909,-1.4171,0.1000,Colombia,4.0262,23.9226,93.3276,34.2965,0.9623,0.4485,0.1524,0.0044,0.2022,0.0663,0.3139,0.9623,0.5518,0.8475,0.3292,0.0015,0.0364,0.0030,0.0128,0.0365,0.1198,0.1193
2182,H01441,-73.8909,1.3542,0.1000,Colombia,4.5634,13.1315,13.5933,38.2006,0.2328,0.8453,0.2527,0.0939,0.5621,0.8640,0.2358,0.2326,0.1548,0.7473,0.3291,0.0318,0.1012,0.0389,0.0096,0.0088,0.0336,0.1052
2183,H00556,-75.9909,2.3934,0.1000,Colombia,4.8041,29.6201,34.1934,22.6282,0.5115,0.3039,0.5828,0.1340,0.0122,0.6579,0.5474,0.5114,0.6965,0.4171,0.3287,0.0454,0.0022,0.0297,0.0222,0.0194,0.1512,0.0587
2184,H02158,-72.3909,-1.5903,0.1000,Colombia,6.7021,21.5816,46.2140,18.4339,0.0493,0.7690,0.8317,0.4505,0.2803,0.5377,0.6313,0.0490,0.2311,0.1681,0.3286,0.1525,0.0505,0.0242,0.0257,0.0019,0.0502,0.0237
2185,H02651,-71.1909,1.8738,0.1000,Colombia,6.2122,29.4426,56.5752,46.3866,0.6307,0.7522,0.2871,0.3688,0.0181,0.4340,0.0720,0.6306,0.2479,0.7128,0.3286,0.1249,0.0033,0.0196,0.0029,0.0239,0.0538,0.1003
2186,H03007,-70.2909,5.3379,0.1000,Colombia,4.0729,14.5522,33.2673,49.2505,0.0191,0.3054,0.6480,0.0121,0.5147,0.6672,0.0147,0.0189,0.6950,0.3518,0.3285,0.0041,0.0927,0.0301,0.0006,0.0007,0.1508,0.0495
2187,H03271,-69.5409,5.5977,0.1000,Colombia,4.0599,6.2062,2.6347,17.5764,0.5990,0.8295,0.6278,0.0100,0.7931,0.9737,0.6485,0.5989,0.1705,0.3720,0.3285,0.0034,0.1428,0.0439,0.0264,0.0227,0.0370,0.0524
2188,H02219,-72.2409,-2.0233,0.1000,Colombia,4.6755,23.8917,31.8697,18.0823,0.3951,0.3260,0.7452,0.1126,0.2033,0.6812,0.6383,0.3950,0.6744,0.2545,0.3285,0.0381,0.0366,0.0307,0.0260,0.0150,0.1464,0.0358
2189,H00930,-75.0909,7.0700,0.1000,Colombia,4.8361,24.3560,96.2785,15.3003,0.1496,0.4448,0.3565,0.1394,0.1878,0.0367,0.6940,0.1494,0.5555,0.6434,0.3277,0.0472,0.0338,0.0016,0.0282,0.0057,0.1206,0.0906
2190,H01159,-74.4909,1.1810,0.1000,Colombia,4.1755,10.1199,9.0196,26.4343,0.4353,0.7265,0.5583,0.0292,0.6625,0.9098,0.4712,0.4352,0.2736,0.4416,0.3274,0.0099,0.1193,0.0410,0.0192,0.0165,0.0594,0.0622
2191,H01308,-74.1909,3.0862,0.1000,Colombia,6.0367,26.4269,47.0762,33.6696,0.5508,0.5456,0.7556,0.3395,0.1187,0.5290,0.3264,0.5507,0.4546,0.2442,0.3273,0.1149,0.0214,0.0238,0.0133,0.0209,0.0987,0.0344
2192,H01034,-74.7909,2.5666,0.1000,Colombia,4.4617,5.0658,81.6878,42.8150,0.3900,0.6248,0.7065,0.0770,0.8311,0.1827,0.1434,0.3899,0.3754,0.2933,0.3273,0.0261,0.1496,0.0082,0.0058,0.0148,0.0815,0.0413
2193,H03368,-68.9409,4.0389,0.1000,Colombia,5.1456,25.0487,9.1066,43.6685,0.3583,0.5184,0.5127,0.1910,0.1647,0.9089,0.1264,0.3582,0.4819,0.4872,0.3272,0.0647,0.0296,0.0410,0.0051,0.0136,0.1046,0.0686
2194,H02522,-71.4909,-0.5511,0.1000,Colombia,5.7964,27.9958,49.1857,42.2991,0.9541,0.4948,0.7251,0.2995,0.0664,0.5079,0.1538,0.9542,0.5054,0.2747,0.3270,0.1014,0.0120,0.0229,0.0063,0.0361,0.1097,0.0387
2195,H01747,-73.2909,3.2594,0.1000,Colombia,5.5589,16.3136,72.0434,19.3830,0.2894,0.9384,0.3258,0.2599,0.4560,0.2792,0.6123,0.2893,0.0615,0.6741,0.3268,0.0880,0.0821,0.0126,0.0249,0.0110,0.0134,0.0949
2196,H00646,-75.8409,8.7154,0.1000,Colombia,7.5616,26.4982,65.3778,14.6838,0.0699,0.7989,0.8994,0.5938,0.1163,0.3459,0.7063,0.0697,0.2012,0.1003,0.3267,0.2010,0.0209,0.0156,0.0287,0.0026,0.0437,0.0141
2197,H03144,-69.8409,-2.8893,0.1000,Colombia,5.6131,8.6054,99.7514,5.1404,0.0187,0.8717,0.7009,0.2689,0.7130,0.0020,0.8973,0.0185,0.1283,0.2989,0.3266,0.0910,0.1284,0.0001,0.0365,0.0007,0.0278,0.0421
2198,H00668,-75.6909,3.2594,0.1000,Colombia,5.1194,1.7570,25.7696,19.0787,0.8580,0.9950,0.9877,0.1866,0.9414,0.7422,0.6184,0.8580,0.0049,0.0120,0.3265,0.0632,0.1695,0.0335,0.0251,0.0325,0.0011,0.0017
2199,H02488,-71.6409,3.6925,0.1000,Colombia,7.5324,27.1774,16.9705,43.1513,0.0788,0.7940,0.8628,0.5889,0.0937,0.8303,0.1367,0.0786,0.2061,0.1369,0.3262,0.1994,0.0169,0.0374,0.0056,0.0030,0.0447,0.0193
2200,H01164,-74.4909,2.0470,0.1000,Colombia,4.9646,7.0070,78.8160,48.9624,0.4632,0.9287,0.3574,0.1608,0.7664,0.2115,0.0204,0.4631,0.0712,0.6425,0.3262,0.0544,0.1380,0.0095,0.0008,0.0175,0.0155,0.0905
2201,H01788,-73.2909,10.3608,0.1000,Colombia,4.3999,7.4289,3.8874,26.8962,0.6905,0.9946,0.4450,0.0667,0.7523,0.9612,0.4620,0.6905,0.0053,0.5548,0.3256,0.0226,0.1354,0.0433,0.0188,0.0262,0.0011,0.0781
2202,H01752,-73.2909,4.1255,0.1000,Colombia,4.0727,11.1292,63.7445,21.9214,0.4977,0.3248,0.9746,0.0121,0.6289,0.3623,0.5615,0.4977,0.6756,0.0250,0.3255,0.0041,0.1132,0.0163,0.0228,0.0188,0.1466,0.0035
2203,H01132,-74.6409,8.0226,0.1000,Colombia,4.4863,1.1687,23.3396,45.8511,0.7084,0.9855,0.5939,0.0811,0.9611,0.7665,0.0827,0.7083,0.0144,0.4060,0.3255,0.0274,0.1731,0.0346,0.0034,0.0268,0.0031,0.0571
2204,H00071,-77.6409,1.7872,0.1000,Colombia,5.1923,27.8743,43.0316,5.3194,0.9824,0.7215,0.3920,0.1988,0.0704,0.5695,0.8937,0.9825,0.2786,0.6079,0.3252,0.0673,0.0127,0.0257,0.0363,0.0372,0.0605,0.0856
2205,H02898,-70.5909,6.8967,0.1000,Colombia,6.5514,23.9725,60.0740,32.6902,0.8054,0.9097,0.5567,0.4253,0.2006,0.3990,0.3460,0.8054,0.0903,0.4431,0.3246,0.1440,0.0361,0.0180,0.0141,0.0305,0.0196,0.0624
2206,H03539,-67.8909,2.2202,0.1000,Colombia,4.3754,8.1105,59.7349,41.4762,0.8215,0.7930,0.4974,0.0626,0.7296,0.4024,0.1702,0.8216,0.2070,0.5024,0.3244,0.0212,0.1314,0.0181,0.0069,0.0311,0.0449,0.0707
2207,H03522,-68.0409,3.8657,0.1000,Colombia,5.6114,18.7878,55.7765,38.4800,0.7238,0.9807,0.2523,0.2686,0.3735,0.4420,0.2302,0.7238,0.0193,0.7477,0.3243,0.0909,0.0673,0.0199,0.0094,0.0274,0.0042,0.1052
2208,H02856,-70.5909,-0.3779,0.1000,Colombia,5.3251,24.7169,71.6174,35.5952,0.4986,0.5842,0.4022,0.2209,0.1757,0.2835,0.2879,0.4985,0.4160,0.5977,0.3242,0.0748,0.0316,0.0128,0.0117,0.0189,0.0903,0.0841
2209,H01867,-73.1409,10.9671,0.1000,Colombia,4.9889,13.3898,8.6249,33.0945,0.0065,0.9781,0.2311,0.1649,0.5535,0.9138,0.3379,0.0062,0.0218,0.7688,0.3236,0.0558,0.0997,0.0412,0.0137,0.0002,0.0047,0.1082
2210,H01983,-72.8409,4.3853,0.1000,Colombia,6.8978,19.8670,40.2371,18.7749,0.6926,0.9129,0.9880,0.4831,0.3375,0.5975,0.6245,0.6926,0.0871,0.0117,0.3234,0.1635,0.0608,0.0269,0.0254,0.0262,0.0189,0.0016
2211,H03078,-70.1409,6.8101,0.1000,Colombia,4.9290,24.0964,90.8259,7.1599,0.9484,0.6811,0.3526,0.1549,0.1964,0.0913,0.8569,0.9484,0.3190,0.6473,0.3230,0.0524,0.0354,0.0041,0.0348,0.0359,0.0692,0.0911
2212,H02879,-70.5909,3.6058,0.1000,Colombia,5.1168,28.9806,16.7622,47.3614,0.0140,0.5201,0.2232,0.1862,0.0336,0.8323,0.0525,0.0137,0.4802,0.7767,0.3228,0.0630,0.0060,0.0375,0.0021,0.0005,0.1042,0.1093
2213,H00148,-77.3409,8.5422,0.1000,Colombia,4.3089,8.6384,58.8810,24.0133,0.5140,0.8526,0.3897,0.0515,0.7119,0.4109,0.5197,0.5139,0.1474,0.6102,0.3226,0.0174,0.1282,0.0185,0.0211,0.0195,0.0320,0.0859
2214,H02616,-71.3409,5.7709,0.1000,Colombia,6.1614,27.3403,84.7972,9.1266,0.1434,0.9473,0.0942,0.3603,0.0883,0.1516,0.8175,0.1432,0.0526,0.9058,0.3223,0.1220,0.0159,0.0068,0.0332,0.0054,0.0114,0.1275
2215,H00760,-75.5409,9.7546,0.1000,Colombia,4.9100,14.4988,65.4776,39.4343,0.8658,0.9061,0.2846,0.1517,0.5165,0.3449,0.2111,0.8659,0.0938,0.7154,0.3223,0.0513,0.0930,0.0155,0.0086,0.0328,0.0204,0.1007
2216,H00131,-77.3409,5.0781,0.1000,Colombia,5.3326,19.9057,45.3847,46.8763,0.9948,0.5719,0.7954,0.2222,0.3362,0.5460,0.0622,0.9948,0.4283,0.2044,0.3223,0.0752,0.0605,0.0246,0.0025,0.0377,0.0930,0.0288
2217,H02155,-72.3909,-2.1099,0.1000,Colombia,5.4392,18.9954,87.6598,48.7159,0.3359,0.7380,0.2987,0.2399,0.3666,0.1230,0.0254,0.3357,0.2620,0.7012,0.3221,0.0812,0.0660,0.0056,0.0010,0.0127,0.0569,0.0987
2218,H00519,-76.1409,5.0781,0.1000,Colombia,4.9025,17.8038,66.2372,12.2047,0.7411,0.7379,0.5228,0.1504,0.4063,0.3373,0.7559,0.7411,0.2622,0.4770,0.3221,0.0509,0.0732,0.0152,0.0307,0.0281,0.0569,0.0672
2219,H01199,-74.4909,8.1092,0.1000,Colombia,4.7805,23.0833,13.0324,36.3221,0.3764,0.3965,0.7086,0.1301,0.2302,0.8697,0.2734,0.3762,0.6038,0.2912,0.3221,0.0440,0.0415,0.0392,0.0111,0.0143,0.1310,0.0410
2220,H00430,-76.4409,6.9833,0.1000,Colombia,4.8580,12.8246,3.8362,15.0015,0.6844,0.7699,0.8372,0.1430,0.5723,0.9617,0.7000,0.6844,0.2302,0.1625,0.3220,0.0484,0.1030,0.0434,0.0285,0.0259,0.0500,0.0229
2221,H02525,-71.4909,-0.0315,0.1000,Colombia,5.6726,13.9912,26.9490,42.6365,0.0075,0.8512,0.5732,0.2788,0.5334,0.7304,0.1470,0.0073,0.1488,0.4266,0.3219,0.0944,0.0960,0.0329,0.0060,0.0003,0.0323,0.0600
2222,H00957,-74.9409,0.5748,0.1000,Colombia,4.2818,7.1720,93.6126,18.6732,0.4006,0.9269,0.2216,0.0470,0.7609,0.0634,0.6265,0.4005,0.0730,0.7784,0.3218,0.0159,0.1370,0.0029,0.0255,0.0152,0.0158,0.1096
2223,H01925,-72.9909,7.2432,0.1000,Colombia,4.5579,3.2014,12.6136,35.8852,0.2055,0.7300,0.9153,0.0930,0.8933,0.8738,0.2821,0.2054,0.2701,0.0844,0.3215,0.0315,0.1608,0.0394,0.0115,0.0078,0.0586,0.0119
2224,H03281,-69.3909,2.5666,0.1000,Colombia,5.1007,24.2012,55.6057,34.5276,0.0231,0.7367,0.0497,0.1835,0.1929,0.4437,0.3093,0.0228,0.2634,0.9504,0.3212,0.0621,0.0347,0.0200,0.0126,0.0009,0.0572,0.1338
2225,H01882,-72.9909,-0.2047,0.1000,Colombia,7.8177,26.6700,54.0029,41.4269,0.7517,0.8772,0.9793,0.6365,0.1106,0.4597,0.1712,0.7517,0.1228,0.0204,0.3211,0.2155,0.0199,0.0207,0.0070,0.0285,0.0267,0.0029
2226,H01984,-72.8409,4.5585,0.1000,Colombia,4.8009,21.4597,2.3459,5.5374,0.0932,0.6690,0.5103,0.1335,0.2844,0.9766,0.8894,0.0930,0.3312,0.4895,0.3209,0.0452,0.0512,0.0440,0.0362,0.0035,0.0719,0.0689
2227,H00656,-75.6909,1.1810,0.1000,Colombia,5.7027,28.6370,21.0047,44.2248,0.6706,0.8620,0.1412,0.2838,0.0450,0.7899,0.1152,0.6705,0.1380,0.8588,0.3207,0.0961,0.0081,0.0356,0.0047,0.0254,0.0300,0.1209
2228,H02570,-71.3409,-2.1965,0.1000,Colombia,6.4306,24.0809,78.4883,22.9719,0.5163,0.8378,0.5632,0.4052,0.1970,0.2147,0.5405,0.5162,0.1622,0.4366,0.3205,0.1372,0.0355,0.0097,0.0220,0.0196,0.0352,0.0615
2229,H02778,-70.8909,5.1647,0.1000,Colombia,6.6732,20.8020,76.2949,30.1077,0.7761,0.9695,0.6431,0.4457,0.3063,0.2367,0.3977,0.7761,0.0305,0.3567,0.3191,0.1509,0.0551,0.0107,0.0162,0.0294,0.0066,0.0502
2230,H02697,-71.0409,0.4016,0.1000,Colombia,5.8712,20.1218,99.9505,2.6337,0.6151,0.6163,0.9384,0.3119,0.3290,0.0000,0.9475,0.6150,0.3839,0.0612,0.3186,0.1056,0.0592,0.0000,0.0385,0.0233,0.0833,0.0086
2231,H00005,-78.5409,1.2676,0.1000,Colombia,4.9360,20.1829,47.3435,25.0485,0.3405,0.3282,0.9711,0.1560,0.3269,0.5264,0.4989,0.3403,0.6722,0.0286,0.3185,0.0528,0.0589,0.0237,0.0203,0.0129,0.1459,0.0040
2232,H03367,-68.9409,3.8657,0.1000,Colombia,5.6171,28.0447,60.9569,13.8580,0.1766,0.7013,0.3112,0.2696,0.0648,0.3902,0.7229,0.1764,0.2988,0.6887,0.3184,0.0913,0.0117,0.0176,0.0294,0.0067,0.0649,0.0969
2233,H02764,-70.8909,2.7398,0.1000,Colombia,4.8056,26.6951,12.4614,21.1507,0.9717,0.5843,0.5553,0.1343,0.1098,0.8754,0.5769,0.9717,0.4159,0.4445,0.3178,0.0455,0.0198,0.0395,0.0234,0.0368,0.0903,0.0626
2234,H03347,-69.0909,4.8183,0.1000,Colombia,5.2135,28.6111,90.1838,24.4665,0.7070,0.4851,0.4509,0.2023,0.0459,0.0977,0.5106,0.7070,0.5152,0.5490,0.3178,0.0685,0.0083,0.0044,0.0208,0.0268,0.1118,0.0773
2235,H01192,-74.4909,6.8967,0.1000,Colombia,6.0753,28.6634,22.8062,42.5546,0.7742,0.7517,0.5148,0.3460,0.0441,0.7719,0.1487,0.7742,0.2484,0.4850,0.3174,0.1171,0.0079,0.0348,0.0060,0.0293,0.0539,0.0683
2236,H01008,-74.9409,9.4082,0.1000,Colombia,5.4980,20.7097,62.9118,37.8829,0.7408,0.8289,0.3964,0.2497,0.3094,0.3706,0.2421,0.7408,0.1712,0.6035,0.3170,0.0845,0.0557,0.0167,0.0098,0.0281,0.0372,0.0850
2237,H00750,-75.5409,8.0226,0.1000,Colombia,4.7014,19.9957,20.0340,39.8494,0.9082,0.6180,0.6031,0.1169,0.3332,0.7996,0.2028,0.9082,0.3821,0.3968,0.3170,0.0396,0.0600,0.0360,0.0082,0.0344,0.0829,0.0559
2238,H03157,-69.8409,-0.6377,0.1000,Colombia,4.3840,19.0832,97.5605,32.5987,0.5639,0.7404,0.0273,0.0640,0.3636,0.0239,0.3479,0.5638,0.2597,0.9727,0.3170,0.0217,0.0655,0.0011,0.0141,0.0214,0.0564,0.1369
2239,H03302,-69.2409,0.7480,0.1000,Colombia,7.3544,27.3250,95.3111,14.4479,0.3495,0.7452,0.9158,0.5592,0.0888,0.0464,0.7111,0.3493,0.2549,0.0839,0.3167,0.1893,0.0160,0.0021,0.0289,0.0132,0.0553,0.0118
2240,H01794,-73.1409,-2.0233,0.1000,Colombia,4.2500,15.7828,51.7639,37.3210,0.0516,0.6203,0.2865,0.0417,0.4737,0.4821,0.2534,0.0514,0.3798,0.7135,0.3163,0.0141,0.0853,0.0217,0.0103,0.0019,0.0824,0.1004
2241,H00083,-77.6409,7.6762,0.1000,Colombia,4.3814,27.9962,36.2583,28.8539,0.2849,0.3158,0.4489,0.0636,0.0664,0.6373,0.4228,0.2847,0.6846,0.5509,0.3163,0.0215,0.0120,0.0287,0.0172,0.0108,0.1486,0.0775
2242,H01235,-74.3409,2.4800,0.1000,Colombia,6.2112,29.4377,25.2663,29.0457,0.5204,0.8249,0.4344,0.3686,0.0183,0.7473,0.4190,0.5203,0.1751,0.5654,0.3161,0.1248,0.0033,0.0337,0.0170,0.0197,0.0380,0.0796
2243,H02138,-72.5409,6.6369,0.1000,Colombia,5.1245,23.4210,79.1353,46.0443,0.6414,0.3454,0.7600,0.1875,0.2190,0.2083,0.0788,0.6413,0.6549,0.2397,0.3157,0.0635,0.0394,0.0094,0.0032,0.0243,0.1421,0.0337
2244,H00386,-76.5909,7.9360,0.1000,Colombia,5.6922,24.1630,32.0536,30.4847,0.3645,0.8057,0.4145,0.2821,0.1942,0.6793,0.3902,0.3644,0.1943,0.5854,0.3153,0.0955,0.0350,0.0306,0.0159,0.0138,0.0422,0.0824
2245,H00874,-75.2409,8.3690,0.1000,Colombia,4.1523,16.9168,80.1172,15.5703,0.5252,0.5005,0.5528,0.0254,0.4359,0.1984,0.6886,0.5251,0.4997,0.4470,0.3153,0.0086,0.0785,0.0089,0.0280,0.0199,0.1085,0.0629
2246,H02977,-70.2909,0.1417,0.1000,Colombia,4.0685,11.5206,16.7196,48.6874,0.6062,0.5579,0.6974,0.0114,0.6158,0.8328,0.0259,0.6061,0.4423,0.3023,0.3148,0.0039,0.1109,0.0376,0.0010,0.0230,0.0960,0.0426
2247,H01310,-74.1909,3.4326,0.1000,Colombia,4.4807,7.7119,58.5852,14.7232,0.3711,0.8827,0.5232,0.0801,0.7428,0.4139,0.7056,0.3710,0.1172,0.4766,0.3148,0.0271,0.1337,0.0187,0.0287,0.0140,0.0254,0.0671
2248,H02467,-71.6409,0.0551,0.1000,Colombia,4.2368,11.3205,74.3503,9.3279,0.2673,0.9647,0.0981,0.0395,0.6225,0.2561,0.8135,0.2672,0.0352,0.9019,0.3148,0.0134,0.1121,0.0115,0.0331,0.0101,0.0076,0.1270
2249,H01265,-74.3409,7.6762,0.1000,Colombia,4.4347,6.1226,97.7993,5.5526,0.0510,0.8460,0.4753,0.0725,0.7958,0.0215,0.8891,0.0507,0.1541,0.5246,0.3142,0.0245,0.1433,0.0010,0.0362,0.0019,0.0334,0.0738
2250,H03143,-69.8409,-3.0625,0.1000,Colombia,7.2300,29.9762,46.4784,5.9650,0.5070,0.9056,0.7726,0.5385,0.0004,0.5350,0.8808,0.5070,0.0944,0.2272,0.3140,0.1823,0.0001,0.0241,0.0358,0.0192,0.0205,0.0320
2251,H01231,-74.3409,1.7872,0.1000,Colombia,5.3797,28.4334,90.1486,9.4678,0.6822,0.3130,0.8989,0.2300,0.0518,0.0981,0.8107,0.6822,0.6874,0.1008,0.3138,0.0779,0.0093,0.0044,0.0330,0.0258,0.1492,0.0142
2252,H00152,-77.1909,1.0078,0.1000,Colombia,4.8694,13.0153,98.7100,34.9328,0.6772,0.7740,0.4650,0.1449,0.5660,0.0124,0.3012,0.6772,0.2261,0.5349,0.3138,0.0491,0.1019,0.0006,0.0123,0.0256,0.0491,0.0753
2253,H02491,-71.6409,4.2121,0.1000,Colombia,5.2193,14.7909,46.2328,42.8187,0.0832,0.6806,0.6396,0.2033,0.5068,0.5375,0.1434,0.0829,0.3195,0.3602,0.3133,0.0688,0.0912,0.0242,0.0058,0.0031,0.0693,0.0507
2254,H00468,-76.2909,4.9915,0.1000,Colombia,5.3416,22.4123,34.3980,47.5790,0.1276,0.6158,0.4867,0.2236,0.2526,0.6559,0.0481,0.1274,0.3843,0.5132,0.3132,0.0757,0.0455,0.0296,0.0020,0.0048,0.0834,0.0722
2255,H01273,-74.3409,9.0618,0.1000,Colombia,4.2377,0.7605,97.2230,39.4475,0.3762,0.6774,0.7874,0.0396,0.9747,0.0273,0.2108,0.3760,0.3227,0.2124,0.3129,0.0134,0.1755,0.0012,0.0086,0.0142,0.0700,0.0299
2256,H01320,-74.1909,5.1647,0.1000,Colombia,5.4826,10.5495,91.4584,30.7016,0.0990,0.5956,0.9914,0.2472,0.6482,0.0850,0.3858,0.0987,0.4046,0.0083,0.3126,0.0837,0.1167,0.0038,0.0157,0.0037,0.0878,0.0012
2257,H03378,-68.9409,5.7709,0.1000,Colombia,4.5303,2.5014,74.8319,25.9092,0.7882,0.8315,0.8558,0.0884,0.9166,0.2513,0.4817,0.7882,0.1685,0.1439,0.3126,0.0299,0.1650,0.0113,0.0196,0.0299,0.0366,0.0203
2258,H02683,-71.0409,-2.0233,0.1000,Colombia,6.2746,21.7367,60.6410,27.3869,0.6363,0.8426,0.7138,0.3792,0.2751,0.3933,0.4522,0.6363,0.1574,0.2859,0.3125,0.1284,0.0495,0.0177,0.0184,0.0241,0.0342,0.0403
2259,H00222,-77.0409,4.9049,0.1000,Colombia,4.5620,3.5593,26.7874,16.7372,0.7167,0.9576,0.8178,0.0937,0.8813,0.7320,0.6653,0.7167,0.0423,0.1819,0.3124,0.0317,0.1587,0.0330,0.0271,0.0272,0.0092,0.0256
2260,H01862,-73.1409,10.1010,0.1000,Colombia,5.0646,20.8013,48.7877,39.8630,0.9588,0.8121,0.3718,0.1775,0.3063,0.5119,0.2025,0.9588,0.1879,0.6281,0.3121,0.0601,0.0551,0.0231,0.0082,0.0363,0.0408,0.0884
2261,H00875,-75.2409,8.5422,0.1000,Colombia,4.9369,7.8349,60.4381,6.0541,0.8347,0.9708,0.7545,0.1562,0.7387,0.3953,0.8790,0.8348,0.0291,0.2452,0.3119,0.0529,0.1330,0.0178,0.0357,0.0316,0.0063,0.0345
2262,H02887,-70.5909,4.9915,0.1000,Colombia,6.4565,14.2336,61.2593,47.8264,0.6973,0.9459,0.8500,0.4095,0.5254,0.3871,0.0432,0.6973,0.0540,0.1497,0.3116,0.1386,0.0946,0.0175,0.0018,0.0264,0.0117,0.0211
2263,H03181,-69.8409,4.5585,0.1000,Colombia,5.7351,28.8483,78.5203,32.8697,0.5226,0.3599,0.8261,0.2893,0.0380,0.2144,0.3424,0.5226,0.6405,0.1736,0.3116,0.0979,0.0068,0.0097,0.0139,0.0198,0.1390,0.0244
2264,H01349,-74.1909,10.1876,0.1000,Colombia,4.2407,14.4780,6.1543,15.5596,0.2347,0.4938,0.8901,0.0401,0.5172,0.9385,0.6888,0.2345,0.5065,0.1096,0.3113,0.0136,0.0931,0.0423,0.0280,0.0089,0.1099,0.0154
2265,H02551,-71.4909,4.4719,0.1000,Colombia,4.6660,12.2222,39.2786,27.4360,0.7970,0.9310,0.4683,0.1110,0.5924,0.6071,0.4512,0.7970,0.0690,0.5316,0.3100,0.0376,0.1067,0.0274,0.0183,0.0302,0.0150,0.0748
2266,H00164,-77.1909,3.0862,0.1000,Colombia,4.5417,26.9516,27.8217,17.8492,0.4644,0.3149,0.7425,0.0903,0.1012,0.7217,0.6430,0.4643,0.6855,0.2572,0.3100,0.0306,0.0182,0.0325,0.0261,0.0176,0.1488,0.0362
2267,H00726,-75.5409,3.8657,0.1000,Colombia,4.8386,1.4509,66.9348,22.1823,0.4237,0.8308,0.9936,0.1398,0.9516,0.3303,0.5563,0.4236,0.1693,0.0061,0.3098,0.0473,0.1713,0.0149,0.0226,0.0160,0.0367,0.0009
2268,H02035,-72.6909,0.8346,0.1000,Colombia,6.0970,22.2505,4.4751,37.7572,0.4327,0.9330,0.5666,0.3496,0.2580,0.9553,0.2446,0.4325,0.0670,0.4332,0.3097,0.1183,0.0464,0.0431,0.0099,0.0164,0.0145,0.0610
2269,H00490,-76.2909,8.8020,0.1000,Colombia,6.7339,19.9147,55.4058,28.2909,0.5714,0.8812,0.9307,0.4558,0.3359,0.4457,0.4341,0.5713,0.1188,0.0689,0.3096,0.1543,0.0605,0.0201,0.0176,0.0216,0.0258,0.0097
2270,H01884,-72.9909,0.1417,0.1000,Colombia,4.9604,18.9517,32.5890,15.3030,0.3450,0.5021,0.9376,0.1601,0.3680,0.6740,0.6940,0.3449,0.4981,0.0620,0.3090,0.0542,0.0663,0.0304,0.0282,0.0131,0.1081,0.0087
2271,H00628,-75.8409,5.5977,0.1000,Colombia,4.2201,13.6255,13.6371,21.6538,0.5954,0.7019,0.6525,0.0367,0.5456,0.8636,0.5669,0.5953,0.2982,0.3473,0.3088,0.0124,0.0982,0.0389,0.0231,0.0226,0.0647,0.0489
2272,H03400,-68.7909,5.1647,0.1000,Colombia,4.4035,25.9694,55.5083,4.8790,0.9426,0.5068,0.5625,0.0673,0.1340,0.4447,0.9025,0.9426,0.4935,0.4374,0.3080,0.0228,0.0241,0.0200,0.0367,0.0357,0.1071,0.0616
2273,H00151,-77.1909,0.8346,0.1000,Colombia,5.4374,17.8825,17.4787,46.3354,0.8413,0.7339,0.8283,0.2396,0.4037,0.8252,0.0730,0.8413,0.2662,0.1714,0.3077,0.0811,0.0727,0.0372,0.0030,0.0319,0.0578,0.0241
2274,H02821,-70.7409,3.1728,0.1000,Colombia,5.3721,16.5811,46.0207,22.1897,0.3604,0.8142,0.6526,0.2287,0.4471,0.5396,0.5561,0.3603,0.1859,0.3472,0.3077,0.0774,0.0805,0.0243,0.0226,0.0137,0.0403,0.0489
2275,H01560,-73.7409,9.4082,0.1000,Colombia,6.1205,24.4997,89.5812,3.5855,0.4895,0.5888,0.9677,0.3535,0.1830,0.1037,0.9284,0.4894,0.4114,0.0320,0.3074,0.1197,0.0330,0.0047,0.0377,0.0185,0.0893,0.0045
2276,H03018,-70.1409,-3.7554,0.1000,Colombia,4.4101,15.7402,98.4165,44.2402,0.6904,0.4696,0.6315,0.0684,0.4751,0.0153,0.1149,0.6904,0.5307,0.3683,0.3072,0.0232,0.0855,0.0007,0.0047,0.0261,0.1152,0.0519
2277,H01064,-74.7909,7.7628,0.1000,Colombia,6.5281,18.9413,77.1323,0.5514,0.5350,0.8832,0.9868,0.4215,0.3684,0.2283,0.9891,0.5349,0.1168,0.0129,0.3070,0.1427,0.0663,0.0103,0.0402,0.0203,0.0254,0.0018
2278,H00598,-75.8409,0.4016,0.1000,Colombia,5.1537,7.0122,56.0694,22.1958,0.2363,0.8518,0.8549,0.1923,0.7662,0.4391,0.5560,0.2362,0.1482,0.1448,0.3069,0.0651,0.1379,0.0198,0.0226,0.0089,0.0322,0.0204
2279,H01737,-73.2909,1.5274,0.1000,Colombia,5.1677,8.6253,73.6280,37.8297,0.0562,0.8972,0.5272,0.1947,0.7124,0.2634,0.2432,0.0560,0.1028,0.4727,0.3069,0.0659,0.1283,0.0119,0.0099,0.0021,0.0223,0.0665
2280,H01653,-73.4409,0.0551,0.1000,Colombia,6.1608,25.7357,31.9652,38.2749,0.9982,0.7677,0.7801,0.3602,0.1418,0.6802,0.2343,0.9982,0.2324,0.2196,0.3068,0.1219,0.0255,0.0307,0.0095,0.0378,0.0504,0.0309
2281,H00855,-75.2409,5.0781,0.1000,Colombia,5.1441,27.2113,66.0727,6.5965,0.8382,0.4114,0.8919,0.1907,0.0926,0.3390,0.8682,0.8382,0.5889,0.1078,0.3065,0.0646,0.0167,0.0153,0.0353,0.0318,0.1278,0.0152
2282,H01119,-74.6409,5.7709,0.1000,Colombia,4.7771,12.9161,64.6621,27.4060,0.7513,0.6837,0.7965,0.1295,0.5693,0.3531,0.4518,0.7513,0.3165,0.2032,0.3064,0.0438,0.1025,0.0159,0.0184,0.0285,0.0687,0.0286
2283,H00899,-75.0909,1.7006,0.1000,Colombia,4.5131,16.5160,23.3609,40.7026,0.3191,0.3580,0.9793,0.0855,0.4492,0.7663,0.1857,0.3189,0.6424,0.0204,0.3063,0.0289,0.0809,0.0345,0.0076,0.0121,0.1394,0.0029
2284,H01288,-74.1909,-0.3779,0.1000,Colombia,4.1992,9.2304,45.7317,5.6777,0.0957,0.6986,0.7096,0.0332,0.6922,0.5425,0.8865,0.0954,0.3015,0.2902,0.3063,0.0112,0.1246,0.0245,0.0360,0.0036,0.0654,0.0408
2285,H00613,-75.8409,2.9996,0.1000,Colombia,4.4906,13.9854,46.4689,45.2544,0.0280,0.4677,0.7315,0.0818,0.5336,0.5351,0.0946,0.0278,0.5325,0.2682,0.3061,0.0277,0.0961,0.0241,0.0039,0.0010,0.1156,0.0377
2286,H01814,-73.1409,1.4408,0.1000,Colombia,4.4930,21.4795,45.6127,39.6883,0.7898,0.8508,0.0672,0.0822,0.2837,0.5437,0.2060,0.7899,0.1492,0.9328,0.3054,0.0278,0.0511,0.0245,0.0084,0.0299,0.0324,0.1313
2287,H03255,-69.5409,2.8264,0.1000,Colombia,4.8571,15.0922,84.8753,34.9689,0.3513,0.4043,0.9585,0.1429,0.4967,0.1508,0.3004,0.3512,0.5960,0.0412,0.3053,0.0484,0.0894,0.0068,0.0122,0.0133,0.1293,0.0058
2288,H00144,-77.3409,7.5030,0.1000,Colombia,5.7090,24.9285,12.0961,33.9197,0.7679,0.7018,0.7779,0.2849,0.1687,0.8790,0.3214,0.7679,0.2984,0.2218,0.3046,0.0964,0.0304,0.0396,0.0131,0.0291,0.0648,0.0312
2289,H00202,-77.0409,1.4408,0.1000,Colombia,4.9698,24.7066,19.3447,19.3208,0.3302,0.3461,0.9838,0.1617,0.1761,0.8065,0.6136,0.3301,0.6542,0.0159,0.3045,0.0547,0.0317,0.0364,0.0249,0.0125,0.1420,0.0022
2290,H02478,-71.6409,1.9604,0.1000,Colombia,4.7489,16.9121,35.2433,22.3690,0.8756,0.5620,0.9723,0.1248,0.4360,0.6474,0.5526,0.8756,0.4383,0.0273,0.3045,0.0423,0.0785,0.0292,0.0225,0.0332,0.0951,0.0038
2291,H01116,-74.6409,5.2513,0.1000,Colombia,4.5489,2.0281,81.1163,42.3579,0.4633,0.9854,0.5032,0.0915,0.9324,0.1884,0.1526,0.4632,0.0145,0.4967,0.3042,0.0310,0.1679,0.0085,0.0062,0.0175,0.0032,0.0699
2292,H03390,-68.7909,3.4326,0.1000,Colombia,5.9382,11.3043,35.7641,48.7947,0.7464,0.9124,0.9615,0.3231,0.6230,0.6422,0.0238,0.7464,0.0876,0.0382,0.3041,0.1094,0.1122,0.0290,0.0010,0.0283,0.0190,0.0054
2293,H03295,-69.3909,4.9915,0.1000,Colombia,4.3994,12.4821,76.4246,17.4713,0.3303,0.5287,0.8265,0.0666,0.5838,0.2354,0.6506,0.3301,0.4715,0.1732,0.3039,0.0226,0.1051,0.0106,0.0265,0.0125,0.1023,0.0244
2294,H02606,-71.3409,4.0389,0.1000,Colombia,4.2811,21.2168,89.0019,29.8081,0.5461,0.4007,0.5512,0.0469,0.2925,0.1095,0.4037,0.5460,0.5996,0.4486,0.3039,0.0159,0.0527,0.0049,0.0164,0.0207,0.1301,0.0631
2295,H01654,-73.4409,0.2283,0.1000,Colombia,4.5259,9.1471,81.0433,42.0039,0.8254,0.6659,0.7863,0.0877,0.6950,0.1892,0.1597,0.8254,0.3342,0.2134,0.3037,0.0297,0.1251,0.0085,0.0065,0.0313,0.0725,0.0300
2296,H02003,-72.8409,7.8494,0.1000,Colombia,5.4973,16.5171,45.4097,4.1951,0.6974,0.7863,0.9738,0.2496,0.4492,0.5457,0.9162,0.6973,0.2138,0.0259,0.3037,0.0845,0.0809,0.0246,0.0372,0.0264,0.0464,0.0037
2297,H02292,-72.0909,-0.0315,0.1000,Colombia,5.2420,23.3395,93.9109,0.2141,0.1932,0.5118,0.7375,0.2070,0.2217,0.0604,0.9959,0.1930,0.4885,0.2623,0.3035,0.0701,0.0399,0.0027,0.0405,0.0073,0.1060,0.0369
2298,H03077,-70.1409,6.6369,0.1000,Colombia,4.6354,20.3111,23.5687,12.3230,0.8501,0.6863,0.6864,0.1059,0.3227,0.7642,0.7536,0.8501,0.3138,0.3134,0.3035,0.0358,0.0581,0.0345,0.0306,0.0322,0.0681,0.0441
2299,H03190,-69.8409,6.1173,0.1000,Colombia,5.8468,23.9908,18.7411,38.4182,0.3024,0.6990,0.7127,0.3079,0.2000,0.8125,0.2314,0.3022,0.3012,0.2871,0.3035,0.1042,0.0360,0.0366,0.0094,0.0115,0.0654,0.0404
2300,H02558,-71.4909,5.6843,0.1000,Colombia,4.4612,25.0932,50.2132,23.5216,0.7076,0.6005,0.3588,0.0769,0.1632,0.4976,0.5295,0.7075,0.3996,0.6411,0.3032,0.0260,0.0294,0.0224,0.0215,0.0268,0.0867,0.0902
2301,H00459,-76.2909,3.4326,0.1000,Colombia,4.7129,20.4760,83.7841,1.1553,0.5130,0.7126,0.4554,0.1188,0.3172,0.1618,0.9770,0.5129,0.2875,0.5445,0.3028,0.0402,0.0571,0.0073,0.0397,0.0194,0.0624,0.0766
2302,H00566,-75.9909,4.1255,0.1000,Colombia,6.3535,20.1752,93.6853,20.8354,0.3042,0.8034,0.7849,0.3923,0.3272,0.0627,0.5832,0.3041,0.1966,0.2148,0.3027,0.1328,0.0589,0.0028,0.0237,0.0115,0.0427,0.0302
2303,H00708,-75.5409,0.7480,0.1000,Colombia,5.5278,14.4383,35.9339,33.9564,0.5819,0.7434,0.9763,0.2547,0.5185,0.6405,0.3207,0.5819,0.2567,0.0234,0.3025,0.0862,0.0934,0.0289,0.0130,0.0220,0.0557,0.0033
2304,H03175,-69.8409,3.5192,0.1000,Colombia,5.1139,24.7766,15.3113,40.9719,0.4578,0.7889,0.2933,0.1857,0.1738,0.8469,0.1803,0.4577,0.2111,0.7066,0.3023,0.0629,0.0313,0.0382,0.0073,0.0173,0.0458,0.0995
2305,H00029,-78.2409,2.4800,0.1000,Colombia,4.2787,22.8173,44.4480,45.5111,0.3283,0.3796,0.5206,0.0465,0.2391,0.5553,0.0895,0.3282,0.6207,0.4793,0.3021,0.0157,0.0430,0.0250,0.0036,0.0124,0.1347,0.0675
2306,H00239,-77.0409,7.8494,0.1000,Colombia,5.0627,19.8533,33.4143,35.9221,0.6440,0.9346,0.2810,0.1772,0.3379,0.6657,0.2814,0.6440,0.0653,0.7190,0.3021,0.0600,0.0608,0.0300,0.0114,0.0244,0.0142,0.1012
2307,H02747,-70.8909,-0.2047,0.1000,Colombia,4.8818,7.2074,83.0177,46.0195,0.4681,0.8654,0.5901,0.1470,0.7597,0.1694,0.0793,0.4680,0.1346,0.4097,0.3020,0.0498,0.1368,0.0076,0.0032,0.0177,0.0292,0.0577
2308,H01602,-73.5909,4.1255,0.1000,Colombia,5.3599,22.2711,72.0416,49.9153,0.1214,0.5373,0.5709,0.2267,0.2573,0.2792,0.0014,0.1212,0.4630,0.4289,0.3012,0.0767,0.0463,0.0126,0.0001,0.0046,0.1005,0.0604
2309,H00809,-75.3909,7.7628,0.1000,Colombia,4.6794,9.4609,97.3045,44.4847,0.0799,0.8367,0.3253,0.1133,0.6845,0.0265,0.1100,0.0797,0.1633,0.6746,0.3007,0.0384,0.1232,0.0012,0.0045,0.0030,0.0354,0.0950
2310,H00935,-75.0909,7.9360,0.1000,Colombia,5.6338,27.9826,36.3189,14.8041,0.4275,0.7553,0.5046,0.2724,0.0668,0.6367,0.7039,0.4274,0.2447,0.4952,0.3006,0.0922,0.0120,0.0287,0.0286,0.0162,0.0531,0.0697
2311,H00542,-76.1409,9.0618,0.1000,Colombia,5.3719,25.5345,24.8944,40.8766,0.5627,0.9130,0.1831,0.2287,0.1485,0.7510,0.1822,0.5626,0.0870,0.8169,0.3006,0.0774,0.0267,0.0339,0.0074,0.0213,0.0189,0.1150
2312,H01554,-73.7409,8.3690,0.1000,Colombia,5.3685,23.0718,56.6444,11.5211,0.2079,0.6525,0.6616,0.2281,0.2306,0.4333,0.7696,0.2077,0.3476,0.3382,0.3005,0.0772,0.0415,0.0195,0.0313,0.0079,0.0754,0.0476
2313,H01997,-72.8409,6.8101,0.1000,Colombia,4.4137,24.6378,89.0303,22.7506,0.7534,0.4694,0.4751,0.0690,0.1784,0.1093,0.5449,0.7534,0.5309,0.5248,0.3002,0.0234,0.0321,0.0049,0.0221,0.0285,0.1152,0.0739
2314,H02229,-72.2409,-0.2913,0.1000,Colombia,5.7995,26.2060,34.1712,47.5275,0.4914,0.6096,0.7119,0.3000,0.1261,0.6582,0.0491,0.4913,0.3906,0.2879,0.2998,0.1016,0.0227,0.0297,0.0020,0.0186,0.0848,0.0405
2315,H03520,-68.0409,3.5192,0.1000,Colombia,5.3762,22.1562,42.6444,23.1415,0.4619,0.8955,0.3808,0.2294,0.2611,0.5734,0.5371,0.4618,0.1045,0.6191,0.2997,0.0777,0.0470,0.0259,0.0218,0.0175,0.0227,0.0872
2316,H00213,-77.0409,3.3460,0.1000,Colombia,5.3456,25.2273,64.4757,8.3521,0.7917,0.8286,0.4457,0.2243,0.1587,0.3549,0.8330,0.7917,0.1714,0.5541,0.2996,0.0759,0.0286,0.0160,0.0339,0.0300,0.0372,0.0780
2317,H03073,-70.1409,5.9441,0.1000,Colombia,5.6266,16.3045,99.7915,46.2665,0.9063,0.9744,0.4136,0.2712,0.4563,0.0016,0.0744,0.9063,0.0256,0.5863,0.2995,0.0918,0.0822,0.0001,0.0030,0.0343,0.0056,0.0825
2318,H03603,-67.4409,6.1173,0.1000,Colombia,5.6719,28.1311,25.5428,27.2127,0.9979,0.7756,0.6060,0.2787,0.0619,0.7445,0.4556,0.9980,0.2245,0.3938,0.2995,0.0944,0.0112,0.0336,0.0185,0.0378,0.0487,0.0554
2319,H01580,-73.5909,0.3150,0.1000,Colombia,5.3917,23.9399,20.3071,41.6113,0.1096,0.6847,0.5111,0.2320,0.2017,0.7969,0.1675,0.1094,0.3155,0.4888,0.2990,0.0785,0.0363,0.0359,0.0068,0.0041,0.0685,0.0688
2320,H00224,-77.0409,5.2513,0.1000,Colombia,5.5912,20.5160,87.1334,26.6174,0.7894,0.7456,0.6992,0.2653,0.3158,0.1282,0.4676,0.7894,0.2545,0.3006,0.2989,0.0898,0.0569,0.0058,0.0190,0.0299,0.0552,0.0423
2321,H01843,-73.1409,6.4637,0.1000,Colombia,7.6776,29.2937,51.7150,34.1378,0.3397,0.8715,0.9171,0.6131,0.0231,0.4826,0.3171,0.3395,0.1285,0.0826,0.2987,0.2076,0.0042,0.0218,0.0129,0.0129,0.0279,0.0116
2322,H02839,-70.7409,6.2905,0.1000,Colombia,6.2303,27.1996,89.4055,39.4719,0.7532,0.4963,0.9655,0.3718,0.0929,0.1055,0.2103,0.7532,0.5040,0.0341,0.2986,0.1259,0.0167,0.0048,0.0086,0.0285,0.1094,0.0048
2323,H01668,-73.4409,2.6532,0.1000,Colombia,4.6982,26.7342,7.5094,25.8170,0.9085,0.4534,0.8268,0.1164,0.1085,0.9249,0.4836,0.9086,0.5469,0.1729,0.2978,0.0394,0.0195,0.0417,0.0197,0.0344,0.1187,0.0243
2324,H01453,-73.8909,3.4326,0.1000,Colombia,7.4237,27.6161,60.6217,4.7834,0.1048,0.9252,0.8926,0.5708,0.0791,0.3935,0.9044,0.1045,0.0748,0.1071,0.2973,0.1932,0.0142,0.0177,0.0368,0.0040,0.0162,0.0151
2325,H02650,-71.1909,1.7006,0.1000,Colombia,5.2533,15.0263,42.2876,18.7942,0.7460,0.8724,0.7919,0.2089,0.4989,0.5769,0.6241,0.7459,0.1276,0.2079,0.2971,0.0707,0.0898,0.0260,0.0254,0.0283,0.0277,0.0293
2326,H00449,-76.2909,1.7006,0.1000,Colombia,4.5010,25.9669,5.3435,2.1167,0.0693,0.3134,0.9194,0.0835,0.1341,0.9466,0.9578,0.0691,0.6870,0.0803,0.2971,0.0283,0.0241,0.0427,0.0389,0.0026,0.1491,0.0113
2327,H02813,-70.7409,1.7872,0.1000,Colombia,4.9762,8.0486,55.8134,10.0900,0.3625,0.8842,0.8644,0.1627,0.7316,0.4416,0.7983,0.3623,0.1157,0.1353,0.2970,0.0551,0.1317,0.0199,0.0325,0.0137,0.0251,0.0191
2328,H00269,-76.8909,4.6451,0.1000,Colombia,5.7616,26.5855,66.8753,28.4756,0.9324,0.5052,0.9855,0.2937,0.1134,0.3309,0.4304,0.9325,0.4951,0.0142,0.2970,0.0994,0.0204,0.0149,0.0175,0.0353,0.1075,0.0020
2329,H01246,-74.3409,4.3853,0.1000,Colombia,4.7875,24.2480,8.5200,12.2254,0.4186,0.9638,0.1314,0.1313,0.1914,0.9148,0.7555,0.4185,0.0361,0.8686,0.2968,0.0445,0.0345,0.0412,0.0307,0.0158,0.0078,0.1223
2330,H03127,-69.9909,4.9915,0.1000,Colombia,4.4869,17.1056,37.6950,38.2676,0.5590,0.8631,0.2729,0.0812,0.4296,0.6229,0.2344,0.5589,0.1369,0.7270,0.2957,0.0275,0.0774,0.0281,0.0095,0.0212,0.0297,0.1023
2331,H02331,-72.0909,6.7235,0.1000,Colombia,4.3571,10.1552,7.2272,37.8741,0.0426,0.9187,0.3925,0.0595,0.6614,0.9277,0.2423,0.0424,0.0813,0.6074,0.2957,0.0201,0.1191,0.0418,0.0098,0.0016,0.0176,0.0855
2332,H03224,-69.6909,3.9523,0.1000,Colombia,4.9945,29.0407,81.4419,10.5323,0.5912,0.4113,0.6936,0.1658,0.0316,0.1852,0.7894,0.5911,0.5890,0.3062,0.2956,0.0561,0.0057,0.0083,0.0321,0.0224,0.1278,0.0431
2333,H00842,-75.2409,2.8264,0.1000,Colombia,5.0682,4.1996,73.2723,36.4633,0.2283,0.8130,0.9411,0.1781,0.8600,0.2669,0.2705,0.2281,0.1871,0.0585,0.2956,0.0603,0.1548,0.0120,0.0110,0.0086,0.0406,0.0082
2334,H00602,-75.8409,1.0944,0.1000,Colombia,5.0621,14.9439,20.6203,20.7310,0.0921,0.9470,0.4982,0.1771,0.5017,0.7937,0.5853,0.0919,0.0529,0.5017,0.2954,0.0600,0.0903,0.0358,0.0238,0.0035,0.0115,0.0706
2335,H03388,-68.7909,3.0862,0.1000,Colombia,4.2339,23.0031,13.4525,44.7357,0.3558,0.5751,0.3515,0.0390,0.2329,0.8655,0.1050,0.3556,0.4251,0.6484,0.2954,0.0132,0.0419,0.0390,0.0043,0.0135,0.0923,0.0913
2336,H01387,-74.0409,4.3853,0.1000,Colombia,4.7852,25.6364,9.7707,5.5657,0.7735,0.7163,0.5929,0.1309,0.1451,0.9023,0.8888,0.7735,0.2838,0.4069,0.2954,0.0443,0.0261,0.0407,0.0361,0.0293,0.0616,0.0573
2337,H00125,-77.3409,3.5192,0.1000,Colombia,6.5626,27.1308,76.0465,19.5359,0.3549,0.8906,0.5688,0.4272,0.0952,0.2392,0.6093,0.3548,0.1093,0.4310,0.2951,0.1446,0.0171,0.0108,0.0248,0.0134,0.0237,0.0607
2338,H02692,-71.0409,-0.4645,0.1000,Colombia,4.0595,11.0202,60.4941,39.9974,0.9972,0.8216,0.4664,0.0099,0.6325,0.3948,0.1998,0.9972,0.1785,0.5335,0.2948,0.0034,0.1139,0.0178,0.0081,0.0378,0.0387,0.0751
2339,H01720,-73.2909,-1.4171,0.1000,Colombia,4.8535,28.3412,27.4545,38.9552,0.8561,0.8083,0.1469,0.1423,0.0549,0.7254,0.2207,0.8562,0.1917,0.8531,0.2939,0.0482,0.0099,0.0327,0.0090,0.0324,0.0416,0.1201
2340,H01169,-74.4909,2.9130,0.1000,Colombia,5.7222,12.5218,95.6836,10.5340,0.1085,0.9947,0.6290,0.2871,0.5824,0.0427,0.7894,0.1083,0.0053,0.3708,0.2935,0.0972,0.1049,0.0019,0.0321,0.0041,0.0011,0.0522
2341,H02470,-71.6409,0.5748,0.1000,Colombia,5.3665,13.7329,78.0733,5.1650,0.6218,0.7764,0.9975,0.2278,0.5420,0.2189,0.8968,0.6217,0.2237,0.0022,0.2934,0.0771,0.0976,0.0099,0.0365,0.0236,0.0486,0.0003
2342,H02476,-71.6409,1.6140,0.1000,Colombia,4.7839,23.2760,0.2632,16.9514,0.2472,0.4821,0.8951,0.1307,0.2238,0.9974,0.6610,0.2470,0.5182,0.1046,0.2929,0.0442,0.0403,0.0450,0.0269,0.0094,0.1125,0.0147
2343,H00562,-75.9909,3.4326,0.1000,Colombia,4.8182,24.3742,42.8887,29.0553,0.0837,0.4811,0.6145,0.1364,0.1872,0.5709,0.4188,0.0835,0.5191,0.3853,0.2927,0.0462,0.0337,0.0257,0.0170,0.0032,0.1127,0.0542
2344,H03253,-69.5409,2.4800,0.1000,Colombia,4.7032,17.3422,24.4790,34.4433,0.5363,0.5120,0.9709,0.1172,0.4217,0.7551,0.3110,0.5363,0.4882,0.0288,0.2926,0.0397,0.0759,0.0340,0.0126,0.0203,0.1060,0.0040
2345,H02327,-72.0909,6.0307,0.1000,Colombia,4.0094,0.5895,50.4754,19.3667,0.6131,0.9444,0.7723,0.0016,0.9804,0.4950,0.6126,0.6131,0.0555,0.2275,0.2916,0.0005,0.1765,0.0223,0.0249,0.0232,0.0120,0.0320
2346,H01001,-74.9409,8.1958,0.1000,Colombia,7.2514,24.2648,45.1869,45.1501,0.8175,0.9372,0.9972,0.5420,0.1908,0.5479,0.0967,0.8175,0.0628,0.0025,0.2914,0.1835,0.0343,0.0247,0.0039,0.0310,0.0136,0.0003
2347,H03050,-70.1409,1.9604,0.1000,Colombia,5.2320,22.7037,40.9518,34.8270,0.1400,0.8465,0.2878,0.2054,0.2429,0.5903,0.3033,0.1398,0.1535,0.7121,0.2911,0.0695,0.0437,0.0266,0.0123,0.0053,0.0333,0.1002
2348,H01365,-74.0409,0.5748,0.1000,Colombia,4.7894,29.3185,54.2841,30.8443,0.2733,0.5139,0.3584,0.1316,0.0223,0.4569,0.3830,0.2731,0.4863,0.6415,0.2909,0.0445,0.0040,0.0206,0.0156,0.0103,0.1055,0.0903
2349,H03254,-69.5409,2.6532,0.1000,Colombia,6.0232,28.7394,4.9447,44.7516,0.2890,0.9057,0.3572,0.3373,0.0416,0.9506,0.1047,0.2889,0.0943,0.6427,0.2907,0.1142,0.0075,0.0429,0.0043,0.0109,0.0205,0.0905
2350,H01009,-74.9409,9.5814,0.1000,Colombia,6.9365,28.3507,15.2658,28.1735,0.8364,0.9238,0.9216,0.4896,0.0546,0.8473,0.4364,0.8365,0.0761,0.0781,0.2907,0.1657,0.0098,0.0382,0.0177,0.0317,0.0165,0.0110
2351,H00822,-75.3909,10.0144,0.1000,Colombia,6.0010,23.4728,96.0266,41.6528,0.9203,0.5778,0.9829,0.3336,0.2172,0.0393,0.1667,0.9203,0.4224,0.0168,0.2895,0.1129,0.0391,0.0018,0.0068,0.0349,0.0917,0.0024
2352,H02015,-72.8409,11.3135,0.1000,Colombia,6.4666,22.6994,91.4886,16.7123,0.1792,0.7069,0.9638,0.4112,0.2430,0.0847,0.6657,0.1790,0.2932,0.0359,0.2893,0.1392,0.0437,0.0038,0.0271,0.0068,0.0636,0.0050
2353,H00882,-75.2409,9.7546,0.1000,Colombia,4.1183,3.9955,97.3743,37.2566,0.2727,0.8142,0.5423,0.0197,0.8668,0.0258,0.2547,0.2725,0.1858,0.4575,0.2893,0.0067,0.1561,0.0012,0.0103,0.0103,0.0403,0.0644
2354,H00339,-76.7409,8.3690,0.1000,Colombia,4.5870,6.9443,3.7697,33.5652,0.7306,0.8664,0.9683,0.0979,0.7684,0.9623,0.3285,0.7305,0.1335,0.0313,0.2893,0.0331,0.1384,0.0434,0.0134,0.0277,0.0290,0.0044
2355,H01960,-72.8409,0.4016,0.1000,Colombia,4.7100,3.8505,90.3982,41.2473,0.6699,0.8127,0.8941,0.1184,0.8716,0.0956,0.1748,0.6699,0.1873,0.1056,0.2893,0.0401,0.1569,0.0043,0.0071,0.0254,0.0406,0.0149
2356,H00718,-75.5409,2.4800,0.1000,Colombia,4.7458,19.3187,93.1913,21.6012,0.5237,0.9678,0.0780,0.1243,0.3558,0.0676,0.5679,0.5236,0.0321,0.9220,0.2889,0.0421,0.0641,0.0031,0.0231,0.0198,0.0070,0.1298
2357,H01481,-73.8909,8.2824,0.1000,Colombia,4.7213,25.3198,28.9498,39.1851,0.2738,0.6942,0.2716,0.1202,0.1556,0.7104,0.2161,0.2736,0.3059,0.7283,0.2888,0.0407,0.0280,0.0320,0.0088,0.0104,0.0664,0.1025
2358,H02357,-71.9409,0.9212,0.1000,Colombia,4.3987,24.1536,40.6568,27.7759,0.0622,0.4686,0.5122,0.0665,0.1945,0.5933,0.4444,0.0620,0.5317,0.4876,0.2887,0.0225,0.0350,0.0267,0.0181,0.0024,0.1154,0.0686
2359,H00878,-75.2409,9.0618,0.1000,Colombia,4.1626,23.8873,74.2310,28.6073,0.4696,0.6912,0.0833,0.0271,0.2034,0.2573,0.4277,0.4695,0.3089,0.9167,0.2887,0.0092,0.0366,0.0116,0.0174,0.0178,0.0670,0.1290
2360,H00974,-74.9409,3.5192,0.1000,Colombia,4.1871,21.8793,66.4074,15.4777,0.4453,0.3176,0.8499,0.0312,0.2704,0.3356,0.6905,0.4452,0.6828,0.1498,0.2886,0.0106,0.0487,0.0151,0.0281,0.0169,0.1482,0.0211
2361,H02420,-71.7909,1.8738,0.1000,Colombia,4.9601,7.0705,28.7330,47.9349,0.5041,0.9609,0.7489,0.1601,0.7642,0.7126,0.0410,0.5040,0.0390,0.2509,0.2885,0.0542,0.1376,0.0321,0.0017,0.0191,0.0085,0.0353
2362,H00077,-77.6409,2.8264,0.1000,Colombia,4.4443,23.2573,29.7571,16.2412,0.2395,0.4326,0.7747,0.0741,0.2244,0.7023,0.6752,0.2393,0.5677,0.2250,0.2885,0.0251,0.0404,0.0317,0.0274,0.0091,0.1232,0.0317
2363,H01764,-73.2909,6.2039,0.1000,Colombia,4.9003,7.1487,29.6066,44.5211,0.0457,0.8886,0.7289,0.1501,0.7616,0.7038,0.1093,0.0455,0.1114,0.2709,0.2881,0.0508,0.1371,0.0317,0.0044,0.0017,0.0242,0.0381
2364,H02653,-71.1909,2.2202,0.1000,Colombia,4.3141,9.0920,93.6146,18.5402,0.9021,0.9847,0.4402,0.0524,0.6968,0.0634,0.6292,0.9022,0.0152,0.5597,0.2879,0.0177,0.1255,0.0029,0.0256,0.0342,0.0033,0.0788
2365,H03500,-68.1909,4.4719,0.1000,Colombia,5.7191,27.2425,36.4153,2.2455,0.2457,0.6096,0.9099,0.2866,0.0915,0.6357,0.9552,0.2455,0.3906,0.0898,0.2877,0.0970,0.0165,0.0287,0.0388,0.0093,0.0848,0.0126
2366,H01980,-72.8409,3.8657,0.1000,Colombia,5.1166,14.3360,90.8918,9.7849,0.3949,0.9658,0.4931,0.1861,0.5219,0.0906,0.8044,0.3947,0.0341,0.5067,0.2874,0.0630,0.0940,0.0041,0.0327,0.0149,0.0074,0.0713
2367,H01570,-73.7409,11.1403,0.1000,Colombia,7.5197,28.2400,76.3615,5.0563,0.4598,0.9515,0.9778,0.5868,0.0583,0.2360,0.8990,0.4597,0.0484,0.0219,0.2873,0.1986,0.0105,0.0106,0.0365,0.0174,0.0105,0.0031
2368,H01423,-74.0409,10.6207,0.1000,Colombia,4.8901,21.8289,58.3858,30.5321,0.1805,0.4189,0.8573,0.1484,0.2721,0.4159,0.3892,0.1803,0.5814,0.1424,0.2869,0.0502,0.0490,0.0187,0.0158,0.0068,0.1262,0.0200
2369,H01465,-73.8909,5.5111,0.1000,Colombia,4.2893,2.2469,60.5759,30.7241,0.8793,0.9261,0.8515,0.0482,0.9251,0.3940,0.3854,0.8794,0.0738,0.1482,0.2865,0.0163,0.1666,0.0178,0.0157,0.0333,0.0160,0.0209
2370,H02877,-70.5909,3.2594,0.1000,Colombia,5.2281,12.3245,51.1902,11.0832,0.2635,0.7949,0.9798,0.2047,0.5890,0.4879,0.7784,0.2633,0.2052,0.0199,0.2863,0.0693,0.1061,0.0220,0.0316,0.0100,0.0445,0.0028
2371,H00374,-76.5909,5.8575,0.1000,Colombia,4.4271,26.1207,32.0181,22.0644,0.7016,0.4500,0.7182,0.0712,0.1289,0.6797,0.5587,0.7016,0.5503,0.2815,0.2863,0.0241,0.0232,0.0306,0.0227,0.0266,0.1194,0.0396
2372,H01227,-74.3409,1.0944,0.1000,Colombia,5.6453,10.5698,38.1980,7.4548,0.1179,0.9971,0.9378,0.2743,0.6475,0.6179,0.8510,0.1177,0.0028,0.0619,0.2857,0.0929,0.1166,0.0279,0.0346,0.0045,0.0006,0.0087
2373,H00307,-76.7409,2.8264,0.1000,Colombia,5.9377,23.4989,35.0976,18.3916,0.9815,0.9615,0.7420,0.3230,0.2164,0.6489,0.6321,0.9816,0.0385,0.2578,0.2851,0.1093,0.0390,0.0293,0.0257,0.0372,0.0084,0.0363
2374,H00188,-77.1909,7.4164,0.1000,Colombia,7.1779,29.5070,8.5910,36.4158,0.8224,0.9394,0.9624,0.5298,0.0160,0.9141,0.2715,0.8224,0.0605,0.0373,0.2840,0.1794,0.0029,0.0412,0.0110,0.0312,0.0131,0.0053
2375,H00128,-77.3409,4.3853,0.1000,Colombia,4.0417,1.6682,19.7106,33.4180,0.5910,0.8194,0.9987,0.0069,0.9444,0.8028,0.3315,0.5909,0.1807,0.0010,0.2838,0.0023,0.1700,0.0362,0.0135,0.0224,0.0392,0.0001
2376,H01963,-72.8409,0.9212,0.1000,Colombia,6.3030,27.3546,80.9789,24.0655,0.7147,0.8947,0.5880,0.3839,0.0878,0.1898,0.5186,0.7147,0.1053,0.4118,0.2833,0.1300,0.0158,0.0086,0.0211,0.0271,0.0228,0.0580
2377,H00215,-77.0409,3.6925,0.1000,Colombia,5.4235,11.4297,70.7948,37.7489,0.0367,0.9218,0.6529,0.2373,0.6189,0.2917,0.2448,0.0365,0.0782,0.3469,0.2821,0.0803,0.1114,0.0132,0.0100,0.0014,0.0170,0.0488
2378,H01226,-74.3409,0.9212,0.1000,Colombia,6.3856,28.6090,64.2833,20.7539,0.9300,0.7209,0.9756,0.3977,0.0459,0.3569,0.5849,0.9301,0.2792,0.0240,0.2820,0.1346,0.0083,0.0161,0.0238,0.0352,0.0606,0.0034
2379,H00712,-75.5409,1.4408,0.1000,Colombia,6.8295,29.4756,90.1259,41.0823,0.7493,0.9349,0.5381,0.4717,0.0170,0.0983,0.1781,0.7493,0.0651,0.4617,0.2819,0.1597,0.0031,0.0044,0.0072,0.0284,0.0141,0.0650
2380,H00980,-74.9409,4.5585,0.1000,Colombia,6.0055,19.3566,17.4010,14.5241,0.8623,0.9951,0.9701,0.3343,0.3545,0.8259,0.7095,0.8623,0.0049,0.0296,0.2810,0.1132,0.0638,0.0372,0.0289,0.0327,0.0011,0.0042
2381,H01072,-74.7909,9.1484,0.1000,Colombia,4.2526,0.3215,70.8677,49.8892,0.9112,0.8902,0.8838,0.0421,0.9893,0.2910,0.0019,0.9113,0.1098,0.1159,0.2802,0.0143,0.1781,0.0131,0.0001,0.0345,0.0238,0.0163
2382,H02755,-70.8909,1.1810,0.1000,Colombia,5.7430,19.9204,55.8232,9.3349,0.3818,0.8811,0.8034,0.2906,0.3357,0.4415,0.8134,0.3817,0.1189,0.1964,0.2797,0.0984,0.0604,0.0199,0.0331,0.0145,0.0258,0.0277
2383,H03333,-69.0909,2.3934,0.1000,Colombia,5.1699,26.4749,23.1036,3.8647,0.7239,0.9337,0.4435,0.1950,0.1171,0.7689,0.9228,0.7239,0.0662,0.5564,0.2794,0.0660,0.0211,0.0347,0.0375,0.0274,0.0144,0.0783
2384,H02563,-71.4909,6.5503,0.1000,Colombia,4.4374,5.9307,26.4546,9.2065,0.0218,0.8678,0.9012,0.0729,0.8022,0.7354,0.8159,0.0215,0.1322,0.0985,0.2788,0.0247,0.1444,0.0331,0.0332,0.0008,0.0287,0.0139
2385,H00634,-75.8409,6.6369,0.1000,Colombia,4.6430,29.0797,31.6375,41.4449,0.5929,0.4609,0.5756,0.1072,0.0303,0.6835,0.1709,0.5928,0.5394,0.4242,0.2787,0.0363,0.0055,0.0308,0.0069,0.0225,0.1171,0.0597
2386,H02714,-71.0409,3.3460,0.1000,Colombia,4.0081,1.5813,28.9352,25.7384,0.0041,0.8713,0.8030,0.0013,0.9473,0.7105,0.4851,0.0038,0.1287,0.1967,0.2785,0.0004,0.1706,0.0320,0.0197,0.0001,0.0279,0.0277
2387,H00832,-75.2409,1.0944,0.1000,Colombia,4.8451,23.9747,94.8654,30.8442,0.6976,0.7801,0.2733,0.1409,0.2005,0.0509,0.3830,0.6976,0.2200,0.7267,0.2781,0.0477,0.0361,0.0023,0.0156,0.0264,0.0478,0.1023
2388,H02049,-72.6909,3.2594,0.1000,Colombia,4.4904,18.5486,7.9789,18.7520,0.1165,0.6066,0.8215,0.0817,0.3815,0.9202,0.6249,0.1162,0.3936,0.1782,0.2781,0.0277,0.0687,0.0415,0.0254,0.0044,0.0854,0.0251
2389,H02914,-70.4409,-0.2913,0.1000,Colombia,5.3458,25.2485,62.4922,23.2314,0.2687,0.4929,0.8948,0.2243,0.1580,0.3748,0.5353,0.2685,0.5074,0.1049,0.2781,0.0759,0.0284,0.0169,0.0218,0.0102,0.1101,0.0148
2390,H01260,-74.3409,6.8101,0.1000,Colombia,5.6140,19.2839,81.0303,42.3782,0.4017,0.9710,0.3865,0.2691,0.3569,0.1893,0.1522,0.4016,0.0289,0.6134,0.2779,0.0911,0.0643,0.0085,0.0062,0.0152,0.0063,0.0863
2391,H01929,-72.9909,7.9360,0.1000,Colombia,4.3891,18.7816,40.1794,23.3919,0.0176,0.4821,0.8108,0.0649,0.3737,0.5980,0.5321,0.0173,0.5182,0.1890,0.2776,0.0220,0.0673,0.0270,0.0216,0.0007,0.1125,0.0266
2392,H02448,-71.7909,6.7235,0.1000,Colombia,4.3459,17.1832,50.7394,0.0667,0.8976,0.7656,0.7752,0.0577,0.4270,0.4924,0.9988,0.8977,0.2345,0.2245,0.2757,0.0195,0.0769,0.0222,0.0406,0.0340,0.0509,0.0316
2393,H01898,-72.9909,2.5666,0.1000,Colombia,6.1323,21.2286,70.9805,9.3282,0.3493,0.8690,0.8966,0.3555,0.2921,0.2899,0.8135,0.3492,0.1310,0.1031,0.2753,0.1203,0.0526,0.0131,0.0331,0.0132,0.0284,0.0145
2394,H02546,-71.4909,3.6058,0.1000,Colombia,4.4659,9.0353,53.7523,16.5179,0.4384,0.8841,0.7642,0.0777,0.6987,0.4622,0.6696,0.4383,0.1159,0.2355,0.2751,0.0263,0.1258,0.0208,0.0272,0.0166,0.0251,0.0331
2395,H00100,-77.4909,5.5111,0.1000,Colombia,4.1886,9.3564,21.5244,34.0079,0.7215,0.9153,0.6692,0.0314,0.6880,0.7847,0.3197,0.7215,0.0847,0.3306,0.2751,0.0106,0.1239,0.0354,0.0130,0.0273,0.0184,0.0465
2396,H00963,-74.9409,1.6140,0.1000,Colombia,6.3358,29.2968,20.7283,1.5096,0.7094,0.9254,0.8547,0.3894,0.0230,0.7927,0.9700,0.7094,0.0746,0.1450,0.2746,0.1318,0.0041,0.0357,0.0394,0.0269,0.0162,0.0204
2397,H02046,-72.6909,2.7398,0.1000,Colombia,4.4060,3.1695,29.0284,25.8824,0.5921,0.9532,0.9538,0.0677,0.8943,0.7096,0.4823,0.5920,0.0467,0.0459,0.2746,0.0229,0.1610,0.0320,0.0196,0.0224,0.0101,0.0065
2398,H03605,-67.2909,2.0470,0.1000,Colombia,5.0970,28.3823,96.6409,44.3363,0.7512,0.7053,0.2574,0.1829,0.0535,0.0331,0.1130,0.7512,0.2948,0.7425,0.2746,0.0619,0.0096,0.0015,0.0046,0.0284,0.0640,0.1045
2399,H00818,-75.3909,9.3216,0.1000,Colombia,4.3286,27.6730,87.0197,39.7570,0.3561,0.5422,0.1828,0.0548,0.0772,0.1294,0.2046,0.3560,0.4580,0.8172,0.2745,0.0186,0.0139,0.0058,0.0083,0.0135,0.0994,0.1150
2400,H03436,-68.4909,2.3934,0.1000,Colombia,5.3733,15.8177,0.3388,31.8272,0.1049,0.8301,0.9209,0.2289,0.4725,0.9967,0.3633,0.1047,0.1699,0.0788,0.2742,0.0775,0.0851,0.0449,0.0148,0.0040,0.0369,0.0111
2401,H01974,-72.8409,2.8264,0.1000,Colombia,5.7924,19.2326,93.2846,25.6342,0.3006,0.9102,0.6203,0.2988,0.3586,0.0667,0.4872,0.3005,0.0897,0.3795,0.2728,0.1012,0.0646,0.0030,0.0198,0.0114,0.0195,0.0534
2402,H02666,-71.1909,4.4719,0.1000,Colombia,4.8196,16.8797,71.7761,47.2869,0.1474,0.5989,0.7173,0.1366,0.4371,0.2819,0.0540,0.1472,0.4013,0.2825,0.2723,0.0462,0.0787,0.0127,0.0022,0.0056,0.0871,0.0398
2403,H01719,-73.2909,-1.5903,0.1000,Colombia,5.4351,28.9968,57.6959,19.2866,0.1575,0.6069,0.6453,0.2392,0.0330,0.4228,0.6142,0.1573,0.3933,0.3545,0.2722,0.0810,0.0059,0.0191,0.0250,0.0060,0.0854,0.0499
2404,H02413,-71.7909,0.6614,0.1000,Colombia,4.1652,21.5999,13.2162,1.8285,0.8530,0.7850,0.6078,0.0275,0.2797,0.8678,0.9636,0.8531,0.2151,0.3920,0.2721,0.0093,0.0504,0.0391,0.0392,0.0323,0.0467,0.0552
2405,H01300,-74.1909,1.7006,0.1000,Colombia,4.1895,27.4947,90.9555,32.4249,0.1070,0.5348,0.1266,0.0316,0.0831,0.0900,0.3513,0.1068,0.4654,0.8734,0.2720,0.0107,0.0150,0.0041,0.0143,0.0040,0.1010,0.1230
2406,H03408,-68.6409,2.1336,0.1000,Colombia,5.4490,23.7799,75.0811,41.3575,0.5142,0.7177,0.6174,0.2416,0.2070,0.2488,0.1726,0.5141,0.2824,0.3824,0.2719,0.0818,0.0373,0.0112,0.0070,0.0195,0.0613,0.0538
2407,H00044,-77.9409,1.4408,0.1000,Colombia,5.5527,27.3182,43.0176,3.9947,0.0328,0.8156,0.5473,0.2588,0.0890,0.5696,0.9202,0.0326,0.1844,0.4525,0.2717,0.0876,0.0160,0.0257,0.0374,0.0012,0.0400,0.0637
2408,H00563,-75.9909,3.6058,0.1000,Colombia,4.0873,9.8082,65.2264,25.2992,0.7731,0.8272,0.6934,0.0145,0.6729,0.3474,0.4939,0.7731,0.1728,0.3064,0.2717,0.0049,0.1212,0.0157,0.0201,0.0293,0.0375,0.0431
2409,H03061,-70.1409,3.8657,0.1000,Colombia,4.5524,19.0135,0.7220,46.0923,0.5961,0.9722,0.3040,0.0921,0.3659,0.9928,0.0779,0.5960,0.0277,0.6960,0.2715,0.0312,0.0659,0.0448,0.0032,0.0226,0.0060,0.0980
2410,H02036,-72.6909,1.0078,0.1000,Colombia,4.6846,20.2569,29.6441,40.1876,0.3381,0.8307,0.3976,0.1141,0.3245,0.7034,0.1960,0.3380,0.1693,0.6023,0.2711,0.0386,0.0584,0.0317,0.0080,0.0128,0.0367,0.0848
2411,H03487,-68.1909,2.2202,0.1000,Colombia,4.3119,28.7707,19.5423,5.7057,0.5739,0.4244,0.8081,0.0520,0.0406,0.8045,0.8860,0.5738,0.5759,0.1916,0.2709,0.0176,0.0073,0.0363,0.0360,0.0217,0.1250,0.0270
2412,H01696,-73.4409,7.5030,0.1000,Colombia,4.1549,18.4521,59.3611,21.3076,0.3022,0.9269,0.1210,0.0258,0.3847,0.4061,0.5738,0.3020,0.0730,0.8790,0.2707,0.0087,0.0693,0.0183,0.0233,0.0114,0.0158,0.1237
2413,H03049,-70.1409,1.7872,0.1000,Colombia,5.5857,26.8053,43.0422,27.6473,0.8526,0.8325,0.6550,0.2643,0.1061,0.5694,0.4469,0.8527,0.1675,0.3448,0.2696,0.0895,0.0191,0.0257,0.0182,0.0323,0.0364,0.0485
2414,H00606,-75.8409,1.7872,0.1000,Colombia,5.2380,18.4091,60.5699,31.0941,0.0290,0.7217,0.7510,0.2064,0.3861,0.3940,0.3780,0.0288,0.2784,0.2488,0.2691,0.0699,0.0695,0.0178,0.0154,0.0011,0.0604,0.0350
2415,H03065,-70.1409,4.5585,0.1000,Colombia,5.6044,19.6631,97.8269,42.4368,0.5548,0.7833,0.7077,0.2675,0.3443,0.0212,0.1510,0.5548,0.2168,0.2920,0.2688,0.0906,0.0620,0.0010,0.0061,0.0210,0.0471,0.0411
2416,H02832,-70.7409,5.0781,0.1000,Colombia,4.7110,14.5264,58.3195,44.4358,0.2435,0.6528,0.8120,0.1185,0.5156,0.4165,0.1110,0.2433,0.3473,0.1877,0.2673,0.0401,0.0928,0.0188,0.0045,0.0092,0.0754,0.0264
2417,H01548,-73.7409,7.3298,0.1000,Colombia,4.2605,14.0567,77.2874,43.5636,0.5220,0.8094,0.4334,0.0434,0.5313,0.2268,0.1285,0.5220,0.1906,0.5665,0.2667,0.0147,0.0957,0.0102,0.0052,0.0198,0.0414,0.0798
2418,H03048,-70.1409,1.6140,0.1000,Colombia,6.3857,22.3936,36.0463,46.5514,0.1728,0.7975,0.9717,0.3977,0.2532,0.6394,0.0687,0.1726,0.2026,0.0280,0.2663,0.1346,0.0456,0.0288,0.0028,0.0065,0.0440,0.0039
2419,H03317,-69.2409,4.0389,0.1000,Colombia,4.0319,12.8134,86.5429,35.6302,0.0131,0.8316,0.2448,0.0053,0.5727,0.1341,0.2872,0.0129,0.1685,0.7552,0.2660,0.0018,0.1031,0.0060,0.0117,0.0005,0.0366,0.1063
2420,H00898,-75.0909,1.5274,0.1000,Colombia,4.0780,18.7705,86.7355,49.2469,0.3984,0.7043,0.2312,0.0130,0.3741,0.1322,0.0147,0.3983,0.2958,0.7688,0.2658,0.0044,0.0674,0.0060,0.0006,0.0151,0.0642,0.1082
2421,H01628,-73.5909,8.6288,0.1000,Colombia,4.5801,27.2979,57.4294,16.5156,0.6455,0.6192,0.5555,0.0967,0.0897,0.4254,0.6697,0.6454,0.3810,0.4443,0.2650,0.0327,0.0162,0.0192,0.0272,0.0244,0.0827,0.0625
2422,H00704,-75.5409,0.0551,0.1000,Colombia,4.3802,15.4885,26.2509,47.6589,0.2986,0.8221,0.4945,0.0634,0.4835,0.7374,0.0465,0.2984,0.1779,0.5053,0.2647,0.0215,0.0871,0.0332,0.0019,0.0113,0.0386,0.0711
2423,H02297,-72.0909,0.8346,0.1000,Colombia,4.2203,21.3127,9.4462,19.1017,0.8994,0.7900,0.6134,0.0367,0.2893,0.9055,0.6179,0.8994,0.2100,0.3864,0.2645,0.0124,0.0521,0.0408,0.0251,0.0341,0.0456,0.0544
2424,H01868,-73.1409,11.1403,0.1000,Colombia,4.7904,21.8106,93.6566,27.5215,0.7068,0.8230,0.4029,0.1318,0.2727,0.0630,0.4495,0.7068,0.1771,0.5970,0.2641,0.0446,0.0491,0.0028,0.0183,0.0268,0.0384,0.0840
2425,H01813,-73.1409,1.2676,0.1000,Colombia,4.1257,20.4385,25.6832,26.9615,0.6290,0.5758,0.7761,0.0209,0.3184,0.7431,0.4607,0.6289,0.4244,0.2236,0.2640,0.0071,0.0573,0.0335,0.0187,0.0238,0.0921,0.0315
2426,H03384,-68.7909,2.3934,0.1000,Colombia,4.2021,18.6452,38.9549,4.8833,0.9904,0.7467,0.8082,0.0337,0.3782,0.6103,0.9024,0.9905,0.2534,0.1916,0.2632,0.0114,0.0681,0.0275,0.0367,0.0375,0.0550,0.0270
2427,H02857,-70.5909,-0.2047,0.1000,Colombia,4.2336,19.4256,41.6749,37.0830,0.6085,0.6338,0.6653,0.0389,0.3522,0.5831,0.2581,0.6084,0.3663,0.3344,0.2630,0.0132,0.0634,0.0263,0.0105,0.0231,0.0795,0.0471
2428,H03464,-68.3409,2.8264,0.1000,Colombia,5.0761,22.1489,88.2742,11.9350,0.3677,0.8174,0.5385,0.1794,0.2614,0.1168,0.7613,0.3676,0.1826,0.4613,0.2625,0.0607,0.0471,0.0053,0.0309,0.0139,0.0396,0.0649
2429,H00237,-77.0409,7.5030,0.1000,Colombia,4.1459,18.3839,65.0788,19.0811,0.3830,0.4680,0.9028,0.0243,0.3869,0.3489,0.6184,0.3828,0.5322,0.0969,0.2624,0.0082,0.0697,0.0157,0.0251,0.0145,0.1155,0.0136
2430,H01289,-74.1909,-0.2047,0.1000,Colombia,4.4715,27.7818,84.6194,5.7025,0.0379,0.3397,0.7633,0.0786,0.0735,0.1534,0.8861,0.0377,0.6607,0.2365,0.2609,0.0266,0.0132,0.0069,0.0360,0.0014,0.1434,0.0333
2431,H01105,-74.6409,3.3460,0.1000,Colombia,5.0434,10.3505,46.2457,49.6686,0.2333,0.8290,0.9054,0.1739,0.6549,0.5373,0.0063,0.2331,0.1711,0.0943,0.2605,0.0589,0.1179,0.0242,0.0003,0.0088,0.0371,0.0133
2432,H02495,-71.6409,4.9049,0.1000,Colombia,6.9540,29.2947,96.6178,41.6428,0.4712,0.7121,0.9941,0.4925,0.0231,0.0333,0.1669,0.4711,0.2880,0.0056,0.2603,0.1667,0.0042,0.0015,0.0068,0.0178,0.0625,0.0008
2433,H00902,-75.0909,2.2202,0.1000,Colombia,5.0886,26.8972,97.0905,2.1392,0.1364,0.7130,0.4898,0.1815,0.1030,0.0286,0.9574,0.1362,0.2871,0.5101,0.2595,0.0614,0.0186,0.0013,0.0389,0.0052,0.0623,0.0718
2434,H02086,-72.5409,-2.3697,0.1000,Colombia,4.6328,10.6364,80.5018,40.8740,0.9919,0.9457,0.7010,0.1055,0.6453,0.1946,0.1823,0.9919,0.0542,0.2988,0.2595,0.0357,0.1162,0.0088,0.0074,0.0376,0.0118,0.0421
2435,H02285,-72.0909,-1.2439,0.1000,Colombia,5.6609,18.9463,18.9017,33.4130,0.5244,0.9834,0.8203,0.2769,0.3682,0.8109,0.3316,0.5243,0.0165,0.1795,0.2588,0.0937,0.0663,0.0366,0.0135,0.0199,0.0036,0.0253
2436,H02283,-72.0909,-1.5903,0.1000,Colombia,4.2739,28.5679,69.8215,35.1670,0.9091,0.4231,0.6577,0.0457,0.0473,0.3015,0.2965,0.9091,0.5772,0.3421,0.2575,0.0155,0.0085,0.0136,0.0120,0.0344,0.1253,0.0482
2437,H01621,-73.5909,7.4164,0.1000,Colombia,4.3609,20.7516,47.0296,10.8833,0.2479,0.6465,0.7170,0.0601,0.3080,0.5295,0.7824,0.2477,0.3537,0.2828,0.2574,0.0204,0.0555,0.0239,0.0318,0.0094,0.0768,0.0398
2438,H03469,-68.3409,3.6925,0.1000,Colombia,5.0184,19.4431,37.0711,38.7987,0.8537,0.9099,0.6674,0.1698,0.3516,0.6291,0.2238,0.8537,0.0900,0.3323,0.2569,0.0575,0.0633,0.0284,0.0091,0.0323,0.0195,0.0468
2439,H00854,-75.2409,4.9049,0.1000,Colombia,5.2308,26.3880,68.3070,4.4939,0.1713,0.6168,0.8239,0.2052,0.1200,0.3166,0.9102,0.1711,0.3833,0.1758,0.2568,0.0695,0.0216,0.0143,0.0370,0.0065,0.0832,0.0248
2440,H02700,-71.0409,0.9212,0.1000,Colombia,7.1278,28.0024,82.3226,33.9270,0.5486,0.9930,0.8242,0.5214,0.0662,0.1764,0.3213,0.5486,0.0069,0.1755,0.2564,0.1765,0.0119,0.0080,0.0131,0.0208,0.0015,0.0247
2441,H02025,-72.6909,-0.8975,0.1000,Colombia,5.5609,17.1831,32.7221,35.6359,0.6476,0.9058,0.9683,0.2602,0.4270,0.6727,0.2871,0.6475,0.0942,0.0314,0.2564,0.0881,0.0769,0.0303,0.0117,0.0245,0.0204,0.0044
2442,H02504,-71.6409,6.4637,0.1000,Colombia,5.2028,20.1618,74.6255,25.0851,0.8273,0.7184,0.9624,0.2005,0.3277,0.2534,0.4982,0.8273,0.2817,0.0373,0.2563,0.0679,0.0590,0.0114,0.0203,0.0313,0.0611,0.0053
2443,H00694,-75.6909,7.7628,0.1000,Colombia,4.6890,23.5041,94.0397,35.4074,0.5039,0.8436,0.2131,0.1149,0.2162,0.0591,0.2917,0.5038,0.1564,0.7868,0.2561,0.0389,0.0389,0.0027,0.0119,0.0191,0.0339,0.1108
2444,H00670,-75.6909,3.6058,0.1000,Colombia,5.0402,17.8569,57.7020,31.3850,0.2667,0.8998,0.5853,0.1734,0.4045,0.4227,0.3722,0.2665,0.1001,0.4145,0.2559,0.0587,0.0728,0.0191,0.0151,0.0101,0.0217,0.0583
2445,H01321,-74.1909,5.3379,0.1000,Colombia,4.9573,27.2865,9.1036,43.0428,0.6826,0.7859,0.5267,0.1596,0.0901,0.9090,0.1389,0.6826,0.2142,0.4732,0.2558,0.0540,0.0162,0.0410,0.0056,0.0259,0.0465,0.0666
2446,H01897,-72.9909,2.3934,0.1000,Colombia,5.1281,26.0311,60.1083,24.3974,0.5835,0.5500,0.9308,0.1881,0.1319,0.3986,0.5120,0.5835,0.4502,0.0689,0.2557,0.0637,0.0238,0.0180,0.0208,0.0221,0.0977,0.0097
2447,H01514,-73.7409,1.4408,0.1000,Colombia,5.1747,25.5615,51.6547,23.1915,0.7007,0.7536,0.7262,0.1958,0.1476,0.4832,0.5361,0.7007,0.2465,0.2736,0.2550,0.0663,0.0266,0.0218,0.0218,0.0265,0.0535,0.0385
2448,H01392,-74.0409,5.2513,0.1000,Colombia,5.0185,25.4264,50.2548,44.9115,0.1579,0.3992,0.9491,0.1698,0.1521,0.4972,0.1015,0.1577,0.6011,0.0506,0.2550,0.0575,0.0274,0.0224,0.0041,0.0060,0.1305,0.0071
2449,H03012,-70.2909,6.2039,0.1000,Colombia,5.8407,20.7864,47.5527,43.7943,0.4750,0.8700,0.8510,0.3069,0.3068,0.5243,0.1238,0.4749,0.1300,0.1487,0.2549,0.1039,0.0552,0.0236,0.0050,0.0180,0.0282,0.0209
2450,H00696,-75.6909,8.1092,0.1000,Colombia,5.7318,28.2264,85.3346,6.0756,0.2475,0.7845,0.6607,0.2887,0.0587,0.1462,0.8786,0.2473,0.2156,0.3391,0.2545,0.0977,0.0106,0.0066,0.0357,0.0094,0.0468,0.0477
2451,H03570,-67.7409,3.3460,0.1000,Colombia,5.8833,27.6667,35.1217,31.4140,0.5078,0.9840,0.5276,0.3140,0.0774,0.6486,0.3716,0.5077,0.0159,0.4722,0.2537,0.1063,0.0139,0.0292,0.0151,0.0192,0.0034,0.0665
2452,H01905,-72.9909,3.7791,0.1000,Colombia,5.2149,25.0297,55.2222,1.4142,0.3903,0.8900,0.6016,0.2025,0.1653,0.4475,0.9719,0.3902,0.1100,0.3982,0.2527,0.0685,0.0298,0.0202,0.0395,0.0148,0.0239,0.0561
2453,H00300,-76.7409,1.6140,0.1000,Colombia,4.3101,11.8547,8.4649,33.5380,0.5706,0.9890,0.6630,0.0517,0.6047,0.9154,0.3291,0.5706,0.0109,0.3368,0.2524,0.0175,0.1089,0.0413,0.0134,0.0216,0.0024,0.0474
2454,H02685,-71.0409,-1.6769,0.1000,Colombia,4.1160,23.4877,93.8468,45.7626,0.6699,0.3771,0.7172,0.0193,0.2167,0.0611,0.0845,0.6699,0.6233,0.2826,0.2522,0.0065,0.0390,0.0027,0.0034,0.0254,0.1353,0.0398
2455,H00291,-76.8909,8.4556,0.1000,Colombia,4.2241,15.4229,50.5809,15.4965,0.1986,0.9417,0.4205,0.0373,0.4857,0.4940,0.6901,0.1984,0.0582,0.5793,0.2521,0.0126,0.0874,0.0223,0.0281,0.0075,0.0126,0.0815
2456,H00837,-75.2409,1.9604,0.1000,Colombia,6.1744,24.9784,33.3368,25.1265,0.2185,0.9999,0.7160,0.3625,0.1670,0.6665,0.4974,0.2184,0.0000,0.2838,0.2513,0.1227,0.0301,0.0301,0.0202,0.0083,0.0000,0.0399
2457,H02599,-71.3409,2.8264,0.1000,Colombia,4.8030,23.1852,66.1265,11.3563,0.0774,0.8480,0.4164,0.1339,0.2268,0.3384,0.7729,0.0772,0.1521,0.5835,0.2509,0.0453,0.0408,0.0153,0.0314,0.0029,0.0330,0.0821
2458,H02516,-71.4909,-1.5903,0.1000,Colombia,4.1147,22.6893,79.2457,19.0721,0.2442,0.8608,0.1067,0.0191,0.2434,0.2072,0.6185,0.2441,0.1392,0.8933,0.2500,0.0065,0.0438,0.0093,0.0251,0.0092,0.0302,0.1258
2459,H03034,-70.1409,-0.8109,0.1000,Colombia,5.6671,25.7694,82.3088,47.5516,0.2658,0.5352,0.9320,0.2779,0.1406,0.1765,0.0487,0.2656,0.4650,0.0677,0.2498,0.0941,0.0253,0.0080,0.0020,0.0101,0.1009,0.0095
2460,H03236,-69.6909,6.0307,0.1000,Colombia,5.3173,27.9447,42.3956,40.0312,0.1248,0.8750,0.3091,0.2196,0.0681,0.5759,0.1991,0.1246,0.1250,0.6908,0.2498,0.0743,0.0123,0.0260,0.0081,0.0047,0.0271,0.0973
2461,H01807,-73.1409,0.2283,0.1000,Colombia,5.1112,29.2471,84.6119,14.2550,0.5802,0.7309,0.5340,0.1852,0.0247,0.1535,0.7149,0.5802,0.2692,0.4658,0.2491,0.0627,0.0044,0.0069,0.0291,0.0220,0.0584,0.0656
2462,H02360,-71.9409,1.4408,0.1000,Colombia,4.0702,28.5678,51.0213,45.8234,0.2064,0.6095,0.1605,0.0117,0.0473,0.4896,0.0832,0.2063,0.3907,0.8394,0.2487,0.0040,0.0085,0.0221,0.0034,0.0078,0.0848,0.1182
2463,H03530,-68.0409,5.2513,0.1000,Colombia,5.6702,21.5988,4.7866,41.2519,0.2962,0.8376,0.9457,0.2784,0.2797,0.9522,0.1747,0.2960,0.1624,0.0540,0.2487,0.0943,0.0504,0.0429,0.0071,0.0112,0.0352,0.0076
2464,H02238,-72.2409,1.2676,0.1000,Colombia,4.4738,25.9137,51.2170,35.0931,0.6670,0.9491,0.0998,0.0790,0.1358,0.4876,0.2980,0.6670,0.0508,0.9002,0.2483,0.0267,0.0244,0.0220,0.0121,0.0253,0.0110,0.1267
2465,H00693,-75.6909,7.5896,0.1000,Colombia,5.4545,24.8596,7.9588,29.7052,0.2110,0.7007,0.9684,0.2425,0.1710,0.9204,0.4058,0.2108,0.2994,0.0313,0.2482,0.0821,0.0308,0.0415,0.0165,0.0080,0.0650,0.0044
2466,H00332,-76.7409,7.1566,0.1000,Colombia,4.0864,18.0735,11.3387,48.8486,0.6296,0.8412,0.4860,0.0144,0.3973,0.8866,0.0227,0.6295,0.1588,0.5139,0.2480,0.0049,0.0715,0.0400,0.0009,0.0238,0.0345,0.0723
2467,H01604,-73.5909,4.4719,0.1000,Colombia,4.4165,1.7537,94.3565,15.4197,0.0534,0.9536,0.9207,0.0694,0.9415,0.0560,0.6916,0.0531,0.0464,0.0790,0.2469,0.0235,0.1695,0.0025,0.0281,0.0020,0.0101,0.0111
2468,H03198,-69.6909,-2.2831,0.1000,Colombia,4.6154,23.8663,10.3577,3.6809,0.0811,0.5904,0.9684,0.1026,0.2041,0.8964,0.9265,0.0808,0.4098,0.0313,0.2460,0.0347,0.0367,0.0404,0.0377,0.0031,0.0889,0.0044
2469,H02665,-71.1909,4.2987,0.1000,Colombia,5.7718,24.8060,10.0241,24.7476,0.5739,0.8674,0.9784,0.2954,0.1728,0.8998,0.5050,0.5738,0.1326,0.0212,0.2457,0.1000,0.0311,0.0406,0.0205,0.0217,0.0288,0.0030
2470,H02726,-71.0409,5.4245,0.1000,Colombia,4.3942,19.3571,74.1806,1.4890,0.4092,0.8904,0.5080,0.0657,0.3545,0.2578,0.9704,0.4091,0.1096,0.4918,0.2457,0.0222,0.0638,0.0116,0.0394,0.0155,0.0238,0.0692
2471,H01202,-74.4909,8.6288,0.1000,Colombia,4.1327,24.5887,6.4044,49.1621,0.4899,0.5600,0.6537,0.0221,0.1800,0.9360,0.0164,0.4898,0.4402,0.3461,0.2456,0.0075,0.0324,0.0422,0.0007,0.0186,0.0955,0.0487
2472,H00369,-76.5909,4.9915,0.1000,Colombia,4.4162,24.5192,28.1074,41.8297,0.8038,0.7177,0.5870,0.0694,0.1823,0.7188,0.1632,0.8038,0.2824,0.4128,0.2452,0.0235,0.0328,0.0324,0.0066,0.0305,0.0613,0.0581
2473,H03117,-69.9909,3.2594,0.1000,Colombia,4.0825,28.0037,92.7423,46.6751,0.0569,0.4732,0.2591,0.0137,0.0661,0.0721,0.0662,0.0567,0.5271,0.7408,0.2433,0.0046,0.0119,0.0032,0.0027,0.0022,0.1144,0.1043
2474,H00644,-75.8409,8.3690,0.1000,Colombia,4.7186,12.0211,53.5522,24.1269,0.8662,0.9218,0.9801,0.1198,0.5991,0.4642,0.5174,0.8662,0.0782,0.0196,0.2429,0.0406,0.1079,0.0209,0.0210,0.0328,0.0170,0.0028
2475,H01598,-73.5909,3.4326,0.1000,Colombia,4.5139,22.6858,39.1454,11.5984,0.4345,0.5977,0.9485,0.0857,0.2435,0.6084,0.7681,0.4344,0.4025,0.0511,0.2425,0.0290,0.0438,0.0274,0.0312,0.0164,0.0874,0.0072
2476,H02827,-70.7409,4.2121,0.1000,Colombia,4.5724,21.6852,77.5191,4.4993,0.2322,0.5477,0.9566,0.0954,0.2768,0.2244,0.9101,0.2320,0.4526,0.0431,0.2423,0.0323,0.0498,0.0101,0.0370,0.0088,0.0982,0.0061
2477,H00439,-76.4409,8.5422,0.1000,Colombia,4.4881,23.3855,34.2334,43.9860,0.4231,0.8219,0.3979,0.0814,0.2201,0.6575,0.1200,0.4230,0.1781,0.6020,0.2411,0.0276,0.0396,0.0296,0.0049,0.0160,0.0386,0.0847
2478,H01215,-74.4909,10.8805,0.1000,Colombia,5.3246,23.8932,68.9109,47.6151,0.8131,0.7419,0.8093,0.2208,0.2032,0.3106,0.0474,0.8131,0.2582,0.1905,0.2409,0.0747,0.0366,0.0140,0.0019,0.0308,0.0560,0.0268
2479,H01417,-74.0409,9.5814,0.1000,Colombia,4.7327,16.9325,9.1137,38.1695,0.0097,0.8147,0.7915,0.1221,0.4353,0.9089,0.2364,0.0094,0.1853,0.2082,0.2402,0.0413,0.0784,0.0410,0.0096,0.0004,0.0402,0.0293
2480,H00042,-77.9409,1.0944,0.1000,Colombia,4.2063,15.3174,64.1580,14.2270,0.0498,0.9151,0.4725,0.0344,0.4892,0.3581,0.7155,0.0495,0.0848,0.5274,0.2395,0.0117,0.0881,0.0161,0.0291,0.0019,0.0184,0.0742
2481,H01286,-74.1909,-0.7243,0.1000,Colombia,4.5272,14.5158,95.5919,13.6266,0.6410,0.8521,0.8072,0.0879,0.5159,0.0436,0.7275,0.6409,0.1479,0.1926,0.2377,0.0298,0.0929,0.0020,0.0296,0.0243,0.0321,0.0271
2482,H02010,-72.8409,9.0618,0.1000,Colombia,4.2017,25.3119,33.4735,10.3944,0.3425,0.5249,0.8589,0.0336,0.1559,0.6651,0.7922,0.3423,0.4753,0.1408,0.2376,0.0114,0.0281,0.0300,0.0322,0.0130,0.1032,0.0198
2483,H01515,-73.7409,1.6140,0.1000,Colombia,4.0454,16.7765,50.4739,38.7414,0.8556,0.7520,0.7309,0.0076,0.4405,0.4950,0.2250,0.8557,0.2480,0.2689,0.2374,0.0026,0.0793,0.0223,0.0092,0.0324,0.0538,0.0379
2484,H00588,-75.9909,7.9360,0.1000,Colombia,4.7683,28.9044,90.5944,23.2201,0.3551,0.5284,0.6808,0.1281,0.0361,0.0936,0.5355,0.3550,0.4718,0.3190,0.2366,0.0434,0.0065,0.0042,0.0218,0.0135,0.1024,0.0449
2485,H00870,-75.2409,7.6762,0.1000,Colombia,6.2399,22.2681,81.6228,20.1377,0.0576,0.9854,0.8184,0.3734,0.2574,0.1834,0.5972,0.0574,0.0145,0.1814,0.2362,0.1264,0.0463,0.0083,0.0243,0.0022,0.0032,0.0255
2486,H01033,-74.7909,2.3934,0.1000,Colombia,4.7234,26.1913,2.1987,31.7457,0.4074,0.9816,0.3387,0.1206,0.1266,0.9781,0.3649,0.4073,0.0184,0.6612,0.2351,0.0408,0.0228,0.0441,0.0148,0.0154,0.0040,0.0931
2487,H01371,-74.0409,1.6140,0.1000,Colombia,5.0859,21.8435,71.4153,24.5570,0.2991,0.9281,0.5477,0.1810,0.2716,0.2855,0.5088,0.2989,0.0718,0.4521,0.2343,0.0613,0.0489,0.0129,0.0207,0.0113,0.0156,0.0636
2488,H03525,-68.0409,4.3853,0.1000,Colombia,4.8837,28.3733,64.6535,43.7441,0.4794,0.9564,0.1076,0.1473,0.0538,0.3532,0.1249,0.4793,0.0435,0.8924,0.2338,0.0499,0.0097,0.0159,0.0051,0.0182,0.0094,0.1256
2489,H00844,-75.2409,3.1728,0.1000,Colombia,4.8920,16.4577,83.3271,32.6744,0.6538,0.9947,0.6113,0.1487,0.4512,0.1663,0.3464,0.6538,0.0052,0.3885,0.2337,0.0503,0.0812,0.0075,0.0141,0.0248,0.0011,0.0547
2490,H02355,-71.9409,0.5748,0.1000,Colombia,4.7234,23.7393,80.4203,0.2400,0.0122,0.9132,0.3859,0.1206,0.2083,0.1954,0.9954,0.0119,0.0867,0.6140,0.2333,0.0408,0.0375,0.0088,0.0405,0.0004,0.0188,0.0864
2491,H00616,-75.8409,3.5192,0.1000,Colombia,4.3665,16.6939,83.2162,4.0594,0.0432,0.7065,0.8414,0.0611,0.4433,0.1674,0.9189,0.0430,0.2936,0.1584,0.2331,0.0207,0.0798,0.0076,0.0374,0.0016,0.0637,0.0223
2492,H03171,-69.8409,2.8264,0.1000,Colombia,5.5614,28.1616,27.8714,47.2133,0.4969,0.9410,0.5196,0.2603,0.0609,0.7212,0.0554,0.4968,0.0589,0.4802,0.2331,0.0881,0.0110,0.0325,0.0022,0.0188,0.0128,0.0676
2493,H00901,-75.0909,2.0470,0.1000,Colombia,4.1592,15.6413,60.8572,0.2797,0.0492,0.6440,0.9961,0.0265,0.4784,0.3911,0.9946,0.0490,0.3561,0.0036,0.2328,0.0090,0.0861,0.0176,0.0404,0.0019,0.0773,0.0005
2494,H00770,-75.3909,1.0078,0.1000,Colombia,4.6638,16.7362,72.0268,39.2891,0.1868,0.8696,0.5801,0.1107,0.4419,0.2794,0.2140,0.1866,0.1304,0.4197,0.2328,0.0375,0.0796,0.0126,0.0087,0.0071,0.0283,0.0591
2495,H00205,-77.0409,1.9604,0.1000,Colombia,4.0552,10.5246,89.6747,1.1543,0.5385,0.9526,0.7350,0.0092,0.6490,0.1028,0.9771,0.5384,0.0473,0.2648,0.2323,0.0031,0.1168,0.0046,0.0397,0.0204,0.0103,0.0373
2496,H02849,-70.5909,-1.5903,0.1000,Colombia,6.1515,24.3440,97.8494,31.5737,0.2824,0.9219,0.7646,0.3587,0.1882,0.0210,0.3684,0.2822,0.0780,0.2352,0.2320,0.1214,0.0339,0.0009,0.0150,0.0107,0.0169,0.0331
2497,H02154,-72.3909,-2.2831,0.1000,Colombia,4.6038,27.3662,53.4873,2.1607,0.5726,0.9903,0.3220,0.1007,0.0874,0.4649,0.9569,0.5725,0.0096,0.6779,0.2289,0.0341,0.0157,0.0210,0.0389,0.0217,0.0021,0.0954
2498,H00454,-76.2909,2.5666,0.1000,Colombia,4.6672,25.4066,9.3657,10.7026,0.3921,0.6725,0.9715,0.1112,0.1527,0.9063,0.7860,0.3920,0.3276,0.0282,0.2279,0.0376,0.0275,0.0409,0.0320,0.0149,0.0711,0.0040
2499,H03382,-68.7909,2.0470,0.1000,Colombia,4.1869,27.3473,14.0065,0.4387,0.9664,0.6356,0.9541,0.0311,0.0880,0.8599,0.9914,0.9665,0.3645,0.0456,0.2276,0.0105,0.0158,0.0388,0.0403,0.0366,0.0791,0.0064
2500,H01483,-73.8909,8.6288,0.1000,Colombia,4.0346,12.6514,42.6592,45.6032,0.1421,0.7452,0.7785,0.0057,0.5781,0.5732,0.0877,0.1419,0.2549,0.2213,0.2273,0.0019,0.1041,0.0258,0.0036,0.0054,0.0553,0.0312
2501,H01319,-74.1909,4.9915,0.1000,Colombia,4.3621,14.6715,9.5690,17.1911,0.9968,0.9959,0.9389,0.0604,0.5108,0.9043,0.6562,0.9968,0.0040,0.0608,0.2270,0.0204,0.0920,0.0408,0.0267,0.0378,0.0009,0.0086
2502,H02439,-71.7909,5.1647,0.1000,Colombia,4.9249,25.4461,78.2652,27.8759,0.8626,0.6067,0.9893,0.1542,0.1514,0.2170,0.4424,0.8626,0.3935,0.0104,0.2268,0.0522,0.0273,0.0098,0.0180,0.0327,0.0854,0.0015
2503,H00557,-75.9909,2.5666,0.1000,Colombia,4.1727,13.3231,92.4218,44.0599,0.7067,0.7419,0.8211,0.0288,0.5557,0.0753,0.1185,0.7067,0.2582,0.1786,0.2260,0.0097,0.1001,0.0034,0.0048,0.0268,0.0560,0.0251
2504,H01233,-74.3409,2.1336,0.1000,Colombia,4.1868,22.9055,80.3542,1.1981,0.0832,0.8959,0.3021,0.0311,0.2362,0.1961,0.9762,0.0830,0.1041,0.6979,0.2256,0.0105,0.0425,0.0088,0.0397,0.0031,0.0226,0.0982
2505,H00493,-76.1409,0.5748,0.1000,Colombia,5.1287,26.7115,74.8239,42.9591,0.3324,0.6523,0.7418,0.1882,0.1092,0.2514,0.1406,0.3323,0.3479,0.2580,0.2248,0.0637,0.0197,0.0113,0.0057,0.0126,0.0755,0.0363
2506,H02407,-71.7909,-0.3779,0.1000,Colombia,5.3074,25.6846,1.8525,16.9320,0.2971,0.8579,0.9284,0.2179,0.1435,0.9815,0.6614,0.2969,0.1421,0.0713,0.2229,0.0738,0.0258,0.0442,0.0269,0.0112,0.0308,0.0100
2507,H03113,-69.9909,2.5666,0.1000,Colombia,4.5483,28.8463,70.4796,32.3299,0.1089,0.3010,0.9918,0.0914,0.0380,0.2949,0.3532,0.1087,0.6994,0.0079,0.2225,0.0309,0.0068,0.0133,0.0144,0.0041,0.1518,0.0011
2508,H02131,-72.5409,5.4245,0.1000,Colombia,4.0756,20.2288,83.0250,3.1225,0.8053,0.7830,0.7468,0.0126,0.3254,0.1693,0.9377,0.8053,0.2170,0.2529,0.2218,0.0043,0.0586,0.0076,0.0381,0.0305,0.0471,0.0356
2509,H01940,-72.9909,10.7073,0.1000,Colombia,4.3513,21.3105,27.0909,39.9505,0.5819,0.8996,0.5392,0.0586,0.2893,0.7290,0.2008,0.5819,0.1004,0.4606,0.2216,0.0198,0.0521,0.0329,0.0082,0.0220,0.0218,0.0648
2510,H03011,-70.2909,6.0307,0.1000,Colombia,5.7258,24.2349,21.4007,3.6136,0.3256,0.9941,0.9993,0.2877,0.1918,0.7859,0.9279,0.3255,0.0058,0.0004,0.2187,0.0974,0.0345,0.0354,0.0377,0.0123,0.0013,0.0001
2511,H00528,-76.1409,6.6369,0.1000,Colombia,4.3383,24.9455,89.1820,21.6537,0.6678,0.6427,0.7265,0.0564,0.1681,0.1077,0.5669,0.6677,0.3575,0.2733,0.2186,0.0191,0.0303,0.0049,0.0231,0.0253,0.0776,0.0385
2512,H03114,-69.9909,2.7398,0.1000,Colombia,5.1956,24.2178,90.5078,17.5359,0.4591,0.9336,0.6231,0.1993,0.1924,0.0945,0.6493,0.4590,0.0663,0.3767,0.2176,0.0675,0.0346,0.0043,0.0264,0.0174,0.0144,0.0530
2513,H00698,-75.6909,8.4556,0.1000,Colombia,4.9262,26.2540,77.2523,24.0638,0.2576,0.5717,0.9388,0.1544,0.1245,0.2271,0.5186,0.2574,0.4285,0.0609,0.2173,0.0523,0.0224,0.0102,0.0211,0.0097,0.0930,0.0086
2514,H01445,-73.8909,2.0470,0.1000,Colombia,5.0629,27.9860,32.5503,21.3725,0.1306,0.8951,0.5495,0.1772,0.0667,0.6744,0.5725,0.1304,0.1048,0.4504,0.2168,0.0600,0.0120,0.0304,0.0233,0.0049,0.0227,0.0634
2515,H02203,-72.3909,6.2039,0.1000,Colombia,4.2521,27.8629,29.0643,49.0664,0.6433,0.8433,0.3083,0.0420,0.0708,0.7093,0.0184,0.6433,0.1568,0.6917,0.2155,0.0142,0.0127,0.0320,0.0008,0.0244,0.0340,0.0974
2516,H01111,-74.6409,4.3853,0.1000,Colombia,5.3466,27.4500,55.4489,33.9232,0.5706,0.8124,0.8050,0.2245,0.0846,0.4453,0.3214,0.5705,0.1877,0.1947,0.2141,0.0760,0.0152,0.0201,0.0131,0.0216,0.0407,0.0274
2517,H01753,-73.2909,4.2987,0.1000,Colombia,5.4472,23.1646,55.3428,27.6108,0.4280,0.9320,0.8456,0.2413,0.2275,0.4463,0.4477,0.4279,0.0679,0.1541,0.2136,0.0817,0.0410,0.0201,0.0182,0.0162,0.0147,0.0217
2518,H00015,-78.3909,1.7006,0.1000,Colombia,5.1004,22.5080,4.7061,47.4769,0.5241,0.9711,0.7523,0.1834,0.2494,0.9530,0.0502,0.5240,0.0288,0.2475,0.2129,0.0621,0.0449,0.0430,0.0020,0.0198,0.0063,0.0348
2519,H01190,-74.4909,6.5503,0.1000,Colombia,4.4041,16.3389,57.1829,27.1772,0.0260,0.8821,0.6934,0.0674,0.4551,0.4279,0.4564,0.0258,0.1179,0.3064,0.2123,0.0228,0.0819,0.0193,0.0186,0.0010,0.0256,0.0431
2520,H01201,-74.4909,8.4556,0.1000,Colombia,4.1475,27.2761,58.7703,19.8012,0.1096,0.9214,0.1246,0.0246,0.0904,0.4120,0.6039,0.1094,0.0786,0.8754,0.2122,0.0083,0.0163,0.0186,0.0245,0.0041,0.0171,0.1232
2521,H00911,-75.0909,3.7791,0.1000,Colombia,5.6084,22.4958,70.3528,40.5103,0.6244,0.8604,0.9967,0.2681,0.2498,0.2961,0.1896,0.6244,0.1396,0.0029,0.2112,0.0908,0.0450,0.0134,0.0077,0.0237,0.0303,0.0004
2522,H03121,-69.9909,3.9523,0.1000,Colombia,5.4854,28.3132,68.9230,48.1977,0.3689,0.8717,0.5915,0.2476,0.0558,0.3104,0.0357,0.3688,0.1282,0.4083,0.2086,0.0838,0.0100,0.0140,0.0014,0.0140,0.0278,0.0575
2523,H02770,-70.8909,3.7791,0.1000,Colombia,4.4574,18.8551,37.3641,37.3361,0.5829,0.9405,0.7124,0.0762,0.3712,0.6262,0.2531,0.5828,0.0594,0.2874,0.2066,0.0258,0.0668,0.0282,0.0103,0.0221,0.0129,0.0405
2524,H01216,-74.4909,11.0537,0.1000,Colombia,4.4943,22.1841,56.5072,39.6497,0.3051,0.9966,0.3536,0.0824,0.2602,0.4347,0.2068,0.3050,0.0033,0.6464,0.2060,0.0279,0.0469,0.0196,0.0084,0.0115,0.0007,0.0910
2525,H03161,-69.8409,1.0944,0.1000,Colombia,4.1315,22.1038,54.1687,19.4183,0.6080,0.6898,0.9015,0.0219,0.2629,0.4581,0.6116,0.6079,0.3103,0.0982,0.2045,0.0074,0.0473,0.0207,0.0249,0.0230,0.0673,0.0138
2526,H00640,-75.8409,7.6762,0.1000,Colombia,4.1204,19.7431,83.9208,20.1366,0.4659,0.7133,0.8270,0.0201,0.3416,0.1604,0.5972,0.4658,0.2868,0.1727,0.2040,0.0068,0.0615,0.0072,0.0243,0.0176,0.0622,0.0243
2527,H02779,-70.8909,5.3379,0.1000,Colombia,5.2551,29.7193,75.9487,22.6966,0.9534,0.9187,0.6872,0.2092,0.0089,0.2402,0.5460,0.9535,0.0813,0.3125,0.2032,0.0708,0.0016,0.0108,0.0222,0.0361,0.0176,0.0440
2528,H00377,-76.5909,6.3771,0.1000,Colombia,4.1396,22.5741,62.4795,38.2424,0.7602,0.6637,0.8545,0.0233,0.2472,0.3749,0.2349,0.7602,0.3364,0.1452,0.2011,0.0079,0.0445,0.0169,0.0095,0.0288,0.0730,0.0204
2529,H03418,-68.6409,3.8657,0.1000,Colombia,5.3921,17.6030,99.2590,41.4643,0.4912,0.9519,0.9155,0.2321,0.4130,0.0069,0.1705,0.4911,0.0481,0.0842,0.2011,0.0786,0.0744,0.0003,0.0069,0.0186,0.0104,0.0118
2530,H02528,-71.4909,0.4882,0.1000,Colombia,4.0532,26.2780,19.7404,30.9604,0.8900,0.6893,0.8578,0.0089,0.1237,0.8025,0.3806,0.8900,0.3108,0.1419,0.1981,0.0030,0.0223,0.0362,0.0155,0.0337,0.0674,0.0200
2531,H03535,-68.0409,6.1173,0.1000,Colombia,4.7781,23.0992,63.0780,46.7828,0.6219,0.7002,0.9755,0.1297,0.2297,0.3689,0.0640,0.6218,0.2999,0.0242,0.1965,0.0439,0.0414,0.0166,0.0026,0.0236,0.0651,0.0034
2532,H00977,-74.9409,4.0389,0.1000,Colombia,4.3086,15.1337,5.8537,21.8176,0.0350,0.9702,0.8814,0.0514,0.4953,0.9415,0.5636,0.0348,0.0297,0.1183,0.1964,0.0174,0.0892,0.0425,0.0229,0.0013,0.0065,0.0167
2533,H02167,-72.3909,-0.0315,0.1000,Colombia,4.7576,17.8813,46.0566,36.9709,0.7333,0.9377,0.9722,0.1263,0.4037,0.5392,0.2604,0.7333,0.0622,0.0275,0.1955,0.0428,0.0727,0.0243,0.0106,0.0278,0.0135,0.0039
2534,H00190,-77.1909,7.7628,0.1000,Colombia,4.5586,29.0917,19.6234,47.2595,0.2184,0.7878,0.5324,0.0931,0.0298,0.8037,0.0545,0.2183,0.2122,0.4674,0.1955,0.0315,0.0054,0.0362,0.0022,0.0083,0.0461,0.0658
2535,H02732,-71.0409,6.4637,0.1000,Colombia,4.3471,29.4002,48.4266,24.0954,0.3525,0.6476,0.7309,0.0578,0.0196,0.5155,0.5180,0.3523,0.3526,0.2689,0.1951,0.0196,0.0035,0.0232,0.0211,0.0133,0.0765,0.0379
2536,H01067,-74.7909,8.2824,0.1000,Colombia,4.6628,28.2617,64.4423,10.1577,0.7098,0.6827,0.9828,0.1105,0.0575,0.3553,0.7969,0.7098,0.3174,0.0169,0.1943,0.0374,0.0103,0.0160,0.0324,0.0269,0.0689,0.0024
2537,H02008,-72.8409,8.7154,0.1000,Colombia,4.3922,22.8010,49.6219,26.3757,0.7294,0.7962,0.8917,0.0654,0.2396,0.5036,0.4724,0.7294,0.2039,0.1080,0.1943,0.0221,0.0431,0.0227,0.0192,0.0276,0.0442,0.0152
2538,H00099,-77.4909,3.2594,0.1000,Colombia,4.6473,29.7033,57.3492,16.9747,0.0416,0.8815,0.4189,0.1079,0.0095,0.4262,0.6605,0.0414,0.1185,0.5810,0.1934,0.0365,0.0017,0.0192,0.0268,0.0016,0.0257,0.0818
2539,H00592,-75.9909,8.6288,0.1000,Colombia,5.0913,16.2412,41.1852,46.5212,0.0840,0.9977,0.8883,0.1819,0.4584,0.5880,0.0693,0.0838,0.0022,0.1114,0.1928,0.0616,0.0825,0.0265,0.0028,0.0032,0.0005,0.0157
2540,H01391,-74.0409,5.0781,0.1000,Colombia,4.4410,23.3040,18.0000,38.5905,0.6621,0.8851,0.7892,0.0735,0.2229,0.8200,0.2280,0.6621,0.1149,0.2105,0.1909,0.0249,0.0401,0.0370,0.0093,0.0251,0.0249,0.0296
2541,H01194,-74.4909,7.2432,0.1000,Colombia,4.2745,25.7894,13.0341,10.3421,0.7291,0.7677,0.9968,0.0457,0.1400,0.8696,0.7932,0.7291,0.2323,0.0028,0.1906,0.0155,0.0252,0.0392,0.0323,0.0276,0.0504,0.0004
2542,H03313,-69.2409,3.3460,0.1000,Colombia,4.0502,20.9421,76.7278,43.0364,0.1851,0.5202,0.9661,0.0084,0.3016,0.2324,0.1390,0.1849,0.4801,0.0336,0.1892,0.0028,0.0543,0.0105,0.0056,0.0070,0.1042,0.0047
2543,H00689,-75.6909,6.8967,0.1000,Colombia,5.1223,24.8532,41.0961,19.6479,0.1137,0.8842,0.8990,0.1871,0.1712,0.5889,0.6070,0.1134,0.1158,0.1007,0.1890,0.0633,0.0308,0.0266,0.0247,0.0043,0.0251,0.0142
2544,H03409,-68.6409,2.3068,0.1000,Colombia,4.2421,18.1141,26.5544,40.8564,0.4063,0.8946,0.8554,0.0404,0.3959,0.7344,0.1826,0.4062,0.1054,0.1443,0.1841,0.0137,0.0713,0.0331,0.0074,0.0154,0.0229,0.0203
2545,H01693,-73.4409,6.9833,0.1000,Colombia,4.8782,26.6227,82.8043,12.7616,0.2975,0.7620,0.9166,0.1464,0.1122,0.1716,0.7448,0.2974,0.2381,0.0831,0.1824,0.0496,0.0202,0.0077,0.0303,0.0113,0.0517,0.0117
2546,H01416,-74.0409,9.4082,0.1000,Colombia,4.2361,15.9741,44.0121,20.5521,0.1679,0.9815,0.8284,0.0393,0.4673,0.5597,0.5889,0.1677,0.0184,0.1714,0.1811,0.0133,0.0841,0.0252,0.0239,0.0063,0.0040,0.0241
2547,H02510,-71.6409,12.1795,0.1000,Colombia,4.3747,23.6017,0.9345,36.2316,0.2948,0.8851,0.7925,0.0625,0.2129,0.9907,0.2752,0.2946,0.1149,0.2072,0.1806,0.0212,0.0383,0.0447,0.0112,0.0112,0.0249,0.0292
2548,H00407,-76.4409,2.9996,0.1000,Colombia,4.0650,20.1715,62.3314,44.8519,0.4147,0.8819,0.6108,0.0108,0.3273,0.3764,0.1027,0.4146,0.1181,0.3890,0.1798,0.0037,0.0589,0.0170,0.0042,0.0157,0.0256,0.0548
2549,H01758,-73.2909,5.1647,0.1000,Colombia,4.6584,23.4534,81.7985,19.4214,0.9806,0.9714,0.8181,0.1098,0.2179,0.1816,0.6115,0.9807,0.0285,0.1816,0.1783,0.0372,0.0392,0.0082,0.0249,0.0372,0.0062,0.0256
2550,H03551,-67.8909,4.2987,0.1000,Colombia,4.8229,25.7924,50.2403,46.3356,0.9908,0.8287,0.9720,0.1372,0.1399,0.4974,0.0730,0.9908,0.1714,0.0277,0.1757,0.0464,0.0252,0.0224,0.0030,0.0375,0.0372,0.0039
2551,H03523,-68.0409,4.0389,0.1000,Colombia,4.6059,20.0716,65.1336,48.1038,0.1868,0.9762,0.6333,0.1010,0.3307,0.3484,0.0376,0.1866,0.0237,0.3665,0.1748,0.0342,0.0595,0.0157,0.0015,0.0071,0.0051,0.0516
2552,H02349,-71.9409,-0.4645,0.1000,Colombia,4.0608,14.5163,22.1123,27.9341,0.0707,0.9266,0.9578,0.0101,0.5159,0.7788,0.4412,0.0704,0.0733,0.0419,0.1738,0.0034,0.0929,0.0351,0.0179,0.0027,0.0159,0.0059
2553,H02829,-70.7409,4.5585,0.1000,Colombia,4.1750,17.8583,31.6717,48.6130,0.5471,0.8606,0.9416,0.0292,0.4045,0.6832,0.0274,0.5470,0.1394,0.0580,0.1738,0.0099,0.0728,0.0308,0.0011,0.0207,0.0302,0.0082
2554,H01049,-74.7909,5.1647,0.1000,Colombia,4.1276,24.8869,2.6447,16.8482,0.1861,0.8288,0.8692,0.0213,0.1701,0.9736,0.6630,0.1859,0.1713,0.1305,0.1713,0.0072,0.0306,0.0439,0.0270,0.0070,0.0372,0.0184
2555,H01725,-73.2909,-0.5511,0.1000,Colombia,4.3738,24.3205,32.2684,48.3660,0.6838,0.9465,0.7024,0.0623,0.1890,0.6772,0.0324,0.6837,0.0534,0.2974,0.1663,0.0211,0.0340,0.0305,0.0013,0.0259,0.0116,0.0419
2556,H01013,-74.9409,10.2742,0.1000,Colombia,4.2366,19.3718,41.1748,39.6109,0.0695,0.7925,0.9969,0.0394,0.3540,0.5881,0.2076,0.0693,0.2076,0.0027,0.1601,0.0133,0.0637,0.0265,0.0084,0.0026,0.0451,0.0004
2557,H03210,-69.6909,0.8346,0.1000,Colombia,4.9622,24.3331,69.3741,42.3605,0.0187,0.9121,0.7982,0.1604,0.1885,0.3059,0.1525,0.0185,0.0879,0.2015,0.1564,0.0543,0.0339,0.0138,0.0062,0.0007,0.0191,0.0284
2558,H02818,-70.7409,2.6532,0.1000,Colombia,4.0542,15.4558,75.7151,34.3887,0.1210,0.9180,0.8661,0.0090,0.4846,0.2425,0.3121,0.1208,0.0819,0.1336,0.1551,0.0031,0.0872,0.0109,0.0127,0.0046,0.0178,0.0188
2559,H02858,-70.5909,-0.0315,0.1000,Colombia,4.2161,29.0683,75.7296,24.9702,0.8978,0.7173,0.9343,0.0360,0.0306,0.2423,0.5005,0.8978,0.2828,0.0654,0.1536,0.0122,0.0055,0.0109,0.0204,0.0340,0.0614,0.0092
2560,H01291,-74.1909,0.1417,0.1000,Colombia,4.7963,28.9750,42.4389,38.1428,0.8259,0.9581,0.8201,0.1327,0.0337,0.5754,0.2369,0.8259,0.0418,0.1796,0.1522,0.0449,0.0061,0.0259,0.0096,0.0313,0.0091,0.0253
2561,H02902,-70.4409,-2.3697,0.1000,Colombia,4.0001,21.8149,62.3946,33.9213,0.9181,0.9000,0.9000,0.0000,0.2725,0.3758,0.3214,0.9181,0.1000,0.0997,0.1496,0.0000,0.0491,0.0169,0.0131,0.0348,0.0217,0.0140
2562,H02533,-71.4909,1.3542,0.1000,Colombia,4.0859,18.7527,94.7477,31.7227,0.0929,0.8297,0.8611,0.0143,0.3746,0.0521,0.3654,0.0927,0.1703,0.1386,0.1495,0.0048,0.0674,0.0024,0.0149,0.0035,0.0370,0.0195
2563,H03233,-69.6909,5.5111,0.1000,Colombia,4.3464,17.9703,91.1454,16.2990,0.3598,0.9479,0.9927,0.0577,0.4007,0.0881,0.6740,0.3597,0.0521,0.0070,0.1490,0.0195,0.0722,0.0040,0.0274,0.0136,0.0113,0.0010
2564,H00722,-75.5409,3.1728,0.1000,Colombia,4.3990,27.0721,60.3014,24.7730,0.7747,0.8901,0.8897,0.0665,0.0972,0.3967,0.5045,0.7747,0.1099,0.1100,0.1471,0.0225,0.0175,0.0179,0.0205,0.0293,0.0238,0.0155
2565,H01723,-73.2909,-0.8975,0.1000,Colombia,4.6063,27.2879,56.4819,29.0754,0.2804,0.8623,0.9113,0.1011,0.0900,0.4349,0.4184,0.2803,0.1377,0.0884,0.1400,0.0342,0.0162,0.0196,0.0170,0.0106,0.0299,0.0124
2566,H03215,-69.6909,2.3934,0.1000,Colombia,4.7053,27.9463,71.6093,38.5245,0.5684,0.9568,0.7691,0.1176,0.0680,0.2836,0.2293,0.5683,0.0432,0.2306,0.1375,0.0398,0.0122,0.0128,0.0093,0.0215,0.0094,0.0325
2567,H02182,-72.3909,2.5666,0.1000,Colombia,4.1991,29.3231,75.3938,10.0426,0.8453,0.9482,0.7925,0.0332,0.0221,0.2457,0.7992,0.8454,0.0517,0.2072,0.1312,0.0112,0.0040,0.0111,0.0325,0.0320,0.0112,0.0292
2568,H01422,-74.0409,10.4474,0.1000,Colombia,4.2494,29.0946,22.7778,18.1623,0.3141,0.9146,0.8648,0.0416,0.0298,0.7721,0.6367,0.3139,0.0854,0.1349,0.1296,0.0141,0.0054,0.0348,0.0259,0.0119,0.0185,0.0190
2569,H00856,-75.2409,5.2513,0.1000,Colombia,4.2193,29.7460,95.0606,24.7755,0.0216,0.9218,0.9404,0.0365,0.0080,0.0489,0.5044,0.0214,0.0781,0.0593,0.0626,0.0124,0.0014,0.0022,0.0205,0.0008,0.0169,0.0083
